id,code,name,institution_id/id
edu_career_140332361_812015,812015,Cosmética Dermatológica,al_hr_pe.edu_inst_140332361
edu_career_140337915_331095,331095,Administración De Empresas,al_hr_pe.edu_inst_140337915
edu_career_140337915_337025,337025,Secretariado Ejecutivo,al_hr_pe.edu_inst_140337915
edu_career_140337915_342025,342025,Contabilidad,al_hr_pe.edu_inst_140337915
edu_career_140337915_441095,441095,Computación E Informática,al_hr_pe.edu_inst_140337915
edu_career_140337931_222095,222095,Diseño De Interiores,al_hr_pe.edu_inst_140337931
edu_career_140337931_222165,222165,Diseño Publicitario,al_hr_pe.edu_inst_140337931
edu_career_140337931_321025,321025,Comunicación Audiovisual,al_hr_pe.edu_inst_140337931
edu_career_140337931_528015,528015,Diseño De Modas,al_hr_pe.edu_inst_140337931
edu_career_140359729_342025,342025,Contabilidad,al_hr_pe.edu_inst_140359729
edu_career_140359729_422025,422025,Química Industrial,al_hr_pe.edu_inst_140359729
edu_career_140359729_441095,441095,Computación E Informática,al_hr_pe.edu_inst_140359729
edu_career_140359729_524035,524035,Electrotécnia Industrial,al_hr_pe.edu_inst_140359729
edu_career_140359729_525065,525065,Electrónica Industrial,al_hr_pe.edu_inst_140359729
edu_career_140359729_526165,526165,Mecánica Automotriz,al_hr_pe.edu_inst_140359729
edu_career_140359729_526185,526185,Mecánica De Producción,al_hr_pe.edu_inst_140359729
edu_career_140359729_527055,527055,Metalurgia,al_hr_pe.edu_inst_140359729
edu_career_140359729_527065,527065,Modelería Y Fundición,al_hr_pe.edu_inst_140359729
edu_career_140359729_714035,714035,Enfermería Técnica,al_hr_pe.edu_inst_140359729
edu_career_140450114_441095,441095,Computación E Informática,al_hr_pe.edu_inst_140450114
edu_career_140450114_524035,524035,Electrotécnia Industrial,al_hr_pe.edu_inst_140450114
edu_career_140450114_525065,525065,Electrónica Industrial,al_hr_pe.edu_inst_140450114
edu_career_140450114_526165,526165,Mecánica Automotriz,al_hr_pe.edu_inst_140450114
edu_career_140450114_526185,526185,Mecánica De Producción,al_hr_pe.edu_inst_140450114
edu_career_140450114_527055,527055,Metalurgia,al_hr_pe.edu_inst_140450114
edu_career_140450114_531025,531025,Construcción Civil,al_hr_pe.edu_inst_140450114
edu_career_140478412_222125,222125,Diseño Gráfico,al_hr_pe.edu_inst_140478412
edu_career_140478412_222165,222165,Diseño Publicitario,al_hr_pe.edu_inst_140478412
edu_career_140478412_331095,331095,Administración De Empresas,al_hr_pe.edu_inst_140478412
edu_career_140478412_337025,337025,Secretariado Ejecutivo,al_hr_pe.edu_inst_140478412
edu_career_140478412_342025,342025,Contabilidad,al_hr_pe.edu_inst_140478412
edu_career_140478412_441095,441095,Computación E Informática,al_hr_pe.edu_inst_140478412
edu_career_140478412_526165,526165,Mecánica Automotriz,al_hr_pe.edu_inst_140478412
edu_career_140478412_526185,526185,Mecánica De Producción,al_hr_pe.edu_inst_140478412
edu_career_140478412_531025,531025,Construcción Civil,al_hr_pe.edu_inst_140478412
edu_career_140479048_337025,337025,Secretariado Ejecutivo,al_hr_pe.edu_inst_140479048
edu_career_140479048_342025,342025,Contabilidad,al_hr_pe.edu_inst_140479048
edu_career_140479048_441095,441095,Computación E Informática,al_hr_pe.edu_inst_140479048
edu_career_140479048_522025,522025,Industrias Alimentarias,al_hr_pe.edu_inst_140479048
edu_career_140479048_526185,526185,Mecánica De Producción,al_hr_pe.edu_inst_140479048
edu_career_140479048_611115,611115,Producción Agropecuaria,al_hr_pe.edu_inst_140479048
edu_career_140479048_714035,714035,Enfermería Técnica,al_hr_pe.edu_inst_140479048
edu_career_140479048_716015,716015,Farmacia,al_hr_pe.edu_inst_140479048
edu_career_140481085_337025,337025,Secretariado Ejecutivo,al_hr_pe.edu_inst_140481085
edu_career_140481085_342025,342025,Contabilidad,al_hr_pe.edu_inst_140481085
edu_career_140481085_441095,441095,Computación E Informática,al_hr_pe.edu_inst_140481085
edu_career_140481085_524035,524035,Electrotécnia Industrial,al_hr_pe.edu_inst_140481085
edu_career_140481085_525065,525065,Electrónica Industrial,al_hr_pe.edu_inst_140481085
edu_career_140481085_526165,526165,Mecánica Automotriz,al_hr_pe.edu_inst_140481085
edu_career_140481085_526185,526185,Mecánica De Producción,al_hr_pe.edu_inst_140481085
edu_career_140481085_531025,531025,Construcción Civil,al_hr_pe.edu_inst_140481085
edu_career_140481085_611115,611115,Producción Agropecuaria,al_hr_pe.edu_inst_140481085
edu_career_140481093_337025,337025,Secretariado Ejecutivo,al_hr_pe.edu_inst_140481093
edu_career_140481093_342025,342025,Contabilidad,al_hr_pe.edu_inst_140481093
edu_career_140481093_441095,441095,Computación E Informática,al_hr_pe.edu_inst_140481093
edu_career_140481093_524035,524035,Electrotécnia Industrial,al_hr_pe.edu_inst_140481093
edu_career_140481093_526165,526165,Mecánica Automotriz,al_hr_pe.edu_inst_140481093
edu_career_140481093_526185,526185,Mecánica De Producción,al_hr_pe.edu_inst_140481093
edu_career_140481093_527055,527055,Metalurgia,al_hr_pe.edu_inst_140481093
edu_career_140481093_531025,531025,Construcción Civil,al_hr_pe.edu_inst_140481093
edu_career_140481093_611115,611115,Producción Agropecuaria,al_hr_pe.edu_inst_140481093
edu_career_140481093_714035,714035,Enfermería Técnica,al_hr_pe.edu_inst_140481093
edu_career_140481093_716015,716015,Farmacia,al_hr_pe.edu_inst_140481093
edu_career_140481093_811055,811055,Guía Oficial De Turismo,al_hr_pe.edu_inst_140481093
edu_career_140481127_332065,332065,Administración De Servicios De Hostelería,al_hr_pe.edu_inst_140481127
edu_career_140481127_342025,342025,Contabilidad,al_hr_pe.edu_inst_140481127
edu_career_140481127_441095,441095,Computación E Informática,al_hr_pe.edu_inst_140481127
edu_career_140481127_524035,524035,Electrotécnia Industrial,al_hr_pe.edu_inst_140481127
edu_career_140481127_525065,525065,Electrónica Industrial,al_hr_pe.edu_inst_140481127
edu_career_140481127_526165,526165,Mecánica Automotriz,al_hr_pe.edu_inst_140481127
edu_career_140481127_526185,526185,Mecánica De Producción,al_hr_pe.edu_inst_140481127
edu_career_140481127_714035,714035,Enfermería Técnica,al_hr_pe.edu_inst_140481127
edu_career_140481127_715025,715025,Laboratorio Clínico,al_hr_pe.edu_inst_140481127
edu_career_140481127_811055,811055,Guía Oficial De Turismo,al_hr_pe.edu_inst_140481127
edu_career_140481143_337025,337025,Secretariado Ejecutivo,al_hr_pe.edu_inst_140481143
edu_career_140481143_342025,342025,Contabilidad,al_hr_pe.edu_inst_140481143
edu_career_140481143_524035,524035,Electrotécnia Industrial,al_hr_pe.edu_inst_140481143
edu_career_140481143_526165,526165,Mecánica Automotriz,al_hr_pe.edu_inst_140481143
edu_career_140481143_526185,526185,Mecánica De Producción,al_hr_pe.edu_inst_140481143
edu_career_140481143_531025,531025,Construcción Civil,al_hr_pe.edu_inst_140481143
edu_career_140481143_611115,611115,Producción Agropecuaria,al_hr_pe.edu_inst_140481143
edu_career_140481218_332065,332065,Administración De Servicios De Hostelería,al_hr_pe.edu_inst_140481218
edu_career_140481218_342025,342025,Contabilidad,al_hr_pe.edu_inst_140481218
edu_career_140481218_441095,441095,Computación E Informática,al_hr_pe.edu_inst_140481218
edu_career_140481218_524035,524035,Electrotécnia Industrial,al_hr_pe.edu_inst_140481218
edu_career_140481218_525065,525065,Electrónica Industrial,al_hr_pe.edu_inst_140481218
edu_career_140481218_526165,526165,Mecánica Automotriz,al_hr_pe.edu_inst_140481218
edu_career_140481218_526185,526185,Mecánica De Producción,al_hr_pe.edu_inst_140481218
edu_career_140481218_531025,531025,Construcción Civil,al_hr_pe.edu_inst_140481218
edu_career_140481218_611115,611115,Producción Agropecuaria,al_hr_pe.edu_inst_140481218
edu_career_140481218_811055,811055,Guía Oficial De Turismo,al_hr_pe.edu_inst_140481218
edu_career_140481226_337025,337025,Secretariado Ejecutivo,al_hr_pe.edu_inst_140481226
edu_career_140481226_342025,342025,Contabilidad,al_hr_pe.edu_inst_140481226
edu_career_140481226_441095,441095,Computación E Informática,al_hr_pe.edu_inst_140481226
edu_career_140481226_526165,526165,Mecánica Automotriz,al_hr_pe.edu_inst_140481226
edu_career_140481226_526185,526185,Mecánica De Producción,al_hr_pe.edu_inst_140481226
edu_career_140481226_527025,527025,Explotación Minera,al_hr_pe.edu_inst_140481226
edu_career_140481226_713015,713015,Prótesis Dental,al_hr_pe.edu_inst_140481226
edu_career_140481226_714035,714035,Enfermería Técnica,al_hr_pe.edu_inst_140481226
edu_career_140481226_715025,715025,Laboratorio Clínico,al_hr_pe.edu_inst_140481226
edu_career_140508473_342025,342025,Contabilidad,al_hr_pe.edu_inst_140508473
edu_career_140508473_441095,441095,Computación E Informática,al_hr_pe.edu_inst_140508473
edu_career_140508473_526185,526185,Mecánica De Producción,al_hr_pe.edu_inst_140508473
edu_career_140508473_531025,531025,Construcción Civil,al_hr_pe.edu_inst_140508473
edu_career_140508473_611115,611115,Producción Agropecuaria,al_hr_pe.edu_inst_140508473
edu_career_140508473_714035,714035,Enfermería Técnica,al_hr_pe.edu_inst_140508473
edu_career_140508473_811055,811055,Guía Oficial De Turismo,al_hr_pe.edu_inst_140508473
edu_career_140510784_331095,331095,Administración De Empresas,al_hr_pe.edu_inst_140510784
edu_career_140510784_337025,337025,Secretariado Ejecutivo,al_hr_pe.edu_inst_140510784
edu_career_140510784_342025,342025,Contabilidad,al_hr_pe.edu_inst_140510784
edu_career_140510784_441095,441095,Computación E Informática,al_hr_pe.edu_inst_140510784
edu_career_140510784_525065,525065,Electrónica Industrial,al_hr_pe.edu_inst_140510784
edu_career_140510784_526165,526165,Mecánica Automotriz,al_hr_pe.edu_inst_140510784
edu_career_140510784_526185,526185,Mecánica De Producción,al_hr_pe.edu_inst_140510784
edu_career_140510784_531025,531025,Construcción Civil,al_hr_pe.edu_inst_140510784
edu_career_140510784_714035,714035,Enfermería Técnica,al_hr_pe.edu_inst_140510784
edu_career_140510784_715025,715025,Laboratorio Clínico,al_hr_pe.edu_inst_140510784
edu_career_140510784_716015,716015,Farmacia,al_hr_pe.edu_inst_140510784
edu_career_140510784_811055,811055,Guía Oficial De Turismo,al_hr_pe.edu_inst_140510784
edu_career_140517664_332125,332125,Gastronomía Y Arte Culinario,al_hr_pe.edu_inst_140517664
edu_career_140517664_342025,342025,Contabilidad,al_hr_pe.edu_inst_140517664
edu_career_140517664_441095,441095,Computación E Informática,al_hr_pe.edu_inst_140517664
edu_career_140517664_522025,522025,Industrias Alimentarias,al_hr_pe.edu_inst_140517664
edu_career_140517664_524035,524035,Electrotécnia Industrial,al_hr_pe.edu_inst_140517664
edu_career_140517664_525065,525065,Electrónica Industrial,al_hr_pe.edu_inst_140517664
edu_career_140517664_531025,531025,Construcción Civil,al_hr_pe.edu_inst_140517664
edu_career_140517664_611115,611115,Producción Agropecuaria,al_hr_pe.edu_inst_140517664
edu_career_140517664_714035,714035,Enfermería Técnica,al_hr_pe.edu_inst_140517664
edu_career_140520197_441095,441095,Computación E Informática,al_hr_pe.edu_inst_140520197
edu_career_140520197_611115,611115,Producción Agropecuaria,al_hr_pe.edu_inst_140520197
edu_career_140521682_342025,342025,Contabilidad,al_hr_pe.edu_inst_140521682
edu_career_140521682_441095,441095,Computación E Informática,al_hr_pe.edu_inst_140521682
edu_career_140521682_524035,524035,Electrotécnia Industrial,al_hr_pe.edu_inst_140521682
edu_career_140521682_525065,525065,Electrónica Industrial,al_hr_pe.edu_inst_140521682
edu_career_140521682_526155,526155,Mecánica Agrícola,al_hr_pe.edu_inst_140521682
edu_career_140521682_526165,526165,Mecánica Automotriz,al_hr_pe.edu_inst_140521682
edu_career_140521682_526185,526185,Mecánica De Producción,al_hr_pe.edu_inst_140521682
edu_career_140521682_531025,531025,Construcción Civil,al_hr_pe.edu_inst_140521682
edu_career_140521682_611115,611115,Producción Agropecuaria,al_hr_pe.edu_inst_140521682
edu_career_140521682_612015,612015,Administración De Recursos Forestales,al_hr_pe.edu_inst_140521682
edu_career_140532226_611115,611115,Producción Agropecuaria,al_hr_pe.edu_inst_140532226
edu_career_140532226_714035,714035,Enfermería Técnica,al_hr_pe.edu_inst_140532226
edu_career_140551317_337025,337025,Secretariado Ejecutivo,al_hr_pe.edu_inst_140551317
edu_career_140551317_342025,342025,Contabilidad,al_hr_pe.edu_inst_140551317
edu_career_140551317_441095,441095,Computación E Informática,al_hr_pe.edu_inst_140551317
edu_career_140551317_524035,524035,Electrotécnia Industrial,al_hr_pe.edu_inst_140551317
edu_career_140551317_525065,525065,Electrónica Industrial,al_hr_pe.edu_inst_140551317
edu_career_140551317_526165,526165,Mecánica Automotriz,al_hr_pe.edu_inst_140551317
edu_career_140551317_526185,526185,Mecánica De Producción,al_hr_pe.edu_inst_140551317
edu_career_140551317_531025,531025,Construcción Civil,al_hr_pe.edu_inst_140551317
edu_career_140551317_611115,611115,Producción Agropecuaria,al_hr_pe.edu_inst_140551317
edu_career_140560615_522025,522025,Industrias Alimentarias,al_hr_pe.edu_inst_140560615
edu_career_140560615_611115,611115,Producción Agropecuaria,al_hr_pe.edu_inst_140560615
edu_career_140560615_612015,612015,Administración De Recursos Forestales,al_hr_pe.edu_inst_140560615
edu_career_140560615_714035,714035,Enfermería Técnica,al_hr_pe.edu_inst_140560615
edu_career_140563460_332025,332025,Administración De Empresas Turísticas Y Hoteleras,al_hr_pe.edu_inst_140563460
edu_career_140563460_337025,337025,Secretariado Ejecutivo,al_hr_pe.edu_inst_140563460
edu_career_140563460_342025,342025,Contabilidad,al_hr_pe.edu_inst_140563460
edu_career_140563460_441095,441095,Computación E Informática,al_hr_pe.edu_inst_140563460
edu_career_140563460_611115,611115,Producción Agropecuaria,al_hr_pe.edu_inst_140563460
edu_career_140563460_714035,714035,Enfermería Técnica,al_hr_pe.edu_inst_140563460
edu_career_140563619_331095,331095,Administración De Empresas,al_hr_pe.edu_inst_140563619
edu_career_140563619_337025,337025,Secretariado Ejecutivo,al_hr_pe.edu_inst_140563619
edu_career_140563619_342025,342025,Contabilidad,al_hr_pe.edu_inst_140563619
edu_career_140563619_422035,422035,Tecnología De Análisis Químico,al_hr_pe.edu_inst_140563619
edu_career_140563619_522025,522025,Industrias Alimentarias,al_hr_pe.edu_inst_140563619
edu_career_140563619_524035,524035,Electrotécnia Industrial,al_hr_pe.edu_inst_140563619
edu_career_140563619_525065,525065,Electrónica Industrial,al_hr_pe.edu_inst_140563619
edu_career_140563619_525095,525095,Sistemas Automáticos Programables,al_hr_pe.edu_inst_140563619
edu_career_140563619_526165,526165,Mecánica Automotriz,al_hr_pe.edu_inst_140563619
edu_career_140563619_526185,526185,Mecánica De Producción,al_hr_pe.edu_inst_140563619
edu_career_140563619_611115,611115,Producción Agropecuaria,al_hr_pe.edu_inst_140563619
edu_career_140567313_342025,342025,Contabilidad,al_hr_pe.edu_inst_140567313
edu_career_140567313_441095,441095,Computación E Informática,al_hr_pe.edu_inst_140567313
edu_career_140567313_524035,524035,Electrotécnia Industrial,al_hr_pe.edu_inst_140567313
edu_career_140567313_525065,525065,Electrónica Industrial,al_hr_pe.edu_inst_140567313
edu_career_140567313_526165,526165,Mecánica Automotriz,al_hr_pe.edu_inst_140567313
edu_career_140567313_526185,526185,Mecánica De Producción,al_hr_pe.edu_inst_140567313
edu_career_140567313_531025,531025,Construcción Civil,al_hr_pe.edu_inst_140567313
edu_career_140568154_337025,337025,Secretariado Ejecutivo,al_hr_pe.edu_inst_140568154
edu_career_140568154_441095,441095,Computación E Informática,al_hr_pe.edu_inst_140568154
edu_career_140568154_525065,525065,Electrónica Industrial,al_hr_pe.edu_inst_140568154
edu_career_140568154_526165,526165,Mecánica Automotriz,al_hr_pe.edu_inst_140568154
edu_career_140568154_611115,611115,Producción Agropecuaria,al_hr_pe.edu_inst_140568154
edu_career_140568154_714035,714035,Enfermería Técnica,al_hr_pe.edu_inst_140568154
edu_career_140568154_715025,715025,Laboratorio Clínico,al_hr_pe.edu_inst_140568154
edu_career_140575746_337025,337025,Secretariado Ejecutivo,al_hr_pe.edu_inst_140575746
edu_career_140575746_441095,441095,Computación E Informática,al_hr_pe.edu_inst_140575746
edu_career_140575746_524035,524035,Electrotécnia Industrial,al_hr_pe.edu_inst_140575746
edu_career_140575746_525065,525065,Electrónica Industrial,al_hr_pe.edu_inst_140575746
edu_career_140575746_526165,526165,Mecánica Automotriz,al_hr_pe.edu_inst_140575746
edu_career_140575746_714035,714035,Enfermería Técnica,al_hr_pe.edu_inst_140575746
edu_career_140575746_716015,716015,Farmacia,al_hr_pe.edu_inst_140575746
edu_career_140575746_717015,717015,Obstetricia,al_hr_pe.edu_inst_140575746
edu_career_140575746_811055,811055,Guía Oficial De Turismo,al_hr_pe.edu_inst_140575746
edu_career_140584672_332065,332065,Administración De Servicios De Hostelería,al_hr_pe.edu_inst_140584672
edu_career_140584672_342025,342025,Contabilidad,al_hr_pe.edu_inst_140584672
edu_career_140584672_441095,441095,Computación E Informática,al_hr_pe.edu_inst_140584672
edu_career_140584672_524035,524035,Electrotécnia Industrial,al_hr_pe.edu_inst_140584672
edu_career_140584672_525065,525065,Electrónica Industrial,al_hr_pe.edu_inst_140584672
edu_career_140584672_526165,526165,Mecánica Automotriz,al_hr_pe.edu_inst_140584672
edu_career_140584672_611115,611115,Producción Agropecuaria,al_hr_pe.edu_inst_140584672
edu_career_140584672_714035,714035,Enfermería Técnica,al_hr_pe.edu_inst_140584672
edu_career_140584672_716015,716015,Farmacia,al_hr_pe.edu_inst_140584672
edu_career_140584672_811055,811055,Guía Oficial De Turismo,al_hr_pe.edu_inst_140584672
edu_career_140584722_331095,331095,Administración De Empresas,al_hr_pe.edu_inst_140584722
edu_career_140584722_337025,337025,Secretariado Ejecutivo,al_hr_pe.edu_inst_140584722
edu_career_140584722_342025,342025,Contabilidad,al_hr_pe.edu_inst_140584722
edu_career_140584722_441095,441095,Computación E Informática,al_hr_pe.edu_inst_140584722
edu_career_140584722_525065,525065,Electrónica Industrial,al_hr_pe.edu_inst_140584722
edu_career_140584722_526165,526165,Mecánica Automotriz,al_hr_pe.edu_inst_140584722
edu_career_140584722_531025,531025,Construcción Civil,al_hr_pe.edu_inst_140584722
edu_career_140584722_611115,611115,Producción Agropecuaria,al_hr_pe.edu_inst_140584722
edu_career_140584722_612015,612015,Administración De Recursos Forestales,al_hr_pe.edu_inst_140584722
edu_career_140584722_714035,714035,Enfermería Técnica,al_hr_pe.edu_inst_140584722
edu_career_140584722_811055,811055,Guía Oficial De Turismo,al_hr_pe.edu_inst_140584722
edu_career_140586628_342025,342025,Contabilidad,al_hr_pe.edu_inst_140586628
edu_career_140586628_522025,522025,Industrias Alimentarias,al_hr_pe.edu_inst_140586628
edu_career_140586628_524035,524035,Electrotécnia Industrial,al_hr_pe.edu_inst_140586628
edu_career_140586628_526185,526185,Mecánica De Producción,al_hr_pe.edu_inst_140586628
edu_career_140586628_531025,531025,Construcción Civil,al_hr_pe.edu_inst_140586628
edu_career_140586628_714035,714035,Enfermería Técnica,al_hr_pe.edu_inst_140586628
edu_career_140586628_715025,715025,Laboratorio Clínico,al_hr_pe.edu_inst_140586628
edu_career_140586628_811055,811055,Guía Oficial De Turismo,al_hr_pe.edu_inst_140586628
edu_career_140588012_311035,311035,Relaciones Públicas,al_hr_pe.edu_inst_140588012
edu_career_140588012_332065,332065,Administración De Servicios De Hostelería,al_hr_pe.edu_inst_140588012
edu_career_140588012_337025,337025,Secretariado Ejecutivo,al_hr_pe.edu_inst_140588012
edu_career_140588012_342025,342025,Contabilidad,al_hr_pe.edu_inst_140588012
edu_career_140588012_441095,441095,Computación E Informática,al_hr_pe.edu_inst_140588012
edu_career_140588012_611115,611115,Producción Agropecuaria,al_hr_pe.edu_inst_140588012
edu_career_140588012_714035,714035,Enfermería Técnica,al_hr_pe.edu_inst_140588012
edu_career_140588012_715025,715025,Laboratorio Clínico,al_hr_pe.edu_inst_140588012
edu_career_140588012_811055,811055,Guía Oficial De Turismo,al_hr_pe.edu_inst_140588012
edu_career_140591941_342025,342025,Contabilidad,al_hr_pe.edu_inst_140591941
edu_career_140591941_441095,441095,Computación E Informática,al_hr_pe.edu_inst_140591941
edu_career_140591941_522025,522025,Industrias Alimentarias,al_hr_pe.edu_inst_140591941
edu_career_140591941_526165,526165,Mecánica Automotriz,al_hr_pe.edu_inst_140591941
edu_career_140591941_531025,531025,Construcción Civil,al_hr_pe.edu_inst_140591941
edu_career_140591941_611115,611115,Producción Agropecuaria,al_hr_pe.edu_inst_140591941
edu_career_140591941_714035,714035,Enfermería Técnica,al_hr_pe.edu_inst_140591941
edu_career_140591941_715025,715025,Laboratorio Clínico,al_hr_pe.edu_inst_140591941
edu_career_140597237_331095,331095,Administración De Empresas,al_hr_pe.edu_inst_140597237
edu_career_140597237_342025,342025,Contabilidad,al_hr_pe.edu_inst_140597237
edu_career_140597237_422035,422035,Tecnología De Análisis Químico,al_hr_pe.edu_inst_140597237
edu_career_140597237_441095,441095,Computación E Informática,al_hr_pe.edu_inst_140597237
edu_career_140597237_524035,524035,Electrotécnia Industrial,al_hr_pe.edu_inst_140597237
edu_career_140597237_531025,531025,Construcción Civil,al_hr_pe.edu_inst_140597237
edu_career_140597237_714035,714035,Enfermería Técnica,al_hr_pe.edu_inst_140597237
edu_career_140605717_342025,342025,Contabilidad,al_hr_pe.edu_inst_140605717
edu_career_140605717_441095,441095,Computación E Informática,al_hr_pe.edu_inst_140605717
edu_career_140605717_525065,525065,Electrónica Industrial,al_hr_pe.edu_inst_140605717
edu_career_140605717_526165,526165,Mecánica Automotriz,al_hr_pe.edu_inst_140605717
edu_career_140606475_524035,524035,Electrotécnia Industrial,al_hr_pe.edu_inst_140606475
edu_career_140606475_526165,526165,Mecánica Automotriz,al_hr_pe.edu_inst_140606475
edu_career_140606475_526185,526185,Mecánica De Producción,al_hr_pe.edu_inst_140606475
edu_career_140606475_611105,611105,Producción Agrícola,al_hr_pe.edu_inst_140606475
edu_career_140606475_714035,714035,Enfermería Técnica,al_hr_pe.edu_inst_140606475
edu_career_140606541_522025,522025,Industrias Alimentarias,al_hr_pe.edu_inst_140606541
edu_career_140606541_526165,526165,Mecánica Automotriz,al_hr_pe.edu_inst_140606541
edu_career_140606541_611115,611115,Producción Agropecuaria,al_hr_pe.edu_inst_140606541
edu_career_140606541_612015,612015,Administración De Recursos Forestales,al_hr_pe.edu_inst_140606541
edu_career_140622365_342025,342025,Contabilidad,al_hr_pe.edu_inst_140622365
edu_career_140622365_422025,422025,Química Industrial,al_hr_pe.edu_inst_140622365
edu_career_140622365_441095,441095,Computación E Informática,al_hr_pe.edu_inst_140622365
edu_career_140622365_524035,524035,Electrotécnia Industrial,al_hr_pe.edu_inst_140622365
edu_career_140622365_525065,525065,Electrónica Industrial,al_hr_pe.edu_inst_140622365
edu_career_140622365_526165,526165,Mecánica Automotriz,al_hr_pe.edu_inst_140622365
edu_career_140622365_526185,526185,Mecánica De Producción,al_hr_pe.edu_inst_140622365
edu_career_140622365_531025,531025,Construcción Civil,al_hr_pe.edu_inst_140622365
edu_career_140622860_337025,337025,Secretariado Ejecutivo,al_hr_pe.edu_inst_140622860
edu_career_140622860_342025,342025,Contabilidad,al_hr_pe.edu_inst_140622860
edu_career_140622860_441095,441095,Computación E Informática,al_hr_pe.edu_inst_140622860
edu_career_140622860_522025,522025,Industrias Alimentarias,al_hr_pe.edu_inst_140622860
edu_career_140622860_524035,524035,Electrotécnia Industrial,al_hr_pe.edu_inst_140622860
edu_career_140622860_526165,526165,Mecánica Automotriz,al_hr_pe.edu_inst_140622860
edu_career_140622860_526185,526185,Mecánica De Producción,al_hr_pe.edu_inst_140622860
edu_career_140622860_531025,531025,Construcción Civil,al_hr_pe.edu_inst_140622860
edu_career_140622860_611115,611115,Producción Agropecuaria,al_hr_pe.edu_inst_140622860
edu_career_140622860_714035,714035,Enfermería Técnica,al_hr_pe.edu_inst_140622860
edu_career_140623082_331095,331095,Administración De Empresas,al_hr_pe.edu_inst_140623082
edu_career_140623082_337025,337025,Secretariado Ejecutivo,al_hr_pe.edu_inst_140623082
edu_career_140623082_342025,342025,Contabilidad,al_hr_pe.edu_inst_140623082
edu_career_140623082_441095,441095,Computación E Informática,al_hr_pe.edu_inst_140623082
edu_career_140623082_524035,524035,Electrotécnia Industrial,al_hr_pe.edu_inst_140623082
edu_career_140623082_526165,526165,Mecánica Automotriz,al_hr_pe.edu_inst_140623082
edu_career_140623082_526185,526185,Mecánica De Producción,al_hr_pe.edu_inst_140623082
edu_career_140626192_331095,331095,Administración De Empresas,al_hr_pe.edu_inst_140626192
edu_career_140626192_342025,342025,Contabilidad,al_hr_pe.edu_inst_140626192
edu_career_140626192_441095,441095,Computación E Informática,al_hr_pe.edu_inst_140626192
edu_career_140626192_524035,524035,Electrotécnia Industrial,al_hr_pe.edu_inst_140626192
edu_career_140626192_525065,525065,Electrónica Industrial,al_hr_pe.edu_inst_140626192
edu_career_140626192_526165,526165,Mecánica Automotriz,al_hr_pe.edu_inst_140626192
edu_career_140626192_526185,526185,Mecánica De Producción,al_hr_pe.edu_inst_140626192
edu_career_140626192_714035,714035,Enfermería Técnica,al_hr_pe.edu_inst_140626192
edu_career_140630467_331095,331095,Administración De Empresas,al_hr_pe.edu_inst_140630467
edu_career_140630467_441095,441095,Computación E Informática,al_hr_pe.edu_inst_140630467
edu_career_140630467_591035,591035,Tecnología Pesquera,al_hr_pe.edu_inst_140630467
edu_career_140630467_611115,611115,Producción Agropecuaria,al_hr_pe.edu_inst_140630467
edu_career_140630467_714035,714035,Enfermería Técnica,al_hr_pe.edu_inst_140630467
edu_career_140635995_337025,337025,Secretariado Ejecutivo,al_hr_pe.edu_inst_140635995
edu_career_140635995_342025,342025,Contabilidad,al_hr_pe.edu_inst_140635995
edu_career_140635995_422025,422025,Química Industrial,al_hr_pe.edu_inst_140635995
edu_career_140635995_441095,441095,Computación E Informática,al_hr_pe.edu_inst_140635995
edu_career_140635995_524035,524035,Electrotécnia Industrial,al_hr_pe.edu_inst_140635995
edu_career_140635995_525065,525065,Electrónica Industrial,al_hr_pe.edu_inst_140635995
edu_career_140635995_526165,526165,Mecánica Automotriz,al_hr_pe.edu_inst_140635995
edu_career_140635995_526185,526185,Mecánica De Producción,al_hr_pe.edu_inst_140635995
edu_career_140635995_714035,714035,Enfermería Técnica,al_hr_pe.edu_inst_140635995
edu_career_140636050_441095,441095,Computación E Informática,al_hr_pe.edu_inst_140636050
edu_career_140636050_714035,714035,Enfermería Técnica,al_hr_pe.edu_inst_140636050
edu_career_140636050_715015,715015,Fisioterapia Y Rehabilitación,al_hr_pe.edu_inst_140636050
edu_career_140644013_342025,342025,Contabilidad,al_hr_pe.edu_inst_140644013
edu_career_140644013_441095,441095,Computación E Informática,al_hr_pe.edu_inst_140644013
edu_career_140644013_611115,611115,Producción Agropecuaria,al_hr_pe.edu_inst_140644013
edu_career_140644013_714035,714035,Enfermería Técnica,al_hr_pe.edu_inst_140644013
edu_career_140653493_337025,337025,Secretariado Ejecutivo,al_hr_pe.edu_inst_140653493
edu_career_140653493_342025,342025,Contabilidad,al_hr_pe.edu_inst_140653493
edu_career_140653493_611115,611115,Producción Agropecuaria,al_hr_pe.edu_inst_140653493
edu_career_140659003_441095,441095,Computación E Informática,al_hr_pe.edu_inst_140659003
edu_career_140659003_531025,531025,Construcción Civil,al_hr_pe.edu_inst_140659003
edu_career_140659003_611115,611115,Producción Agropecuaria,al_hr_pe.edu_inst_140659003
edu_career_140659003_714035,714035,Enfermería Técnica,al_hr_pe.edu_inst_140659003
edu_career_140660936_342025,342025,Contabilidad,al_hr_pe.edu_inst_140660936
edu_career_140660936_441095,441095,Computación E Informática,al_hr_pe.edu_inst_140660936
edu_career_140660936_524035,524035,Electrotécnia Industrial,al_hr_pe.edu_inst_140660936
edu_career_140660936_526185,526185,Mecánica De Producción,al_hr_pe.edu_inst_140660936
edu_career_140665984_332045,332045,Administración De Hoteles Y Restaurantes,al_hr_pe.edu_inst_140665984
edu_career_140665984_337025,337025,Secretariado Ejecutivo,al_hr_pe.edu_inst_140665984
edu_career_140665984_441095,441095,Computación E Informática,al_hr_pe.edu_inst_140665984
edu_career_140665984_524035,524035,Electrotécnia Industrial,al_hr_pe.edu_inst_140665984
edu_career_140665984_526165,526165,Mecánica Automotriz,al_hr_pe.edu_inst_140665984
edu_career_140665984_526185,526185,Mecánica De Producción,al_hr_pe.edu_inst_140665984
edu_career_140665984_531025,531025,Construcción Civil,al_hr_pe.edu_inst_140665984
edu_career_140665984_611115,611115,Producción Agropecuaria,al_hr_pe.edu_inst_140665984
edu_career_140665984_714035,714035,Enfermería Técnica,al_hr_pe.edu_inst_140665984
edu_career_140665984_811055,811055,Guía Oficial De Turismo,al_hr_pe.edu_inst_140665984
edu_career_140669515_342025,342025,Contabilidad,al_hr_pe.edu_inst_140669515
edu_career_140669515_524035,524035,Electrotécnia Industrial,al_hr_pe.edu_inst_140669515
edu_career_140669515_526185,526185,Mecánica De Producción,al_hr_pe.edu_inst_140669515
edu_career_140669515_611115,611115,Producción Agropecuaria,al_hr_pe.edu_inst_140669515
edu_career_140669549_331095,331095,Administración De Empresas,al_hr_pe.edu_inst_140669549
edu_career_140669549_441095,441095,Computación E Informática,al_hr_pe.edu_inst_140669549
edu_career_140669549_611115,611115,Producción Agropecuaria,al_hr_pe.edu_inst_140669549
edu_career_140669549_714035,714035,Enfermería Técnica,al_hr_pe.edu_inst_140669549
edu_career_140671107_342025,342025,Contabilidad,al_hr_pe.edu_inst_140671107
edu_career_140671107_441095,441095,Computación E Informática,al_hr_pe.edu_inst_140671107
edu_career_140671107_522025,522025,Industrias Alimentarias,al_hr_pe.edu_inst_140671107
edu_career_140671107_611115,611115,Producción Agropecuaria,al_hr_pe.edu_inst_140671107
edu_career_140671107_714035,714035,Enfermería Técnica,al_hr_pe.edu_inst_140671107
edu_career_140671115_611115,611115,Producción Agropecuaria,al_hr_pe.edu_inst_140671115
edu_career_140671115_714035,714035,Enfermería Técnica,al_hr_pe.edu_inst_140671115
edu_career_140674614_611115,611115,Producción Agropecuaria,al_hr_pe.edu_inst_140674614
edu_career_140674614_714035,714035,Enfermería Técnica,al_hr_pe.edu_inst_140674614
edu_career_140674622_611115,611115,Producción Agropecuaria,al_hr_pe.edu_inst_140674622
edu_career_140674622_714035,714035,Enfermería Técnica,al_hr_pe.edu_inst_140674622
edu_career_140675850_342025,342025,Contabilidad,al_hr_pe.edu_inst_140675850
edu_career_140675850_441095,441095,Computación E Informática,al_hr_pe.edu_inst_140675850
edu_career_140675850_531025,531025,Construcción Civil,al_hr_pe.edu_inst_140675850
edu_career_140675850_611115,611115,Producción Agropecuaria,al_hr_pe.edu_inst_140675850
edu_career_140675850_714035,714035,Enfermería Técnica,al_hr_pe.edu_inst_140675850
edu_career_140675868_337025,337025,Secretariado Ejecutivo,al_hr_pe.edu_inst_140675868
edu_career_140675868_522025,522025,Industrias Alimentarias,al_hr_pe.edu_inst_140675868
edu_career_140675868_526165,526165,Mecánica Automotriz,al_hr_pe.edu_inst_140675868
edu_career_140675868_611115,611115,Producción Agropecuaria,al_hr_pe.edu_inst_140675868
edu_career_140675868_714035,714035,Enfermería Técnica,al_hr_pe.edu_inst_140675868
edu_career_140675868_715025,715025,Laboratorio Clínico,al_hr_pe.edu_inst_140675868
edu_career_140675868_811055,811055,Guía Oficial De Turismo,al_hr_pe.edu_inst_140675868
edu_career_140678425_342025,342025,Contabilidad,al_hr_pe.edu_inst_140678425
edu_career_140678425_441095,441095,Computación E Informática,al_hr_pe.edu_inst_140678425
edu_career_140678425_611115,611115,Producción Agropecuaria,al_hr_pe.edu_inst_140678425
edu_career_140678425_714035,714035,Enfermería Técnica,al_hr_pe.edu_inst_140678425
edu_career_140678433_337025,337025,Secretariado Ejecutivo,al_hr_pe.edu_inst_140678433
edu_career_140678433_522025,522025,Industrias Alimentarias,al_hr_pe.edu_inst_140678433
edu_career_140678433_714035,714035,Enfermería Técnica,al_hr_pe.edu_inst_140678433
edu_career_140679779_342025,342025,Contabilidad,al_hr_pe.edu_inst_140679779
edu_career_140679779_441095,441095,Computación E Informática,al_hr_pe.edu_inst_140679779
edu_career_140679779_526155,526155,Mecánica Agrícola,al_hr_pe.edu_inst_140679779
edu_career_140679779_531025,531025,Construcción Civil,al_hr_pe.edu_inst_140679779
edu_career_140679779_611115,611115,Producción Agropecuaria,al_hr_pe.edu_inst_140679779
edu_career_140679779_714035,714035,Enfermería Técnica,al_hr_pe.edu_inst_140679779
edu_career_140680769_331095,331095,Administración De Empresas,al_hr_pe.edu_inst_140680769
edu_career_140680769_342025,342025,Contabilidad,al_hr_pe.edu_inst_140680769
edu_career_140680769_441095,441095,Computación E Informática,al_hr_pe.edu_inst_140680769
edu_career_140680769_611115,611115,Producción Agropecuaria,al_hr_pe.edu_inst_140680769
edu_career_140680769_714035,714035,Enfermería Técnica,al_hr_pe.edu_inst_140680769
edu_career_140680959_337025,337025,Secretariado Ejecutivo,al_hr_pe.edu_inst_140680959
edu_career_140680959_342025,342025,Contabilidad,al_hr_pe.edu_inst_140680959
edu_career_140680959_441095,441095,Computación E Informática,al_hr_pe.edu_inst_140680959
edu_career_140680959_522025,522025,Industrias Alimentarias,al_hr_pe.edu_inst_140680959
edu_career_140680959_525065,525065,Electrónica Industrial,al_hr_pe.edu_inst_140680959
edu_career_140680959_526165,526165,Mecánica Automotriz,al_hr_pe.edu_inst_140680959
edu_career_140680959_526185,526185,Mecánica De Producción,al_hr_pe.edu_inst_140680959
edu_career_140680959_531025,531025,Construcción Civil,al_hr_pe.edu_inst_140680959
edu_career_140680959_714035,714035,Enfermería Técnica,al_hr_pe.edu_inst_140680959
edu_career_140681601_611115,611115,Producción Agropecuaria,al_hr_pe.edu_inst_140681601
edu_career_140681619_342025,342025,Contabilidad,al_hr_pe.edu_inst_140681619
edu_career_140681619_714035,714035,Enfermería Técnica,al_hr_pe.edu_inst_140681619
edu_career_140684092_332025,332025,Administración De Empresas Turísticas Y Hoteleras,al_hr_pe.edu_inst_140684092
edu_career_140684092_337025,337025,Secretariado Ejecutivo,al_hr_pe.edu_inst_140684092
edu_career_140684092_342025,342025,Contabilidad,al_hr_pe.edu_inst_140684092
edu_career_140684092_441095,441095,Computación E Informática,al_hr_pe.edu_inst_140684092
edu_career_140684092_522025,522025,Industrias Alimentarias,al_hr_pe.edu_inst_140684092
edu_career_140684092_526165,526165,Mecánica Automotriz,al_hr_pe.edu_inst_140684092
edu_career_140684092_714035,714035,Enfermería Técnica,al_hr_pe.edu_inst_140684092
edu_career_140684092_716015,716015,Farmacia,al_hr_pe.edu_inst_140684092
edu_career_140684092_811055,811055,Guía Oficial De Turismo,al_hr_pe.edu_inst_140684092
edu_career_140684654_342025,342025,Contabilidad,al_hr_pe.edu_inst_140684654
edu_career_140684654_441095,441095,Computación E Informática,al_hr_pe.edu_inst_140684654
edu_career_140684654_611115,611115,Producción Agropecuaria,al_hr_pe.edu_inst_140684654
edu_career_140684654_713015,713015,Prótesis Dental,al_hr_pe.edu_inst_140684654
edu_career_140684654_714035,714035,Enfermería Técnica,al_hr_pe.edu_inst_140684654
edu_career_140688051_337025,337025,Secretariado Ejecutivo,al_hr_pe.edu_inst_140688051
edu_career_140688051_342025,342025,Contabilidad,al_hr_pe.edu_inst_140688051
edu_career_140688051_441095,441095,Computación E Informática,al_hr_pe.edu_inst_140688051
edu_career_140688051_526185,526185,Mecánica De Producción,al_hr_pe.edu_inst_140688051
edu_career_140688051_531025,531025,Construcción Civil,al_hr_pe.edu_inst_140688051
edu_career_140688051_611115,611115,Producción Agropecuaria,al_hr_pe.edu_inst_140688051
edu_career_140688051_714035,714035,Enfermería Técnica,al_hr_pe.edu_inst_140688051
edu_career_140690545_524035,524035,Electrotécnia Industrial,al_hr_pe.edu_inst_140690545
edu_career_140690545_527055,527055,Metalurgia,al_hr_pe.edu_inst_140690545
edu_career_140690545_611115,611115,Producción Agropecuaria,al_hr_pe.edu_inst_140690545
edu_career_140690545_714035,714035,Enfermería Técnica,al_hr_pe.edu_inst_140690545
edu_career_140690966_342025,342025,Contabilidad,al_hr_pe.edu_inst_140690966
edu_career_140690966_441095,441095,Computación E Informática,al_hr_pe.edu_inst_140690966
edu_career_140690966_526185,526185,Mecánica De Producción,al_hr_pe.edu_inst_140690966
edu_career_140690966_714035,714035,Enfermería Técnica,al_hr_pe.edu_inst_140690966
edu_career_140691691_441095,441095,Computación E Informática,al_hr_pe.edu_inst_140691691
edu_career_140691691_611115,611115,Producción Agropecuaria,al_hr_pe.edu_inst_140691691
edu_career_140691691_714035,714035,Enfermería Técnica,al_hr_pe.edu_inst_140691691
edu_career_140695429_332065,332065,Administración De Servicios De Hostelería,al_hr_pe.edu_inst_140695429
edu_career_140695429_342025,342025,Contabilidad,al_hr_pe.edu_inst_140695429
edu_career_140695429_422025,422025,Química Industrial,al_hr_pe.edu_inst_140695429
edu_career_140695429_441095,441095,Computación E Informática,al_hr_pe.edu_inst_140695429
edu_career_140695429_524035,524035,Electrotécnia Industrial,al_hr_pe.edu_inst_140695429
edu_career_140695429_525065,525065,Electrónica Industrial,al_hr_pe.edu_inst_140695429
edu_career_140695429_526085,526085,Mantenimiento De Maquinaria Pesada,al_hr_pe.edu_inst_140695429
edu_career_140695429_526165,526165,Mecánica Automotriz,al_hr_pe.edu_inst_140695429
edu_career_140695429_526185,526185,Mecánica De Producción,al_hr_pe.edu_inst_140695429
edu_career_140695429_527055,527055,Metalurgia,al_hr_pe.edu_inst_140695429
edu_career_140695429_714035,714035,Enfermería Técnica,al_hr_pe.edu_inst_140695429
edu_career_140696039_342025,342025,Contabilidad,al_hr_pe.edu_inst_140696039
edu_career_140696039_441095,441095,Computación E Informática,al_hr_pe.edu_inst_140696039
edu_career_140696039_611115,611115,Producción Agropecuaria,al_hr_pe.edu_inst_140696039
edu_career_140696039_714035,714035,Enfermería Técnica,al_hr_pe.edu_inst_140696039
edu_career_140696047_331095,331095,Administración De Empresas,al_hr_pe.edu_inst_140696047
edu_career_140696047_342025,342025,Contabilidad,al_hr_pe.edu_inst_140696047
edu_career_140696047_531025,531025,Construcción Civil,al_hr_pe.edu_inst_140696047
edu_career_140696047_714035,714035,Enfermería Técnica,al_hr_pe.edu_inst_140696047
edu_career_140696047_716015,716015,Farmacia,al_hr_pe.edu_inst_140696047
edu_career_140697268_337025,337025,Secretariado Ejecutivo,al_hr_pe.edu_inst_140697268
edu_career_140697268_422015,422015,Análisis Químico,al_hr_pe.edu_inst_140697268
edu_career_140697268_441095,441095,Computación E Informática,al_hr_pe.edu_inst_140697268
edu_career_140697268_524035,524035,Electrotécnia Industrial,al_hr_pe.edu_inst_140697268
edu_career_140697268_525065,525065,Electrónica Industrial,al_hr_pe.edu_inst_140697268
edu_career_140697268_526165,526165,Mecánica Automotriz,al_hr_pe.edu_inst_140697268
edu_career_140697268_526185,526185,Mecánica De Producción,al_hr_pe.edu_inst_140697268
edu_career_140697268_527055,527055,Metalurgia,al_hr_pe.edu_inst_140697268
edu_career_140697276_337025,337025,Secretariado Ejecutivo,al_hr_pe.edu_inst_140697276
edu_career_140697276_342025,342025,Contabilidad,al_hr_pe.edu_inst_140697276
edu_career_140697276_441095,441095,Computación E Informática,al_hr_pe.edu_inst_140697276
edu_career_140697276_611115,611115,Producción Agropecuaria,al_hr_pe.edu_inst_140697276
edu_career_140697276_714035,714035,Enfermería Técnica,al_hr_pe.edu_inst_140697276
edu_career_140697722_441095,441095,Computación E Informática,al_hr_pe.edu_inst_140697722
edu_career_140697722_611115,611115,Producción Agropecuaria,al_hr_pe.edu_inst_140697722
edu_career_140697722_714035,714035,Enfermería Técnica,al_hr_pe.edu_inst_140697722
edu_career_140697722_715015,715015,Fisioterapia Y Rehabilitación,al_hr_pe.edu_inst_140697722
edu_career_140697722_716015,716015,Farmacia,al_hr_pe.edu_inst_140697722
edu_career_140697979_337025,337025,Secretariado Ejecutivo,al_hr_pe.edu_inst_140697979
edu_career_140697979_441095,441095,Computación E Informática,al_hr_pe.edu_inst_140697979
edu_career_140697979_531025,531025,Construcción Civil,al_hr_pe.edu_inst_140697979
edu_career_140697979_611115,611115,Producción Agropecuaria,al_hr_pe.edu_inst_140697979
edu_career_140697979_714035,714035,Enfermería Técnica,al_hr_pe.edu_inst_140697979
edu_career_140698167_337025,337025,Secretariado Ejecutivo,al_hr_pe.edu_inst_140698167
edu_career_140698167_441095,441095,Computación E Informática,al_hr_pe.edu_inst_140698167
edu_career_140698167_531025,531025,Construcción Civil,al_hr_pe.edu_inst_140698167
edu_career_140698167_713015,713015,Prótesis Dental,al_hr_pe.edu_inst_140698167
edu_career_140698167_714035,714035,Enfermería Técnica,al_hr_pe.edu_inst_140698167
edu_career_140705012_331095,331095,Administración De Empresas,al_hr_pe.edu_inst_140705012
edu_career_140705012_342025,342025,Contabilidad,al_hr_pe.edu_inst_140705012
edu_career_140705012_441095,441095,Computación E Informática,al_hr_pe.edu_inst_140705012
edu_career_140705012_524035,524035,Electrotécnia Industrial,al_hr_pe.edu_inst_140705012
edu_career_140705012_525065,525065,Electrónica Industrial,al_hr_pe.edu_inst_140705012
edu_career_140705012_526165,526165,Mecánica Automotriz,al_hr_pe.edu_inst_140705012
edu_career_140705012_526185,526185,Mecánica De Producción,al_hr_pe.edu_inst_140705012
edu_career_140705012_531025,531025,Construcción Civil,al_hr_pe.edu_inst_140705012
edu_career_140713305_526165,526165,Mecánica Automotriz,al_hr_pe.edu_inst_140713305
edu_career_140713305_611115,611115,Producción Agropecuaria,al_hr_pe.edu_inst_140713305
edu_career_140713305_714035,714035,Enfermería Técnica,al_hr_pe.edu_inst_140713305
edu_career_140713305_715015,715015,Fisioterapia Y Rehabilitación,al_hr_pe.edu_inst_140713305
edu_career_140713339_441095,441095,Computación E Informática,al_hr_pe.edu_inst_140713339
edu_career_140713339_524035,524035,Electrotécnia Industrial,al_hr_pe.edu_inst_140713339
edu_career_140713339_714035,714035,Enfermería Técnica,al_hr_pe.edu_inst_140713339
edu_career_140713339_715025,715025,Laboratorio Clínico,al_hr_pe.edu_inst_140713339
edu_career_140714451_342025,342025,Contabilidad,al_hr_pe.edu_inst_140714451
edu_career_140714451_441095,441095,Computación E Informática,al_hr_pe.edu_inst_140714451
edu_career_140714451_526165,526165,Mecánica Automotriz,al_hr_pe.edu_inst_140714451
edu_career_140714451_714035,714035,Enfermería Técnica,al_hr_pe.edu_inst_140714451
edu_career_140714451_811055,811055,Guía Oficial De Turismo,al_hr_pe.edu_inst_140714451
edu_career_140716779_342025,342025,Contabilidad,al_hr_pe.edu_inst_140716779
edu_career_140716779_441095,441095,Computación E Informática,al_hr_pe.edu_inst_140716779
edu_career_140716779_522025,522025,Industrias Alimentarias,al_hr_pe.edu_inst_140716779
edu_career_140716779_611115,611115,Producción Agropecuaria,al_hr_pe.edu_inst_140716779
edu_career_140716779_714035,714035,Enfermería Técnica,al_hr_pe.edu_inst_140716779
edu_career_140719674_335015,335015,Administración De Negocios Internacionales,al_hr_pe.edu_inst_140719674
edu_career_140719674_342025,342025,Contabilidad,al_hr_pe.edu_inst_140719674
edu_career_140719674_441095,441095,Computación E Informática,al_hr_pe.edu_inst_140719674
edu_career_140719674_611115,611115,Producción Agropecuaria,al_hr_pe.edu_inst_140719674
edu_career_140719674_715025,715025,Laboratorio Clínico,al_hr_pe.edu_inst_140719674
edu_career_140719807_342025,342025,Contabilidad,al_hr_pe.edu_inst_140719807
edu_career_140719807_441095,441095,Computación E Informática,al_hr_pe.edu_inst_140719807
edu_career_140719807_525065,525065,Electrónica Industrial,al_hr_pe.edu_inst_140719807
edu_career_140719807_714035,714035,Enfermería Técnica,al_hr_pe.edu_inst_140719807
edu_career_140721688_337025,337025,Secretariado Ejecutivo,al_hr_pe.edu_inst_140721688
edu_career_140721688_342025,342025,Contabilidad,al_hr_pe.edu_inst_140721688
edu_career_140721688_441095,441095,Computación E Informática,al_hr_pe.edu_inst_140721688
edu_career_140721688_611115,611115,Producción Agropecuaria,al_hr_pe.edu_inst_140721688
edu_career_140721688_714035,714035,Enfermería Técnica,al_hr_pe.edu_inst_140721688
edu_career_140721688_811055,811055,Guía Oficial De Turismo,al_hr_pe.edu_inst_140721688
edu_career_140721696_524035,524035,Electrotécnia Industrial,al_hr_pe.edu_inst_140721696
edu_career_140721696_611115,611115,Producción Agropecuaria,al_hr_pe.edu_inst_140721696
edu_career_140721696_714035,714035,Enfermería Técnica,al_hr_pe.edu_inst_140721696
edu_career_140723775_337025,337025,Secretariado Ejecutivo,al_hr_pe.edu_inst_140723775
edu_career_140723775_531025,531025,Construcción Civil,al_hr_pe.edu_inst_140723775
edu_career_140723775_714035,714035,Enfermería Técnica,al_hr_pe.edu_inst_140723775
edu_career_140723783_441095,441095,Computación E Informática,al_hr_pe.edu_inst_140723783
edu_career_140723783_522025,522025,Industrias Alimentarias,al_hr_pe.edu_inst_140723783
edu_career_140723783_591035,591035,Tecnología Pesquera,al_hr_pe.edu_inst_140723783
edu_career_140723783_611115,611115,Producción Agropecuaria,al_hr_pe.edu_inst_140723783
edu_career_140723783_714035,714035,Enfermería Técnica,al_hr_pe.edu_inst_140723783
edu_career_140723841_342025,342025,Contabilidad,al_hr_pe.edu_inst_140723841
edu_career_140723841_441095,441095,Computación E Informática,al_hr_pe.edu_inst_140723841
edu_career_140723841_526185,526185,Mecánica De Producción,al_hr_pe.edu_inst_140723841
edu_career_140723841_611115,611115,Producción Agropecuaria,al_hr_pe.edu_inst_140723841
edu_career_140723841_714035,714035,Enfermería Técnica,al_hr_pe.edu_inst_140723841
edu_career_140723841_716015,716015,Farmacia,al_hr_pe.edu_inst_140723841
edu_career_140724492_527025,527025,Explotación Minera,al_hr_pe.edu_inst_140724492
edu_career_140724500_611115,611115,Producción Agropecuaria,al_hr_pe.edu_inst_140724500
edu_career_140724500_714035,714035,Enfermería Técnica,al_hr_pe.edu_inst_140724500
edu_career_140724708_441095,441095,Computación E Informática,al_hr_pe.edu_inst_140724708
edu_career_140724708_611115,611115,Producción Agropecuaria,al_hr_pe.edu_inst_140724708
edu_career_140724708_714035,714035,Enfermería Técnica,al_hr_pe.edu_inst_140724708
edu_career_140729533_441095,441095,Computación E Informática,al_hr_pe.edu_inst_140729533
edu_career_140729533_611115,611115,Producción Agropecuaria,al_hr_pe.edu_inst_140729533
edu_career_140729533_714035,714035,Enfermería Técnica,al_hr_pe.edu_inst_140729533
edu_career_140732792_611115,611115,Producción Agropecuaria,al_hr_pe.edu_inst_140732792
edu_career_140734103_611115,611115,Producción Agropecuaria,al_hr_pe.edu_inst_140734103
edu_career_140734103_714035,714035,Enfermería Técnica,al_hr_pe.edu_inst_140734103
edu_career_140734731_441095,441095,Computación E Informática,al_hr_pe.edu_inst_140734731
edu_career_140734731_611115,611115,Producción Agropecuaria,al_hr_pe.edu_inst_140734731
edu_career_140734731_714035,714035,Enfermería Técnica,al_hr_pe.edu_inst_140734731
edu_career_140736256_526165,526165,Mecánica Automotriz,al_hr_pe.edu_inst_140736256
edu_career_140736256_611115,611115,Producción Agropecuaria,al_hr_pe.edu_inst_140736256
edu_career_140736256_714035,714035,Enfermería Técnica,al_hr_pe.edu_inst_140736256
edu_career_140741744_342025,342025,Contabilidad,al_hr_pe.edu_inst_140741744
edu_career_140741744_441095,441095,Computación E Informática,al_hr_pe.edu_inst_140741744
edu_career_140741744_611115,611115,Producción Agropecuaria,al_hr_pe.edu_inst_140741744
edu_career_140741744_714035,714035,Enfermería Técnica,al_hr_pe.edu_inst_140741744
edu_career_140743336_441095,441095,Computación E Informática,al_hr_pe.edu_inst_140743336
edu_career_140743336_524035,524035,Electrotécnia Industrial,al_hr_pe.edu_inst_140743336
edu_career_140743336_611115,611115,Producción Agropecuaria,al_hr_pe.edu_inst_140743336
edu_career_140743336_714035,714035,Enfermería Técnica,al_hr_pe.edu_inst_140743336
edu_career_140744235_441095,441095,Computación E Informática,al_hr_pe.edu_inst_140744235
edu_career_140744235_526165,526165,Mecánica Automotriz,al_hr_pe.edu_inst_140744235
edu_career_140744235_611115,611115,Producción Agropecuaria,al_hr_pe.edu_inst_140744235
edu_career_140744235_714035,714035,Enfermería Técnica,al_hr_pe.edu_inst_140744235
edu_career_140745034_337025,337025,Secretariado Ejecutivo,al_hr_pe.edu_inst_140745034
edu_career_140745034_441095,441095,Computación E Informática,al_hr_pe.edu_inst_140745034
edu_career_140745034_526165,526165,Mecánica Automotriz,al_hr_pe.edu_inst_140745034
edu_career_140745034_714035,714035,Enfermería Técnica,al_hr_pe.edu_inst_140745034
edu_career_140752469_441095,441095,Computación E Informática,al_hr_pe.edu_inst_140752469
edu_career_140752469_526165,526165,Mecánica Automotriz,al_hr_pe.edu_inst_140752469
edu_career_140752469_526185,526185,Mecánica De Producción,al_hr_pe.edu_inst_140752469
edu_career_140752469_714035,714035,Enfermería Técnica,al_hr_pe.edu_inst_140752469
edu_career_140753962_441095,441095,Computación E Informática,al_hr_pe.edu_inst_140753962
edu_career_140753962_531025,531025,Construcción Civil,al_hr_pe.edu_inst_140753962
edu_career_140753962_611115,611115,Producción Agropecuaria,al_hr_pe.edu_inst_140753962
edu_career_140753962_714035,714035,Enfermería Técnica,al_hr_pe.edu_inst_140753962
edu_career_140757112_611115,611115,Producción Agropecuaria,al_hr_pe.edu_inst_140757112
edu_career_140757112_714035,714035,Enfermería Técnica,al_hr_pe.edu_inst_140757112
edu_career_140757211_611115,611115,Producción Agropecuaria,al_hr_pe.edu_inst_140757211
edu_career_140757211_714035,714035,Enfermería Técnica,al_hr_pe.edu_inst_140757211
edu_career_140757229_611115,611115,Producción Agropecuaria,al_hr_pe.edu_inst_140757229
edu_career_140757229_714035,714035,Enfermería Técnica,al_hr_pe.edu_inst_140757229
edu_career_140757880_522025,522025,Industrias Alimentarias,al_hr_pe.edu_inst_140757880
edu_career_140757880_525065,525065,Electrónica Industrial,al_hr_pe.edu_inst_140757880
edu_career_140757880_526165,526165,Mecánica Automotriz,al_hr_pe.edu_inst_140757880
edu_career_140757880_527055,527055,Metalurgia,al_hr_pe.edu_inst_140757880
edu_career_140757880_714035,714035,Enfermería Técnica,al_hr_pe.edu_inst_140757880
edu_career_140758094_342025,342025,Contabilidad,al_hr_pe.edu_inst_140758094
edu_career_140758094_714035,714035,Enfermería Técnica,al_hr_pe.edu_inst_140758094
edu_career_140760843_342025,342025,Contabilidad,al_hr_pe.edu_inst_140760843
edu_career_140760843_611115,611115,Producción Agropecuaria,al_hr_pe.edu_inst_140760843
edu_career_140760900_342025,342025,Contabilidad,al_hr_pe.edu_inst_140760900
edu_career_140760900_526165,526165,Mecánica Automotriz,al_hr_pe.edu_inst_140760900
edu_career_140760900_531025,531025,Construcción Civil,al_hr_pe.edu_inst_140760900
edu_career_140760900_611115,611115,Producción Agropecuaria,al_hr_pe.edu_inst_140760900
edu_career_140760900_714035,714035,Enfermería Técnica,al_hr_pe.edu_inst_140760900
edu_career_140766766_611115,611115,Producción Agropecuaria,al_hr_pe.edu_inst_140766766
edu_career_140766766_714035,714035,Enfermería Técnica,al_hr_pe.edu_inst_140766766
edu_career_140767467_441095,441095,Computación E Informática,al_hr_pe.edu_inst_140767467
edu_career_140767467_714035,714035,Enfermería Técnica,al_hr_pe.edu_inst_140767467
edu_career_140783282_441095,441095,Computación E Informática,al_hr_pe.edu_inst_140783282
edu_career_140783282_525065,525065,Electrónica Industrial,al_hr_pe.edu_inst_140783282
edu_career_140783282_526165,526165,Mecánica Automotriz,al_hr_pe.edu_inst_140783282
edu_career_140783282_526185,526185,Mecánica De Producción,al_hr_pe.edu_inst_140783282
edu_career_140783282_527025,527025,Explotación Minera,al_hr_pe.edu_inst_140783282
edu_career_140783282_611115,611115,Producción Agropecuaria,al_hr_pe.edu_inst_140783282
edu_career_140783282_714035,714035,Enfermería Técnica,al_hr_pe.edu_inst_140783282
edu_career_140787325_611115,611115,Producción Agropecuaria,al_hr_pe.edu_inst_140787325
edu_career_140787325_714035,714035,Enfermería Técnica,al_hr_pe.edu_inst_140787325
edu_career_140790758_331095,331095,Administración De Empresas,al_hr_pe.edu_inst_140790758
edu_career_140790758_611115,611115,Producción Agropecuaria,al_hr_pe.edu_inst_140790758
edu_career_140790758_714035,714035,Enfermería Técnica,al_hr_pe.edu_inst_140790758
edu_career_140795914_441095,441095,Computación E Informática,al_hr_pe.edu_inst_140795914
edu_career_140795914_522025,522025,Industrias Alimentarias,al_hr_pe.edu_inst_140795914
edu_career_140795914_526165,526165,Mecánica Automotriz,al_hr_pe.edu_inst_140795914
edu_career_140795914_611115,611115,Producción Agropecuaria,al_hr_pe.edu_inst_140795914
edu_career_140795914_714035,714035,Enfermería Técnica,al_hr_pe.edu_inst_140795914
edu_career_140795914_715025,715025,Laboratorio Clínico,al_hr_pe.edu_inst_140795914
edu_career_140797126_526165,526165,Mecánica Automotriz,al_hr_pe.edu_inst_140797126
edu_career_140797126_611115,611115,Producción Agropecuaria,al_hr_pe.edu_inst_140797126
edu_career_140797126_714035,714035,Enfermería Técnica,al_hr_pe.edu_inst_140797126
edu_career_140798090_342025,342025,Contabilidad,al_hr_pe.edu_inst_140798090
edu_career_140798090_441095,441095,Computación E Informática,al_hr_pe.edu_inst_140798090
edu_career_140798090_524035,524035,Electrotécnia Industrial,al_hr_pe.edu_inst_140798090
edu_career_140798090_526165,526165,Mecánica Automotriz,al_hr_pe.edu_inst_140798090
edu_career_140798090_527055,527055,Metalurgia,al_hr_pe.edu_inst_140798090
edu_career_140798090_714035,714035,Enfermería Técnica,al_hr_pe.edu_inst_140798090
edu_career_140803072_441095,441095,Computación E Informática,al_hr_pe.edu_inst_140803072
edu_career_140803072_524035,524035,Electrotécnia Industrial,al_hr_pe.edu_inst_140803072
edu_career_140803072_526185,526185,Mecánica De Producción,al_hr_pe.edu_inst_140803072
edu_career_140803072_715025,715025,Laboratorio Clínico,al_hr_pe.edu_inst_140803072
edu_career_140803908_441095,441095,Computación E Informática,al_hr_pe.edu_inst_140803908
edu_career_140803908_611115,611115,Producción Agropecuaria,al_hr_pe.edu_inst_140803908
edu_career_140803908_714035,714035,Enfermería Técnica,al_hr_pe.edu_inst_140803908
edu_career_140803981_342025,342025,Contabilidad,al_hr_pe.edu_inst_140803981
edu_career_140803981_611115,611115,Producción Agropecuaria,al_hr_pe.edu_inst_140803981
edu_career_140803981_714035,714035,Enfermería Técnica,al_hr_pe.edu_inst_140803981
edu_career_140814343_441095,441095,Computación E Informática,al_hr_pe.edu_inst_140814343
edu_career_140814343_611115,611115,Producción Agropecuaria,al_hr_pe.edu_inst_140814343
edu_career_140814723_342025,342025,Contabilidad,al_hr_pe.edu_inst_140814723
edu_career_140814723_611115,611115,Producción Agropecuaria,al_hr_pe.edu_inst_140814723
edu_career_140814723_714035,714035,Enfermería Técnica,al_hr_pe.edu_inst_140814723
edu_career_140814749_441095,441095,Computación E Informática,al_hr_pe.edu_inst_140814749
edu_career_140814749_522025,522025,Industrias Alimentarias,al_hr_pe.edu_inst_140814749
edu_career_140814749_528015,528015,Diseño De Modas,al_hr_pe.edu_inst_140814749
edu_career_140814749_611115,611115,Producción Agropecuaria,al_hr_pe.edu_inst_140814749
edu_career_140814749_714035,714035,Enfermería Técnica,al_hr_pe.edu_inst_140814749
edu_career_140814798_611115,611115,Producción Agropecuaria,al_hr_pe.edu_inst_140814798
edu_career_140814848_611115,611115,Producción Agropecuaria,al_hr_pe.edu_inst_140814848
edu_career_140814863_331095,331095,Administración De Empresas,al_hr_pe.edu_inst_140814863
edu_career_140814863_342025,342025,Contabilidad,al_hr_pe.edu_inst_140814863
edu_career_140814863_611115,611115,Producción Agropecuaria,al_hr_pe.edu_inst_140814863
edu_career_140814871_441095,441095,Computación E Informática,al_hr_pe.edu_inst_140814871
edu_career_140814871_526155,526155,Mecánica Agrícola,al_hr_pe.edu_inst_140814871
edu_career_140814871_611105,611105,Producción Agrícola,al_hr_pe.edu_inst_140814871
edu_career_140814871_611115,611115,Producción Agropecuaria,al_hr_pe.edu_inst_140814871
edu_career_140814871_611125,611125,Producción Pecuaria,al_hr_pe.edu_inst_140814871
edu_career_140814871_714035,714035,Enfermería Técnica,al_hr_pe.edu_inst_140814871
edu_career_140814913_331095,331095,Administración De Empresas,al_hr_pe.edu_inst_140814913
edu_career_140814913_611115,611115,Producción Agropecuaria,al_hr_pe.edu_inst_140814913
edu_career_140814913_714035,714035,Enfermería Técnica,al_hr_pe.edu_inst_140814913
edu_career_140814970_441095,441095,Computación E Informática,al_hr_pe.edu_inst_140814970
edu_career_140814970_525065,525065,Electrónica Industrial,al_hr_pe.edu_inst_140814970
edu_career_140814970_527015,527015,Concentración De Minerales,al_hr_pe.edu_inst_140814970
edu_career_140814970_527025,527025,Explotación Minera,al_hr_pe.edu_inst_140814970
edu_career_140814970_531025,531025,Construcción Civil,al_hr_pe.edu_inst_140814970
edu_career_140814970_531105,531105,Topografía Superficial Y Minera,al_hr_pe.edu_inst_140814970
edu_career_140814970_714035,714035,Enfermería Técnica,al_hr_pe.edu_inst_140814970
edu_career_140815050_342025,342025,Contabilidad,al_hr_pe.edu_inst_140815050
edu_career_140815050_441095,441095,Computación E Informática,al_hr_pe.edu_inst_140815050
edu_career_140815050_525065,525065,Electrónica Industrial,al_hr_pe.edu_inst_140815050
edu_career_140815050_526165,526165,Mecánica Automotriz,al_hr_pe.edu_inst_140815050
edu_career_140815050_611115,611115,Producción Agropecuaria,al_hr_pe.edu_inst_140815050
edu_career_140815050_714035,714035,Enfermería Técnica,al_hr_pe.edu_inst_140815050
edu_career_140815068_611115,611115,Producción Agropecuaria,al_hr_pe.edu_inst_140815068
edu_career_140815068_714035,714035,Enfermería Técnica,al_hr_pe.edu_inst_140815068
edu_career_140815092_611115,611115,Producción Agropecuaria,al_hr_pe.edu_inst_140815092
edu_career_140815118_611115,611115,Producción Agropecuaria,al_hr_pe.edu_inst_140815118
edu_career_140815118_714035,714035,Enfermería Técnica,al_hr_pe.edu_inst_140815118
edu_career_140815134_337025,337025,Secretariado Ejecutivo,al_hr_pe.edu_inst_140815134
edu_career_140815134_441095,441095,Computación E Informática,al_hr_pe.edu_inst_140815134
edu_career_140815134_714035,714035,Enfermería Técnica,al_hr_pe.edu_inst_140815134
edu_career_140815217_522025,522025,Industrias Alimentarias,al_hr_pe.edu_inst_140815217
edu_career_140815217_611115,611115,Producción Agropecuaria,al_hr_pe.edu_inst_140815217
edu_career_140815217_714035,714035,Enfermería Técnica,al_hr_pe.edu_inst_140815217
edu_career_140815217_811055,811055,Guía Oficial De Turismo,al_hr_pe.edu_inst_140815217
edu_career_140817510_611115,611115,Producción Agropecuaria,al_hr_pe.edu_inst_140817510
edu_career_140849364_221025,221025,Construcción De Arte En Madera,al_hr_pe.edu_inst_140849364
edu_career_140849364_441095,441095,Computación E Informática,al_hr_pe.edu_inst_140849364
edu_career_140849364_526185,526185,Mecánica De Producción,al_hr_pe.edu_inst_140849364
edu_career_140849364_611115,611115,Producción Agropecuaria,al_hr_pe.edu_inst_140849364
edu_career_140886499_337025,337025,Secretariado Ejecutivo,al_hr_pe.edu_inst_140886499
edu_career_140886499_522025,522025,Industrias Alimentarias,al_hr_pe.edu_inst_140886499
edu_career_140886499_526155,526155,Mecánica Agrícola,al_hr_pe.edu_inst_140886499
edu_career_140886499_526165,526165,Mecánica Automotriz,al_hr_pe.edu_inst_140886499
edu_career_140886499_713015,713015,Prótesis Dental,al_hr_pe.edu_inst_140886499
edu_career_140886499_714035,714035,Enfermería Técnica,al_hr_pe.edu_inst_140886499
edu_career_140891804_342025,342025,Contabilidad,al_hr_pe.edu_inst_140891804
edu_career_140891804_611115,611115,Producción Agropecuaria,al_hr_pe.edu_inst_140891804
edu_career_140891804_714035,714035,Enfermería Técnica,al_hr_pe.edu_inst_140891804
edu_career_140905349_531025,531025,Construcción Civil,al_hr_pe.edu_inst_140905349
edu_career_140905349_714035,714035,Enfermería Técnica,al_hr_pe.edu_inst_140905349
edu_career_140905372_611115,611115,Producción Agropecuaria,al_hr_pe.edu_inst_140905372
edu_career_140905372_714035,714035,Enfermería Técnica,al_hr_pe.edu_inst_140905372
edu_career_140911891_441095,441095,Computación E Informática,al_hr_pe.edu_inst_140911891
edu_career_140911891_714035,714035,Enfermería Técnica,al_hr_pe.edu_inst_140911891
edu_career_140918136_611115,611115,Producción Agropecuaria,al_hr_pe.edu_inst_140918136
edu_career_140918136_714035,714035,Enfermería Técnica,al_hr_pe.edu_inst_140918136
edu_career_140920116_331095,331095,Administración De Empresas,al_hr_pe.edu_inst_140920116
edu_career_140920116_342025,342025,Contabilidad,al_hr_pe.edu_inst_140920116
edu_career_140920116_441095,441095,Computación E Informática,al_hr_pe.edu_inst_140920116
edu_career_140920116_526155,526155,Mecánica Agrícola,al_hr_pe.edu_inst_140920116
edu_career_140920116_526165,526165,Mecánica Automotriz,al_hr_pe.edu_inst_140920116
edu_career_140920116_611115,611115,Producción Agropecuaria,al_hr_pe.edu_inst_140920116
edu_career_140920116_714035,714035,Enfermería Técnica,al_hr_pe.edu_inst_140920116
edu_career_140920736_333015,333015,Marketing,al_hr_pe.edu_inst_140920736
edu_career_140920736_441095,441095,Computación E Informática,al_hr_pe.edu_inst_140920736
edu_career_140920736_611115,611115,Producción Agropecuaria,al_hr_pe.edu_inst_140920736
edu_career_140920736_714035,714035,Enfermería Técnica,al_hr_pe.edu_inst_140920736
edu_career_140920769_441095,441095,Computación E Informática,al_hr_pe.edu_inst_140920769
edu_career_140920769_526165,526165,Mecánica Automotriz,al_hr_pe.edu_inst_140920769
edu_career_140920769_526185,526185,Mecánica De Producción,al_hr_pe.edu_inst_140920769
edu_career_140920769_528095,528095,Industria Del Vestido,al_hr_pe.edu_inst_140920769
edu_career_140929497_713015,713015,Prótesis Dental,al_hr_pe.edu_inst_140929497
edu_career_140929497_714035,714035,Enfermería Técnica,al_hr_pe.edu_inst_140929497
edu_career_140929497_716015,716015,Farmacia,al_hr_pe.edu_inst_140929497
edu_career_140930024_526165,526165,Mecánica Automotriz,al_hr_pe.edu_inst_140930024
edu_career_140930024_611115,611115,Producción Agropecuaria,al_hr_pe.edu_inst_140930024
edu_career_140930024_714035,714035,Enfermería Técnica,al_hr_pe.edu_inst_140930024
edu_career_140930230_531025,531025,Construcción Civil,al_hr_pe.edu_inst_140930230
edu_career_140930230_611115,611115,Producción Agropecuaria,al_hr_pe.edu_inst_140930230
edu_career_140931022_611115,611115,Producción Agropecuaria,al_hr_pe.edu_inst_140931022
edu_career_140932384_526165,526165,Mecánica Automotriz,al_hr_pe.edu_inst_140932384
edu_career_140932384_714035,714035,Enfermería Técnica,al_hr_pe.edu_inst_140932384
edu_career_140932384_811055,811055,Guía Oficial De Turismo,al_hr_pe.edu_inst_140932384
edu_career_140934570_594025,594025,Medio Ambiente,al_hr_pe.edu_inst_140934570
edu_career_140934570_811055,811055,Guía Oficial De Turismo,al_hr_pe.edu_inst_140934570
edu_career_140934638_611115,611115,Producción Agropecuaria,al_hr_pe.edu_inst_140934638
edu_career_140934638_612015,612015,Administración De Recursos Forestales,al_hr_pe.edu_inst_140934638
edu_career_140934638_714035,714035,Enfermería Técnica,al_hr_pe.edu_inst_140934638
edu_career_140936096_331095,331095,Administración De Empresas,al_hr_pe.edu_inst_140936096
edu_career_140936096_441095,441095,Computación E Informática,al_hr_pe.edu_inst_140936096
edu_career_140936096_611115,611115,Producción Agropecuaria,al_hr_pe.edu_inst_140936096
edu_career_140936096_714035,714035,Enfermería Técnica,al_hr_pe.edu_inst_140936096
edu_career_140936708_524035,524035,Electrotécnia Industrial,al_hr_pe.edu_inst_140936708
edu_career_140936708_526165,526165,Mecánica Automotriz,al_hr_pe.edu_inst_140936708
edu_career_140936708_714035,714035,Enfermería Técnica,al_hr_pe.edu_inst_140936708
edu_career_140937417_331095,331095,Administración De Empresas,al_hr_pe.edu_inst_140937417
edu_career_140937417_441095,441095,Computación E Informática,al_hr_pe.edu_inst_140937417
edu_career_140937417_522025,522025,Industrias Alimentarias,al_hr_pe.edu_inst_140937417
edu_career_140937417_526165,526165,Mecánica Automotriz,al_hr_pe.edu_inst_140937417
edu_career_140937417_611115,611115,Producción Agropecuaria,al_hr_pe.edu_inst_140937417
edu_career_140937417_714035,714035,Enfermería Técnica,al_hr_pe.edu_inst_140937417
edu_career_140937656_441095,441095,Computación E Informática,al_hr_pe.edu_inst_140937656
edu_career_140937656_526165,526165,Mecánica Automotriz,al_hr_pe.edu_inst_140937656
edu_career_140937656_611115,611115,Producción Agropecuaria,al_hr_pe.edu_inst_140937656
edu_career_140937656_714035,714035,Enfermería Técnica,al_hr_pe.edu_inst_140937656
edu_career_141001783_591035,591035,Tecnología Pesquera,al_hr_pe.edu_inst_141001783
edu_career_141001783_611115,611115,Producción Agropecuaria,al_hr_pe.edu_inst_141001783
edu_career_141001783_714035,714035,Enfermería Técnica,al_hr_pe.edu_inst_141001783
edu_career_141001783_715025,715025,Laboratorio Clínico,al_hr_pe.edu_inst_141001783
edu_career_141001940_342025,342025,Contabilidad,al_hr_pe.edu_inst_141001940
edu_career_141001940_611115,611115,Producción Agropecuaria,al_hr_pe.edu_inst_141001940
edu_career_141001940_714035,714035,Enfermería Técnica,al_hr_pe.edu_inst_141001940
edu_career_141016286_441095,441095,Computación E Informática,al_hr_pe.edu_inst_141016286
edu_career_141016286_527025,527025,Explotación Minera,al_hr_pe.edu_inst_141016286
edu_career_141016286_591035,591035,Tecnología Pesquera,al_hr_pe.edu_inst_141016286
edu_career_141016286_714035,714035,Enfermería Técnica,al_hr_pe.edu_inst_141016286
edu_career_141016401_342025,342025,Contabilidad,al_hr_pe.edu_inst_141016401
edu_career_141016401_714035,714035,Enfermería Técnica,al_hr_pe.edu_inst_141016401
edu_career_141016443_611115,611115,Producción Agropecuaria,al_hr_pe.edu_inst_141016443
edu_career_141016443_714035,714035,Enfermería Técnica,al_hr_pe.edu_inst_141016443
edu_career_141016484_331095,331095,Administración De Empresas,al_hr_pe.edu_inst_141016484
edu_career_141016484_441095,441095,Computación E Informática,al_hr_pe.edu_inst_141016484
edu_career_141016484_526165,526165,Mecánica Automotriz,al_hr_pe.edu_inst_141016484
edu_career_141016484_714035,714035,Enfermería Técnica,al_hr_pe.edu_inst_141016484
edu_career_141023514_342025,342025,Contabilidad,al_hr_pe.edu_inst_141023514
edu_career_141023514_441095,441095,Computación E Informática,al_hr_pe.edu_inst_141023514
edu_career_141023514_522025,522025,Industrias Alimentarias,al_hr_pe.edu_inst_141023514
edu_career_141023514_611115,611115,Producción Agropecuaria,al_hr_pe.edu_inst_141023514
edu_career_141023514_714035,714035,Enfermería Técnica,al_hr_pe.edu_inst_141023514
edu_career_141024785_441095,441095,Computación E Informática,al_hr_pe.edu_inst_141024785
edu_career_141024785_714035,714035,Enfermería Técnica,al_hr_pe.edu_inst_141024785
edu_career_141025089_611115,611115,Producción Agropecuaria,al_hr_pe.edu_inst_141025089
edu_career_141025089_714035,714035,Enfermería Técnica,al_hr_pe.edu_inst_141025089
edu_career_141025279_441095,441095,Computación E Informática,al_hr_pe.edu_inst_141025279
edu_career_141025279_591035,591035,Tecnología Pesquera,al_hr_pe.edu_inst_141025279
edu_career_141025279_611115,611115,Producción Agropecuaria,al_hr_pe.edu_inst_141025279
edu_career_141025279_714035,714035,Enfermería Técnica,al_hr_pe.edu_inst_141025279
edu_career_141025691_342025,342025,Contabilidad,al_hr_pe.edu_inst_141025691
edu_career_141025691_441095,441095,Computación E Informática,al_hr_pe.edu_inst_141025691
edu_career_141025691_526185,526185,Mecánica De Producción,al_hr_pe.edu_inst_141025691
edu_career_141025691_611115,611115,Producción Agropecuaria,al_hr_pe.edu_inst_141025691
edu_career_141025691_714035,714035,Enfermería Técnica,al_hr_pe.edu_inst_141025691
edu_career_141025824_611115,611115,Producción Agropecuaria,al_hr_pe.edu_inst_141025824
edu_career_141025824_714035,714035,Enfermería Técnica,al_hr_pe.edu_inst_141025824
edu_career_141026319_441095,441095,Computación E Informática,al_hr_pe.edu_inst_141026319
edu_career_141026319_611115,611115,Producción Agropecuaria,al_hr_pe.edu_inst_141026319
edu_career_141027085_335015,335015,Administración De Negocios Internacionales,al_hr_pe.edu_inst_141027085
edu_career_141027085_441095,441095,Computación E Informática,al_hr_pe.edu_inst_141027085
edu_career_141027085_526165,526165,Mecánica Automotriz,al_hr_pe.edu_inst_141027085
edu_career_141027085_714035,714035,Enfermería Técnica,al_hr_pe.edu_inst_141027085
edu_career_141028919_522025,522025,Industrias Alimentarias,al_hr_pe.edu_inst_141028919
edu_career_141028919_611115,611115,Producción Agropecuaria,al_hr_pe.edu_inst_141028919
edu_career_141028919_714035,714035,Enfermería Técnica,al_hr_pe.edu_inst_141028919
edu_career_141029297_611115,611115,Producción Agropecuaria,al_hr_pe.edu_inst_141029297
edu_career_141029297_714035,714035,Enfermería Técnica,al_hr_pe.edu_inst_141029297
edu_career_141029404_441095,441095,Computación E Informática,al_hr_pe.edu_inst_141029404
edu_career_141029404_526165,526165,Mecánica Automotriz,al_hr_pe.edu_inst_141029404
edu_career_141029404_526185,526185,Mecánica De Producción,al_hr_pe.edu_inst_141029404
edu_career_141029404_714035,714035,Enfermería Técnica,al_hr_pe.edu_inst_141029404
edu_career_141029404_715025,715025,Laboratorio Clínico,al_hr_pe.edu_inst_141029404
edu_career_141032440_441095,441095,Computación E Informática,al_hr_pe.edu_inst_141032440
edu_career_141032440_522025,522025,Industrias Alimentarias,al_hr_pe.edu_inst_141032440
edu_career_141032440_526165,526165,Mecánica Automotriz,al_hr_pe.edu_inst_141032440
edu_career_141032440_526185,526185,Mecánica De Producción,al_hr_pe.edu_inst_141032440
edu_career_141032440_611115,611115,Producción Agropecuaria,al_hr_pe.edu_inst_141032440
edu_career_141042571_527025,527025,Explotación Minera,al_hr_pe.edu_inst_141042571
edu_career_141042571_611115,611115,Producción Agropecuaria,al_hr_pe.edu_inst_141042571
edu_career_141058155_441095,441095,Computación E Informática,al_hr_pe.edu_inst_141058155
edu_career_141058155_527025,527025,Explotación Minera,al_hr_pe.edu_inst_141058155
edu_career_141058650_611115,611115,Producción Agropecuaria,al_hr_pe.edu_inst_141058650
edu_career_141058650_714035,714035,Enfermería Técnica,al_hr_pe.edu_inst_141058650
edu_career_141058742_531025,531025,Construcción Civil,al_hr_pe.edu_inst_141058742
edu_career_141058742_611115,611115,Producción Agropecuaria,al_hr_pe.edu_inst_141058742
edu_career_141058742_714035,714035,Enfermería Técnica,al_hr_pe.edu_inst_141058742
edu_career_141060110_441095,441095,Computación E Informática,al_hr_pe.edu_inst_141060110
edu_career_141060110_531025,531025,Construcción Civil,al_hr_pe.edu_inst_141060110
edu_career_141060110_611115,611115,Producción Agropecuaria,al_hr_pe.edu_inst_141060110
edu_career_141060425_531025,531025,Construcción Civil,al_hr_pe.edu_inst_141060425
edu_career_141060425_611115,611115,Producción Agropecuaria,al_hr_pe.edu_inst_141060425
edu_career_141060425_714035,714035,Enfermería Técnica,al_hr_pe.edu_inst_141060425
edu_career_141064971_342025,342025,Contabilidad,al_hr_pe.edu_inst_141064971
edu_career_141064971_422025,422025,Química Industrial,al_hr_pe.edu_inst_141064971
edu_career_141064971_441095,441095,Computación E Informática,al_hr_pe.edu_inst_141064971
edu_career_141064971_524035,524035,Electrotécnia Industrial,al_hr_pe.edu_inst_141064971
edu_career_141064971_526165,526165,Mecánica Automotriz,al_hr_pe.edu_inst_141064971
edu_career_141064971_526185,526185,Mecánica De Producción,al_hr_pe.edu_inst_141064971
edu_career_141064971_714035,714035,Enfermería Técnica,al_hr_pe.edu_inst_141064971
edu_career_141065010_342025,342025,Contabilidad,al_hr_pe.edu_inst_141065010
edu_career_141065010_441095,441095,Computación E Informática,al_hr_pe.edu_inst_141065010
edu_career_141065010_526165,526165,Mecánica Automotriz,al_hr_pe.edu_inst_141065010
edu_career_141065010_714035,714035,Enfermería Técnica,al_hr_pe.edu_inst_141065010
edu_career_141065010_716015,716015,Farmacia,al_hr_pe.edu_inst_141065010
edu_career_141065051_441095,441095,Computación E Informática,al_hr_pe.edu_inst_141065051
edu_career_141065051_526165,526165,Mecánica Automotriz,al_hr_pe.edu_inst_141065051
edu_career_141065051_714035,714035,Enfermería Técnica,al_hr_pe.edu_inst_141065051
edu_career_141065093_342025,342025,Contabilidad,al_hr_pe.edu_inst_141065093
edu_career_141065093_441095,441095,Computación E Informática,al_hr_pe.edu_inst_141065093
edu_career_141065093_611115,611115,Producción Agropecuaria,al_hr_pe.edu_inst_141065093
edu_career_141065093_714035,714035,Enfermería Técnica,al_hr_pe.edu_inst_141065093
edu_career_141065135_342025,342025,Contabilidad,al_hr_pe.edu_inst_141065135
edu_career_141065135_441095,441095,Computación E Informática,al_hr_pe.edu_inst_141065135
edu_career_141065135_522025,522025,Industrias Alimentarias,al_hr_pe.edu_inst_141065135
edu_career_141065135_525065,525065,Electrónica Industrial,al_hr_pe.edu_inst_141065135
edu_career_141065135_526165,526165,Mecánica Automotriz,al_hr_pe.edu_inst_141065135
edu_career_141065135_714035,714035,Enfermería Técnica,al_hr_pe.edu_inst_141065135
edu_career_141065135_716015,716015,Farmacia,al_hr_pe.edu_inst_141065135
edu_career_141065176_342025,342025,Contabilidad,al_hr_pe.edu_inst_141065176
edu_career_141065176_441095,441095,Computación E Informática,al_hr_pe.edu_inst_141065176
edu_career_141065176_525065,525065,Electrónica Industrial,al_hr_pe.edu_inst_141065176
edu_career_141065176_526165,526165,Mecánica Automotriz,al_hr_pe.edu_inst_141065176
edu_career_141065176_526185,526185,Mecánica De Producción,al_hr_pe.edu_inst_141065176
edu_career_141065218_527015,527015,Concentración De Minerales,al_hr_pe.edu_inst_141065218
edu_career_141065218_527025,527025,Explotación Minera,al_hr_pe.edu_inst_141065218
edu_career_141065218_611115,611115,Producción Agropecuaria,al_hr_pe.edu_inst_141065218
edu_career_141065259_342025,342025,Contabilidad,al_hr_pe.edu_inst_141065259
edu_career_141065259_441095,441095,Computación E Informática,al_hr_pe.edu_inst_141065259
edu_career_141065259_714035,714035,Enfermería Técnica,al_hr_pe.edu_inst_141065259
edu_career_141065259_812015,812015,Cosmética Dermatológica,al_hr_pe.edu_inst_141065259
edu_career_141065291_441095,441095,Computación E Informática,al_hr_pe.edu_inst_141065291
edu_career_141065291_525065,525065,Electrónica Industrial,al_hr_pe.edu_inst_141065291
edu_career_141065291_526165,526165,Mecánica Automotriz,al_hr_pe.edu_inst_141065291
edu_career_141065291_714035,714035,Enfermería Técnica,al_hr_pe.edu_inst_141065291
edu_career_141065333_441095,441095,Computación E Informática,al_hr_pe.edu_inst_141065333
edu_career_141065333_522025,522025,Industrias Alimentarias,al_hr_pe.edu_inst_141065333
edu_career_141065333_714035,714035,Enfermería Técnica,al_hr_pe.edu_inst_141065333
edu_career_141065333_812015,812015,Cosmética Dermatológica,al_hr_pe.edu_inst_141065333
edu_career_141065499_337025,337025,Secretariado Ejecutivo,al_hr_pe.edu_inst_141065499
edu_career_141065499_342025,342025,Contabilidad,al_hr_pe.edu_inst_141065499
edu_career_141065499_441095,441095,Computación E Informática,al_hr_pe.edu_inst_141065499
edu_career_141065499_713015,713015,Prótesis Dental,al_hr_pe.edu_inst_141065499
edu_career_141065499_714035,714035,Enfermería Técnica,al_hr_pe.edu_inst_141065499
edu_career_141065531_342025,342025,Contabilidad,al_hr_pe.edu_inst_141065531
edu_career_141065531_441095,441095,Computación E Informática,al_hr_pe.edu_inst_141065531
edu_career_141065531_525065,525065,Electrónica Industrial,al_hr_pe.edu_inst_141065531
edu_career_141065531_526155,526155,Mecánica Agrícola,al_hr_pe.edu_inst_141065531
edu_career_141065531_611115,611115,Producción Agropecuaria,al_hr_pe.edu_inst_141065531
edu_career_141065531_714035,714035,Enfermería Técnica,al_hr_pe.edu_inst_141065531
edu_career_141065572_331095,331095,Administración De Empresas,al_hr_pe.edu_inst_141065572
edu_career_141065572_342025,342025,Contabilidad,al_hr_pe.edu_inst_141065572
edu_career_141065572_441095,441095,Computación E Informática,al_hr_pe.edu_inst_141065572
edu_career_141065572_524035,524035,Electrotécnia Industrial,al_hr_pe.edu_inst_141065572
edu_career_141065572_525065,525065,Electrónica Industrial,al_hr_pe.edu_inst_141065572
edu_career_141065572_526165,526165,Mecánica Automotriz,al_hr_pe.edu_inst_141065572
edu_career_141065572_526185,526185,Mecánica De Producción,al_hr_pe.edu_inst_141065572
edu_career_141065572_527055,527055,Metalurgia,al_hr_pe.edu_inst_141065572
edu_career_141065572_715025,715025,Laboratorio Clínico,al_hr_pe.edu_inst_141065572
edu_career_141065614_342025,342025,Contabilidad,al_hr_pe.edu_inst_141065614
edu_career_141065614_524035,524035,Electrotécnia Industrial,al_hr_pe.edu_inst_141065614
edu_career_141065655_441095,441095,Computación E Informática,al_hr_pe.edu_inst_141065655
edu_career_141065655_522025,522025,Industrias Alimentarias,al_hr_pe.edu_inst_141065655
edu_career_141065655_524035,524035,Electrotécnia Industrial,al_hr_pe.edu_inst_141065655
edu_career_141065655_714035,714035,Enfermería Técnica,al_hr_pe.edu_inst_141065655
edu_career_141065697_522025,522025,Industrias Alimentarias,al_hr_pe.edu_inst_141065697
edu_career_141065697_611115,611115,Producción Agropecuaria,al_hr_pe.edu_inst_141065697
edu_career_141065697_714035,714035,Enfermería Técnica,al_hr_pe.edu_inst_141065697
edu_career_141065739_611115,611115,Producción Agropecuaria,al_hr_pe.edu_inst_141065739
edu_career_141065739_714035,714035,Enfermería Técnica,al_hr_pe.edu_inst_141065739
edu_career_141081116_337025,337025,Secretariado Ejecutivo,al_hr_pe.edu_inst_141081116
edu_career_141081116_342025,342025,Contabilidad,al_hr_pe.edu_inst_141081116
edu_career_141081116_441095,441095,Computación E Informática,al_hr_pe.edu_inst_141081116
edu_career_141081116_611115,611115,Producción Agropecuaria,al_hr_pe.edu_inst_141081116
edu_career_141081116_714035,714035,Enfermería Técnica,al_hr_pe.edu_inst_141081116
edu_career_141081116_716015,716015,Farmacia,al_hr_pe.edu_inst_141081116
edu_career_141081157_337025,337025,Secretariado Ejecutivo,al_hr_pe.edu_inst_141081157
edu_career_141081157_441095,441095,Computación E Informática,al_hr_pe.edu_inst_141081157
edu_career_141081157_594035,594035,Medio Ambiente Y Recursos Naturales,al_hr_pe.edu_inst_141081157
edu_career_141081157_611115,611115,Producción Agropecuaria,al_hr_pe.edu_inst_141081157
edu_career_141081157_714035,714035,Enfermería Técnica,al_hr_pe.edu_inst_141081157
edu_career_141081157_715025,715025,Laboratorio Clínico,al_hr_pe.edu_inst_141081157
edu_career_141101195_441095,441095,Computación E Informática,al_hr_pe.edu_inst_141101195
edu_career_141101195_713015,713015,Prótesis Dental,al_hr_pe.edu_inst_141101195
edu_career_141101633_441095,441095,Computación E Informática,al_hr_pe.edu_inst_141101633
edu_career_141101633_522025,522025,Industrias Alimentarias,al_hr_pe.edu_inst_141101633
edu_career_141101633_714035,714035,Enfermería Técnica,al_hr_pe.edu_inst_141101633
edu_career_141101641_441095,441095,Computación E Informática,al_hr_pe.edu_inst_141101641
edu_career_141101641_522025,522025,Industrias Alimentarias,al_hr_pe.edu_inst_141101641
edu_career_141101641_611115,611115,Producción Agropecuaria,al_hr_pe.edu_inst_141101641
edu_career_141102722_441095,441095,Computación E Informática,al_hr_pe.edu_inst_141102722
edu_career_141102722_526155,526155,Mecánica Agrícola,al_hr_pe.edu_inst_141102722
edu_career_141102722_611115,611115,Producción Agropecuaria,al_hr_pe.edu_inst_141102722
edu_career_141102763_526085,526085,Mantenimiento De Maquinaria Pesada,al_hr_pe.edu_inst_141102763
edu_career_141102763_526155,526155,Mecánica Agrícola,al_hr_pe.edu_inst_141102763
edu_career_141102763_528015,528015,Diseño De Modas,al_hr_pe.edu_inst_141102763
edu_career_141102763_611115,611115,Producción Agropecuaria,al_hr_pe.edu_inst_141102763
edu_career_141114412_215015,215015,Archivos,al_hr_pe.edu_inst_141114412
edu_career_141116177_337025,337025,Secretariado Ejecutivo,al_hr_pe.edu_inst_141116177
edu_career_141116177_342025,342025,Contabilidad,al_hr_pe.edu_inst_141116177
edu_career_141116177_422035,422035,Tecnología De Análisis Químico,al_hr_pe.edu_inst_141116177
edu_career_141116177_441095,441095,Computación E Informática,al_hr_pe.edu_inst_141116177
edu_career_141116177_524035,524035,Electrotécnia Industrial,al_hr_pe.edu_inst_141116177
edu_career_141116177_525065,525065,Electrónica Industrial,al_hr_pe.edu_inst_141116177
edu_career_141116177_526165,526165,Mecánica Automotriz,al_hr_pe.edu_inst_141116177
edu_career_141116177_714035,714035,Enfermería Técnica,al_hr_pe.edu_inst_141116177
edu_career_141116557_342025,342025,Contabilidad,al_hr_pe.edu_inst_141116557
edu_career_141116557_441095,441095,Computación E Informática,al_hr_pe.edu_inst_141116557
edu_career_141116557_524035,524035,Electrotécnia Industrial,al_hr_pe.edu_inst_141116557
edu_career_141116557_525065,525065,Electrónica Industrial,al_hr_pe.edu_inst_141116557
edu_career_141116557_526165,526165,Mecánica Automotriz,al_hr_pe.edu_inst_141116557
edu_career_141116557_611115,611115,Producción Agropecuaria,al_hr_pe.edu_inst_141116557
edu_career_141116557_714035,714035,Enfermería Técnica,al_hr_pe.edu_inst_141116557
edu_career_141116557_811055,811055,Guía Oficial De Turismo,al_hr_pe.edu_inst_141116557
edu_career_141121789_441095,441095,Computación E Informática,al_hr_pe.edu_inst_141121789
edu_career_141121789_714035,714035,Enfermería Técnica,al_hr_pe.edu_inst_141121789
edu_career_141122308_611115,611115,Producción Agropecuaria,al_hr_pe.edu_inst_141122308
edu_career_141122308_714035,714035,Enfermería Técnica,al_hr_pe.edu_inst_141122308
edu_career_141124601_332044,332044,Administración Turística,al_hr_pe.edu_inst_141124601
edu_career_141124601_332085,332085,Administración Hotelera,al_hr_pe.edu_inst_141124601
edu_career_141124601_811055,811055,Guía Oficial De Turismo,al_hr_pe.edu_inst_141124601
edu_career_141124833_524035,524035,Electrotécnia Industrial,al_hr_pe.edu_inst_141124833
edu_career_141124833_611115,611115,Producción Agropecuaria,al_hr_pe.edu_inst_141124833
edu_career_141124957_342025,342025,Contabilidad,al_hr_pe.edu_inst_141124957
edu_career_141124957_441095,441095,Computación E Informática,al_hr_pe.edu_inst_141124957
edu_career_141126457_441095,441095,Computación E Informática,al_hr_pe.edu_inst_141126457
edu_career_141126457_522025,522025,Industrias Alimentarias,al_hr_pe.edu_inst_141126457
edu_career_141126457_611115,611115,Producción Agropecuaria,al_hr_pe.edu_inst_141126457
edu_career_141127349_441095,441095,Computación E Informática,al_hr_pe.edu_inst_141127349
edu_career_141127349_611115,611115,Producción Agropecuaria,al_hr_pe.edu_inst_141127349
edu_career_141128156_342025,342025,Contabilidad,al_hr_pe.edu_inst_141128156
edu_career_141128156_611115,611115,Producción Agropecuaria,al_hr_pe.edu_inst_141128156
edu_career_141128156_714035,714035,Enfermería Técnica,al_hr_pe.edu_inst_141128156
edu_career_141128156_811055,811055,Guía Oficial De Turismo,al_hr_pe.edu_inst_141128156
edu_career_141138270_342025,342025,Contabilidad,al_hr_pe.edu_inst_141138270
edu_career_141138270_441095,441095,Computación E Informática,al_hr_pe.edu_inst_141138270
edu_career_141138270_526165,526165,Mecánica Automotriz,al_hr_pe.edu_inst_141138270
edu_career_141138270_611115,611115,Producción Agropecuaria,al_hr_pe.edu_inst_141138270
edu_career_141138270_714035,714035,Enfermería Técnica,al_hr_pe.edu_inst_141138270
edu_career_141142108_611115,611115,Producción Agropecuaria,al_hr_pe.edu_inst_141142108
edu_career_141144450_441095,441095,Computación E Informática,al_hr_pe.edu_inst_141144450
edu_career_141144450_526165,526165,Mecánica Automotriz,al_hr_pe.edu_inst_141144450
edu_career_141144450_591035,591035,Tecnología Pesquera,al_hr_pe.edu_inst_141144450
edu_career_141144450_714035,714035,Enfermería Técnica,al_hr_pe.edu_inst_141144450
edu_career_141145002_441095,441095,Computación E Informática,al_hr_pe.edu_inst_141145002
edu_career_141145002_611115,611115,Producción Agropecuaria,al_hr_pe.edu_inst_141145002
edu_career_141145002_714035,714035,Enfermería Técnica,al_hr_pe.edu_inst_141145002
edu_career_141145309_611115,611115,Producción Agropecuaria,al_hr_pe.edu_inst_141145309
edu_career_141145309_714035,714035,Enfermería Técnica,al_hr_pe.edu_inst_141145309
edu_career_141145713_441095,441095,Computación E Informática,al_hr_pe.edu_inst_141145713
edu_career_141145713_526165,526165,Mecánica Automotriz,al_hr_pe.edu_inst_141145713
edu_career_141145713_611115,611115,Producción Agropecuaria,al_hr_pe.edu_inst_141145713
edu_career_141145713_714035,714035,Enfermería Técnica,al_hr_pe.edu_inst_141145713
edu_career_141147669_611115,611115,Producción Agropecuaria,al_hr_pe.edu_inst_141147669
edu_career_141147669_714035,714035,Enfermería Técnica,al_hr_pe.edu_inst_141147669
edu_career_141148113_611115,611115,Producción Agropecuaria,al_hr_pe.edu_inst_141148113
edu_career_141148113_714035,714035,Enfermería Técnica,al_hr_pe.edu_inst_141148113
edu_career_141149459_342025,342025,Contabilidad,al_hr_pe.edu_inst_141149459
edu_career_141149459_526185,526185,Mecánica De Producción,al_hr_pe.edu_inst_141149459
edu_career_141149459_611115,611115,Producción Agropecuaria,al_hr_pe.edu_inst_141149459
edu_career_141149459_612015,612015,Administración De Recursos Forestales,al_hr_pe.edu_inst_141149459
edu_career_141150861_611115,611115,Producción Agropecuaria,al_hr_pe.edu_inst_141150861
edu_career_141153519_342025,342025,Contabilidad,al_hr_pe.edu_inst_141153519
edu_career_141153519_531025,531025,Construcción Civil,al_hr_pe.edu_inst_141153519
edu_career_141153519_611115,611115,Producción Agropecuaria,al_hr_pe.edu_inst_141153519
edu_career_141153519_714035,714035,Enfermería Técnica,al_hr_pe.edu_inst_141153519
edu_career_141155860_522025,522025,Industrias Alimentarias,al_hr_pe.edu_inst_141155860
edu_career_141155860_611115,611115,Producción Agropecuaria,al_hr_pe.edu_inst_141155860
edu_career_141155860_714035,714035,Enfermería Técnica,al_hr_pe.edu_inst_141155860
edu_career_141158385_526185,526185,Mecánica De Producción,al_hr_pe.edu_inst_141158385
edu_career_141158385_591035,591035,Tecnología Pesquera,al_hr_pe.edu_inst_141158385
edu_career_141158385_714035,714035,Enfermería Técnica,al_hr_pe.edu_inst_141158385
edu_career_141158914_331095,331095,Administración De Empresas,al_hr_pe.edu_inst_141158914
edu_career_141158914_331115,331115,Administración De Negocios,al_hr_pe.edu_inst_141158914
edu_career_141158914_342025,342025,Contabilidad,al_hr_pe.edu_inst_141158914
edu_career_141158914_441095,441095,Computación E Informática,al_hr_pe.edu_inst_141158914
edu_career_141158914_522025,522025,Industrias Alimentarias,al_hr_pe.edu_inst_141158914
edu_career_141158914_526165,526165,Mecánica Automotriz,al_hr_pe.edu_inst_141158914
edu_career_141158914_526185,526185,Mecánica De Producción,al_hr_pe.edu_inst_141158914
edu_career_141158914_531025,531025,Construcción Civil,al_hr_pe.edu_inst_141158914
edu_career_141158914_611115,611115,Producción Agropecuaria,al_hr_pe.edu_inst_141158914
edu_career_141158914_714035,714035,Enfermería Técnica,al_hr_pe.edu_inst_141158914
edu_career_141158922_522025,522025,Industrias Alimentarias,al_hr_pe.edu_inst_141158922
edu_career_141158922_526155,526155,Mecánica Agrícola,al_hr_pe.edu_inst_141158922
edu_career_141158922_714035,714035,Enfermería Técnica,al_hr_pe.edu_inst_141158922
edu_career_141160159_441095,441095,Computación E Informática,al_hr_pe.edu_inst_141160159
edu_career_141160159_527025,527025,Explotación Minera,al_hr_pe.edu_inst_141160159
edu_career_141160159_611115,611115,Producción Agropecuaria,al_hr_pe.edu_inst_141160159
edu_career_141160159_714035,714035,Enfermería Técnica,al_hr_pe.edu_inst_141160159
edu_career_141160175_441095,441095,Computación E Informática,al_hr_pe.edu_inst_141160175
edu_career_141160175_524035,524035,Electrotécnia Industrial,al_hr_pe.edu_inst_141160175
edu_career_141160175_526165,526165,Mecánica Automotriz,al_hr_pe.edu_inst_141160175
edu_career_141160175_611115,611115,Producción Agropecuaria,al_hr_pe.edu_inst_141160175
edu_career_141160175_714035,714035,Enfermería Técnica,al_hr_pe.edu_inst_141160175
edu_career_141165349_611115,611115,Producción Agropecuaria,al_hr_pe.edu_inst_141165349
edu_career_141165349_714035,714035,Enfermería Técnica,al_hr_pe.edu_inst_141165349
edu_career_141166560_342025,342025,Contabilidad,al_hr_pe.edu_inst_141166560
edu_career_141166560_611115,611115,Producción Agropecuaria,al_hr_pe.edu_inst_141166560
edu_career_141166560_714035,714035,Enfermería Técnica,al_hr_pe.edu_inst_141166560
edu_career_141167220_525065,525065,Electrónica Industrial,al_hr_pe.edu_inst_141167220
edu_career_141167220_526165,526165,Mecánica Automotriz,al_hr_pe.edu_inst_141167220
edu_career_141167220_714035,714035,Enfermería Técnica,al_hr_pe.edu_inst_141167220
edu_career_141167923_342025,342025,Contabilidad,al_hr_pe.edu_inst_141167923
edu_career_141167923_611115,611115,Producción Agropecuaria,al_hr_pe.edu_inst_141167923
edu_career_141172436_342025,342025,Contabilidad,al_hr_pe.edu_inst_141172436
edu_career_141172436_441095,441095,Computación E Informática,al_hr_pe.edu_inst_141172436
edu_career_141172436_714035,714035,Enfermería Técnica,al_hr_pe.edu_inst_141172436
edu_career_141175223_611115,611115,Producción Agropecuaria,al_hr_pe.edu_inst_141175223
edu_career_141175223_714035,714035,Enfermería Técnica,al_hr_pe.edu_inst_141175223
edu_career_141175371_611115,611115,Producción Agropecuaria,al_hr_pe.edu_inst_141175371
edu_career_141175371_714035,714035,Enfermería Técnica,al_hr_pe.edu_inst_141175371
edu_career_141175413_611115,611115,Producción Agropecuaria,al_hr_pe.edu_inst_141175413
edu_career_141175413_714035,714035,Enfermería Técnica,al_hr_pe.edu_inst_141175413
edu_career_141175454_611115,611115,Producción Agropecuaria,al_hr_pe.edu_inst_141175454
edu_career_141177336_441095,441095,Computación E Informática,al_hr_pe.edu_inst_141177336
edu_career_141177336_531025,531025,Construcción Civil,al_hr_pe.edu_inst_141177336
edu_career_141177336_611115,611115,Producción Agropecuaria,al_hr_pe.edu_inst_141177336
edu_career_141177336_714035,714035,Enfermería Técnica,al_hr_pe.edu_inst_141177336
edu_career_141177336_716015,716015,Farmacia,al_hr_pe.edu_inst_141177336
edu_career_141180363_331095,331095,Administración De Empresas,al_hr_pe.edu_inst_141180363
edu_career_141180363_337025,337025,Secretariado Ejecutivo,al_hr_pe.edu_inst_141180363
edu_career_141180363_342025,342025,Contabilidad,al_hr_pe.edu_inst_141180363
edu_career_141180363_441095,441095,Computación E Informática,al_hr_pe.edu_inst_141180363
edu_career_141180363_526165,526165,Mecánica Automotriz,al_hr_pe.edu_inst_141180363
edu_career_141180363_526185,526185,Mecánica De Producción,al_hr_pe.edu_inst_141180363
edu_career_141180405_342025,342025,Contabilidad,al_hr_pe.edu_inst_141180405
edu_career_141180405_441095,441095,Computación E Informática,al_hr_pe.edu_inst_141180405
edu_career_141180405_714035,714035,Enfermería Técnica,al_hr_pe.edu_inst_141180405
edu_career_141180561_342025,342025,Contabilidad,al_hr_pe.edu_inst_141180561
edu_career_141180561_422025,422025,Química Industrial,al_hr_pe.edu_inst_141180561
edu_career_141180561_441095,441095,Computación E Informática,al_hr_pe.edu_inst_141180561
edu_career_141180561_526165,526165,Mecánica Automotriz,al_hr_pe.edu_inst_141180561
edu_career_141180561_526185,526185,Mecánica De Producción,al_hr_pe.edu_inst_141180561
edu_career_141180561_591035,591035,Tecnología Pesquera,al_hr_pe.edu_inst_141180561
edu_career_141180561_714035,714035,Enfermería Técnica,al_hr_pe.edu_inst_141180561
edu_career_141180686_522025,522025,Industrias Alimentarias,al_hr_pe.edu_inst_141180686
edu_career_141180686_531025,531025,Construcción Civil,al_hr_pe.edu_inst_141180686
edu_career_141180686_714035,714035,Enfermería Técnica,al_hr_pe.edu_inst_141180686
edu_career_141180728_526185,526185,Mecánica De Producción,al_hr_pe.edu_inst_141180728
edu_career_141180728_714035,714035,Enfermería Técnica,al_hr_pe.edu_inst_141180728
edu_career_141180801_531025,531025,Construcción Civil,al_hr_pe.edu_inst_141180801
edu_career_141180801_611115,611115,Producción Agropecuaria,al_hr_pe.edu_inst_141180801
edu_career_141180801_714035,714035,Enfermería Técnica,al_hr_pe.edu_inst_141180801
edu_career_141180843_611015,611015,Administración De Negocios Agropecuarios,al_hr_pe.edu_inst_141180843
edu_career_141180843_611115,611115,Producción Agropecuaria,al_hr_pe.edu_inst_141180843
edu_career_141180843_714035,714035,Enfermería Técnica,al_hr_pe.edu_inst_141180843
edu_career_141187830_611115,611115,Producción Agropecuaria,al_hr_pe.edu_inst_141187830
edu_career_141187830_714035,714035,Enfermería Técnica,al_hr_pe.edu_inst_141187830
edu_career_141193135_342025,342025,Contabilidad,al_hr_pe.edu_inst_141193135
edu_career_141193135_522025,522025,Industrias Alimentarias,al_hr_pe.edu_inst_141193135
edu_career_141193135_611115,611115,Producción Agropecuaria,al_hr_pe.edu_inst_141193135
edu_career_141195890_342025,342025,Contabilidad,al_hr_pe.edu_inst_141195890
edu_career_141195890_611115,611115,Producción Agropecuaria,al_hr_pe.edu_inst_141195890
edu_career_141198217_441095,441095,Computación E Informática,al_hr_pe.edu_inst_141198217
edu_career_141198217_524035,524035,Electrotécnia Industrial,al_hr_pe.edu_inst_141198217
edu_career_141198217_526165,526165,Mecánica Automotriz,al_hr_pe.edu_inst_141198217
edu_career_141198217_526185,526185,Mecánica De Producción,al_hr_pe.edu_inst_141198217
edu_career_141198217_611015,611015,Administración De Negocios Agropecuarios,al_hr_pe.edu_inst_141198217
edu_career_141203520_342025,342025,Contabilidad,al_hr_pe.edu_inst_141203520
edu_career_141206630_611015,611015,Administración De Negocios Agropecuarios,al_hr_pe.edu_inst_141206630
edu_career_141206630_611115,611115,Producción Agropecuaria,al_hr_pe.edu_inst_141206630
edu_career_141206671_342025,342025,Contabilidad,al_hr_pe.edu_inst_141206671
edu_career_141206671_611015,611015,Administración De Negocios Agropecuarios,al_hr_pe.edu_inst_141206671
edu_career_141208073_611115,611115,Producción Agropecuaria,al_hr_pe.edu_inst_141208073
edu_career_141208073_714035,714035,Enfermería Técnica,al_hr_pe.edu_inst_141208073
edu_career_141214147_441095,441095,Computación E Informática,al_hr_pe.edu_inst_141214147
edu_career_141214147_526165,526165,Mecánica Automotriz,al_hr_pe.edu_inst_141214147
edu_career_141219146_337025,337025,Secretariado Ejecutivo,al_hr_pe.edu_inst_141219146
edu_career_141219146_522025,522025,Industrias Alimentarias,al_hr_pe.edu_inst_141219146
edu_career_141219146_526155,526155,Mecánica Agrícola,al_hr_pe.edu_inst_141219146
edu_career_141225325_611115,611115,Producción Agropecuaria,al_hr_pe.edu_inst_141225325
edu_career_141232610_714035,714035,Enfermería Técnica,al_hr_pe.edu_inst_141232610
edu_career_141249077_332065,332065,Administración De Servicios De Hostelería,al_hr_pe.edu_inst_141249077
edu_career_141249192_441095,441095,Computación E Informática,al_hr_pe.edu_inst_141249192
edu_career_141249192_611115,611115,Producción Agropecuaria,al_hr_pe.edu_inst_141249192
edu_career_141249796_337025,337025,Secretariado Ejecutivo,al_hr_pe.edu_inst_141249796
edu_career_141249796_526165,526165,Mecánica Automotriz,al_hr_pe.edu_inst_141249796
edu_career_141249796_611115,611115,Producción Agropecuaria,al_hr_pe.edu_inst_141249796
edu_career_141257369_342025,342025,Contabilidad,al_hr_pe.edu_inst_141257369
edu_career_141257369_522025,522025,Industrias Alimentarias,al_hr_pe.edu_inst_141257369
edu_career_141257369_531025,531025,Construcción Civil,al_hr_pe.edu_inst_141257369
edu_career_141257369_611115,611115,Producción Agropecuaria,al_hr_pe.edu_inst_141257369
edu_career_141257369_811055,811055,Guía Oficial De Turismo,al_hr_pe.edu_inst_141257369
edu_career_141274364_611055,611055,Fruticultura Y Olivicultura,al_hr_pe.edu_inst_141274364
edu_career_141276492_441035,441035,Administración Y Sistemas,al_hr_pe.edu_inst_141276492
edu_career_141276492_611115,611115,Producción Agropecuaria,al_hr_pe.edu_inst_141276492
edu_career_141280668_611115,611115,Producción Agropecuaria,al_hr_pe.edu_inst_141280668
edu_career_141302363_611115,611115,Producción Agropecuaria,al_hr_pe.edu_inst_141302363
edu_career_141303502_522025,522025,Industrias Alimentarias,al_hr_pe.edu_inst_141303502
edu_career_141313402_526085,526085,Mantenimiento De Maquinaria Pesada,al_hr_pe.edu_inst_141313402
edu_career_141313402_611115,611115,Producción Agropecuaria,al_hr_pe.edu_inst_141313402
edu_career_141314061_611115,611115,Producción Agropecuaria,al_hr_pe.edu_inst_141314061
edu_career_141314061_714035,714035,Enfermería Técnica,al_hr_pe.edu_inst_141314061
edu_career_141316520_441095,441095,Computación E Informática,al_hr_pe.edu_inst_141316520
edu_career_141316520_522025,522025,Industrias Alimentarias,al_hr_pe.edu_inst_141316520
edu_career_141327253_522025,522025,Industrias Alimentarias,al_hr_pe.edu_inst_141327253
edu_career_141327295_522025,522025,Industrias Alimentarias,al_hr_pe.edu_inst_141327295
edu_career_141327295_531025,531025,Construcción Civil,al_hr_pe.edu_inst_141327295
edu_career_141327295_611115,611115,Producción Agropecuaria,al_hr_pe.edu_inst_141327295
edu_career_141328970_522025,522025,Industrias Alimentarias,al_hr_pe.edu_inst_141328970
edu_career_141328970_526185,526185,Mecánica De Producción,al_hr_pe.edu_inst_141328970
edu_career_141328970_527025,527025,Explotación Minera,al_hr_pe.edu_inst_141328970
edu_career_141328970_611015,611015,Administración De Negocios Agropecuarios,al_hr_pe.edu_inst_141328970
edu_career_141328988_441095,441095,Computación E Informática,al_hr_pe.edu_inst_141328988
edu_career_141328988_611115,611115,Producción Agropecuaria,al_hr_pe.edu_inst_141328988
edu_career_141331503_611115,611115,Producción Agropecuaria,al_hr_pe.edu_inst_141331503
edu_career_141331503_714035,714035,Enfermería Técnica,al_hr_pe.edu_inst_141331503
edu_career_141331628_531025,531025,Construcción Civil,al_hr_pe.edu_inst_141331628
edu_career_141331628_611115,611115,Producción Agropecuaria,al_hr_pe.edu_inst_141331628
edu_career_141335744_611115,611115,Producción Agropecuaria,al_hr_pe.edu_inst_141335744
edu_career_141335744_811055,811055,Guía Oficial De Turismo,al_hr_pe.edu_inst_141335744
edu_career_141341759_811055,811055,Guía Oficial De Turismo,al_hr_pe.edu_inst_141341759
edu_career_141345073_611015,611015,Administración De Negocios Agropecuarios,al_hr_pe.edu_inst_141345073
edu_career_141345115_522025,522025,Industrias Alimentarias,al_hr_pe.edu_inst_141345115
edu_career_141345115_611115,611115,Producción Agropecuaria,al_hr_pe.edu_inst_141345115
edu_career_141348697_441095,441095,Computación E Informática,al_hr_pe.edu_inst_141348697
edu_career_141349943_441095,441095,Computación E Informática,al_hr_pe.edu_inst_141349943
edu_career_141349943_611115,611115,Producción Agropecuaria,al_hr_pe.edu_inst_141349943
edu_career_141350404_441095,441095,Computación E Informática,al_hr_pe.edu_inst_141350404
edu_career_141350404_611115,611115,Producción Agropecuaria,al_hr_pe.edu_inst_141350404
edu_career_141350404_714035,714035,Enfermería Técnica,al_hr_pe.edu_inst_141350404
edu_career_141350982_611115,611115,Producción Agropecuaria,al_hr_pe.edu_inst_141350982
edu_career_141351527_611115,611115,Producción Agropecuaria,al_hr_pe.edu_inst_141351527
edu_career_141351543_611015,611015,Administración De Negocios Agropecuarios,al_hr_pe.edu_inst_141351543
edu_career_141351956_441095,441095,Computación E Informática,al_hr_pe.edu_inst_141351956
edu_career_141351956_611115,611115,Producción Agropecuaria,al_hr_pe.edu_inst_141351956
edu_career_141355676_342025,342025,Contabilidad,al_hr_pe.edu_inst_141355676
edu_career_141355676_441095,441095,Computación E Informática,al_hr_pe.edu_inst_141355676
edu_career_141355676_713015,713015,Prótesis Dental,al_hr_pe.edu_inst_141355676
edu_career_141355692_523035,523035,Viticultura Y Enología,al_hr_pe.edu_inst_141355692
edu_career_141355692_611045,611045,Fruticultura,al_hr_pe.edu_inst_141355692
edu_career_141355692_611075,611075,Horticultura,al_hr_pe.edu_inst_141355692
edu_career_141359033_531025,531025,Construcción Civil,al_hr_pe.edu_inst_141359033
edu_career_141359033_611115,611115,Producción Agropecuaria,al_hr_pe.edu_inst_141359033
edu_career_141359033_714035,714035,Enfermería Técnica,al_hr_pe.edu_inst_141359033
edu_career_141359041_611115,611115,Producción Agropecuaria,al_hr_pe.edu_inst_141359041
edu_career_141364678_441095,441095,Computación E Informática,al_hr_pe.edu_inst_141364678
edu_career_141365865_611115,611115,Producción Agropecuaria,al_hr_pe.edu_inst_141365865
edu_career_141367127_611115,611115,Producción Agropecuaria,al_hr_pe.edu_inst_141367127
edu_career_141369792_611115,611115,Producción Agropecuaria,al_hr_pe.edu_inst_141369792
edu_career_141369792_714035,714035,Enfermería Técnica,al_hr_pe.edu_inst_141369792
edu_career_141369842_441095,441095,Computación E Informática,al_hr_pe.edu_inst_141369842
edu_career_141375310_526085,526085,Mantenimiento De Maquinaria Pesada,al_hr_pe.edu_inst_141375310
edu_career_141375310_528015,528015,Diseño De Modas,al_hr_pe.edu_inst_141375310
edu_career_141375310_611115,611115,Producción Agropecuaria,al_hr_pe.edu_inst_141375310
edu_career_141377126_531025,531025,Construcción Civil,al_hr_pe.edu_inst_141377126
edu_career_141377126_714035,714035,Enfermería Técnica,al_hr_pe.edu_inst_141377126
edu_career_141379171_714035,714035,Enfermería Técnica,al_hr_pe.edu_inst_141379171
edu_career_141380351_611115,611115,Producción Agropecuaria,al_hr_pe.edu_inst_141380351
edu_career_141384478_611115,611115,Producción Agropecuaria,al_hr_pe.edu_inst_141384478
edu_career_141384478_811055,811055,Guía Oficial De Turismo,al_hr_pe.edu_inst_141384478
edu_career_141384486_221025,221025,Construcción De Arte En Madera,al_hr_pe.edu_inst_141384486
edu_career_141384486_332125,332125,Gastronomía Y Arte Culinario,al_hr_pe.edu_inst_141384486
edu_career_141384486_531025,531025,Construcción Civil,al_hr_pe.edu_inst_141384486
edu_career_141385095_522035,522035,Industrias Alimentarias Lácteas,al_hr_pe.edu_inst_141385095
edu_career_141385426_441095,441095,Computación E Informática,al_hr_pe.edu_inst_141385426
edu_career_141389949_611115,611115,Producción Agropecuaria,al_hr_pe.edu_inst_141389949
edu_career_141389956_611115,611115,Producción Agropecuaria,al_hr_pe.edu_inst_141389956
edu_career_141389972_522025,522025,Industrias Alimentarias,al_hr_pe.edu_inst_141389972
edu_career_141389972_611115,611115,Producción Agropecuaria,al_hr_pe.edu_inst_141389972
edu_career_141389980_611115,611115,Producción Agropecuaria,al_hr_pe.edu_inst_141389980
edu_career_141390004_441095,441095,Computación E Informática,al_hr_pe.edu_inst_141390004
edu_career_141390608_525065,525065,Electrónica Industrial,al_hr_pe.edu_inst_141390608
edu_career_141390608_526165,526165,Mecánica Automotriz,al_hr_pe.edu_inst_141390608
edu_career_141391739_441095,441095,Computación E Informática,al_hr_pe.edu_inst_141391739
edu_career_141391747_531025,531025,Construcción Civil,al_hr_pe.edu_inst_141391747
edu_career_141392695_714035,714035,Enfermería Técnica,al_hr_pe.edu_inst_141392695
edu_career_141393800_611115,611115,Producción Agropecuaria,al_hr_pe.edu_inst_141393800
edu_career_141396217_811055,811055,Guía Oficial De Turismo,al_hr_pe.edu_inst_141396217
edu_career_141396290_342025,342025,Contabilidad,al_hr_pe.edu_inst_141396290
edu_career_141403559_526165,526165,Mecánica Automotriz,al_hr_pe.edu_inst_141403559
edu_career_141403559_526185,526185,Mecánica De Producción,al_hr_pe.edu_inst_141403559
edu_career_141403559_527025,527025,Explotación Minera,al_hr_pe.edu_inst_141403559
edu_career_141403575_611115,611115,Producción Agropecuaria,al_hr_pe.edu_inst_141403575
edu_career_141412212_611115,611115,Producción Agropecuaria,al_hr_pe.edu_inst_141412212
edu_career_141417203_714035,714035,Enfermería Técnica,al_hr_pe.edu_inst_141417203
edu_career_141530971_522025,522025,Industrias Alimentarias,al_hr_pe.edu_inst_141530971
edu_career_141539543_611115,611115,Producción Agropecuaria,al_hr_pe.edu_inst_141539543
edu_career_141550789_714035,714035,Enfermería Técnica,al_hr_pe.edu_inst_141550789
edu_career_141580034_522025,522025,Industrias Alimentarias,al_hr_pe.edu_inst_141580034
edu_career_141580034_611115,611115,Producción Agropecuaria,al_hr_pe.edu_inst_141580034
edu_career_141590868_611115,611115,Producción Agropecuaria,al_hr_pe.edu_inst_141590868
edu_career_141604206_611115,611115,Producción Agropecuaria,al_hr_pe.edu_inst_141604206
edu_career_141604206_811055,811055,Guía Oficial De Turismo,al_hr_pe.edu_inst_141604206
edu_career_141614262_522025,522025,Industrias Alimentarias,al_hr_pe.edu_inst_141614262
edu_career_141614262_611115,611115,Producción Agropecuaria,al_hr_pe.edu_inst_141614262
edu_career_150207597_111015,111015,Educación Inicial,al_hr_pe.edu_inst_150207597
edu_career_150207597_121065,121065,"Educación Secundaria, Especialidad: Ciencias Sociales",al_hr_pe.edu_inst_150207597
edu_career_150207613_112025,112025,Educación Primaria (Intercultural Y Bilingüe),al_hr_pe.edu_inst_150207613
edu_career_150207613_121015,121015,Educación En Computación E Informática,al_hr_pe.edu_inst_150207613
edu_career_150207613_121035,121035,Educación Para El Trabajo,al_hr_pe.edu_inst_150207613
edu_career_150207613_131015,131015,Educación Física,al_hr_pe.edu_inst_150207613
edu_career_150239970_111015,111015,Educación Inicial,al_hr_pe.edu_inst_150239970
edu_career_150239970_112015,112015,Educación Primaria,al_hr_pe.edu_inst_150239970
edu_career_150239970_121055,121055,"Educación Secundaria, Especialidad: Ciencia, Tecnología Y Ambiente",al_hr_pe.edu_inst_150239970
edu_career_150239970_121065,121065,"Educación Secundaria, Especialidad: Ciencias Sociales",al_hr_pe.edu_inst_150239970
edu_career_150239970_121075,121075,"Educación Secundaria, Especialidad: Comunicación",al_hr_pe.edu_inst_150239970
edu_career_150239970_121085,121085,"Educación Secundaria, Especialidad: Matemática",al_hr_pe.edu_inst_150239970
edu_career_150262311_112015,112015,Educación Primaria,al_hr_pe.edu_inst_150262311
edu_career_150262311_121015,121015,Educación En Computación E Informática,al_hr_pe.edu_inst_150262311
edu_career_150262311_121025,121025,Educación En Idiomas - Inglés,al_hr_pe.edu_inst_150262311
edu_career_150262311_121055,121055,"Educación Secundaria, Especialidad: Ciencia, Tecnología Y Ambiente",al_hr_pe.edu_inst_150262311
edu_career_150262311_121075,121075,"Educación Secundaria, Especialidad: Comunicación",al_hr_pe.edu_inst_150262311
edu_career_150262311_121085,121085,"Educación Secundaria, Especialidad: Matemática",al_hr_pe.edu_inst_150262311
edu_career_150273979_111015,111015,Educación Inicial,al_hr_pe.edu_inst_150273979
edu_career_150273979_121015,121015,Educación En Computación E Informática,al_hr_pe.edu_inst_150273979
edu_career_150273979_121035,121035,Educación Para El Trabajo,al_hr_pe.edu_inst_150273979
edu_career_150273979_121055,121055,"Educación Secundaria, Especialidad: Ciencia, Tecnología Y Ambiente",al_hr_pe.edu_inst_150273979
edu_career_150273979_121085,121085,"Educación Secundaria, Especialidad: Matemática",al_hr_pe.edu_inst_150273979
edu_career_150276188_121015,121015,Educación En Computación E Informática,al_hr_pe.edu_inst_150276188
edu_career_150276188_121025,121025,Educación En Idiomas - Inglés,al_hr_pe.edu_inst_150276188
edu_career_150276188_131015,131015,Educación Física,al_hr_pe.edu_inst_150276188
edu_career_150290924_121015,121015,Educación En Computación E Informática,al_hr_pe.edu_inst_150290924
edu_career_150290924_121025,121025,Educación En Idiomas - Inglés,al_hr_pe.edu_inst_150290924
edu_career_150290924_121035,121035,Educación Para El Trabajo,al_hr_pe.edu_inst_150290924
edu_career_150310656_121015,121015,Educación En Computación E Informática,al_hr_pe.edu_inst_150310656
edu_career_150310656_121025,121025,Educación En Idiomas - Inglés,al_hr_pe.edu_inst_150310656
edu_career_150310656_121055,121055,"Educación Secundaria, Especialidad: Ciencia, Tecnología Y Ambiente",al_hr_pe.edu_inst_150310656
edu_career_150310656_131015,131015,Educación Física,al_hr_pe.edu_inst_150310656
edu_career_150356972_111015,111015,Educación Inicial,al_hr_pe.edu_inst_150356972
edu_career_150356972_112015,112015,Educación Primaria,al_hr_pe.edu_inst_150356972
edu_career_150356972_121045,121045,Educación Religiosa,al_hr_pe.edu_inst_150356972
edu_career_150391151_121015,121015,Educación En Computación E Informática,al_hr_pe.edu_inst_150391151
edu_career_150391151_131015,131015,Educación Física,al_hr_pe.edu_inst_150391151
edu_career_150391151_199015,199015,Educación Básica Alternativa,al_hr_pe.edu_inst_150391151
edu_career_150391169_111015,111015,Educación Inicial,al_hr_pe.edu_inst_150391169
edu_career_150391169_121015,121015,Educación En Computación E Informática,al_hr_pe.edu_inst_150391169
edu_career_150391169_131015,131015,Educación Física,al_hr_pe.edu_inst_150391169
edu_career_150412189_111015,111015,Educación Inicial,al_hr_pe.edu_inst_150412189
edu_career_150412189_111025,111025,Educación Inicial (Intercultural Y Bilingüe),al_hr_pe.edu_inst_150412189
edu_career_150412189_112015,112015,Educación Primaria,al_hr_pe.edu_inst_150412189
edu_career_150412189_121025,121025,Educación En Idiomas - Inglés,al_hr_pe.edu_inst_150412189
edu_career_150412189_121055,121055,"Educación Secundaria, Especialidad: Ciencia, Tecnología Y Ambiente",al_hr_pe.edu_inst_150412189
edu_career_150412189_121065,121065,"Educación Secundaria, Especialidad: Ciencias Sociales",al_hr_pe.edu_inst_150412189
edu_career_150412189_121075,121075,"Educación Secundaria, Especialidad: Comunicación",al_hr_pe.edu_inst_150412189
edu_career_150412189_121085,121085,"Educación Secundaria, Especialidad: Matemática",al_hr_pe.edu_inst_150412189
edu_career_150412189_121095,121095,Educación Secundaria Técnica,al_hr_pe.edu_inst_150412189
edu_career_150412189_131015,131015,Educación Física,al_hr_pe.edu_inst_150412189
edu_career_150419937_111025,111025,Educación Inicial (Intercultural Y Bilingüe),al_hr_pe.edu_inst_150419937
edu_career_150419937_112025,112025,Educación Primaria (Intercultural Y Bilingüe),al_hr_pe.edu_inst_150419937
edu_career_150419937_121015,121015,Educación En Computación E Informática,al_hr_pe.edu_inst_150419937
edu_career_150419937_121025,121025,Educación En Idiomas - Inglés,al_hr_pe.edu_inst_150419937
edu_career_150419937_131015,131015,Educación Física,al_hr_pe.edu_inst_150419937
edu_career_150421412_111025,111025,Educación Inicial (Intercultural Y Bilingüe),al_hr_pe.edu_inst_150421412
edu_career_150421412_112025,112025,Educación Primaria (Intercultural Y Bilingüe),al_hr_pe.edu_inst_150421412
edu_career_150421412_121015,121015,Educación En Computación E Informática,al_hr_pe.edu_inst_150421412
edu_career_150421412_121025,121025,Educación En Idiomas - Inglés,al_hr_pe.edu_inst_150421412
edu_career_150453761_111015,111015,Educación Inicial,al_hr_pe.edu_inst_150453761
edu_career_150453761_112015,112015,Educación Primaria,al_hr_pe.edu_inst_150453761
edu_career_150453761_121015,121015,Educación En Computación E Informática,al_hr_pe.edu_inst_150453761
edu_career_150453761_121025,121025,Educación En Idiomas - Inglés,al_hr_pe.edu_inst_150453761
edu_career_150453761_121065,121065,"Educación Secundaria, Especialidad: Ciencias Sociales",al_hr_pe.edu_inst_150453761
edu_career_150453761_121075,121075,"Educación Secundaria, Especialidad: Comunicación",al_hr_pe.edu_inst_150453761
edu_career_150453761_131015,131015,Educación Física,al_hr_pe.edu_inst_150453761
edu_career_150453787_121015,121015,Educación En Computación E Informática,al_hr_pe.edu_inst_150453787
edu_career_150453787_121025,121025,Educación En Idiomas - Inglés,al_hr_pe.edu_inst_150453787
edu_career_150453787_121045,121045,Educación Religiosa,al_hr_pe.edu_inst_150453787
edu_career_150453787_131015,131015,Educación Física,al_hr_pe.edu_inst_150453787
edu_career_150474320_111015,111015,Educación Inicial,al_hr_pe.edu_inst_150474320
edu_career_150474320_112015,112015,Educación Primaria,al_hr_pe.edu_inst_150474320
edu_career_150474320_121015,121015,Educación En Computación E Informática,al_hr_pe.edu_inst_150474320
edu_career_150474320_121055,121055,"Educación Secundaria, Especialidad: Ciencia, Tecnología Y Ambiente",al_hr_pe.edu_inst_150474320
edu_career_150474320_121065,121065,"Educación Secundaria, Especialidad: Ciencias Sociales",al_hr_pe.edu_inst_150474320
edu_career_150474320_121075,121075,"Educación Secundaria, Especialidad: Comunicación",al_hr_pe.edu_inst_150474320
edu_career_150474320_131015,131015,Educación Física,al_hr_pe.edu_inst_150474320
edu_career_150512855_111015,111015,Educacion Inicial,al_hr_pe.edu_inst_150512855
edu_career_150512855_112015,112015,Educacion Primaria,al_hr_pe.edu_inst_150512855
edu_career_150512855_121015,121015,Educación En Computación E Informática,al_hr_pe.edu_inst_150512855
edu_career_150512855_121055,121055,"Educación Secundaria, Especialidad: Ciencia, Tecnología Y Ambiente",al_hr_pe.edu_inst_150512855
edu_career_150512855_121065,121065,"Educación Secundaria, Especialidad: Ciencias Sociales",al_hr_pe.edu_inst_150512855
edu_career_150512855_121075,121075,"Educación Secundaria, Especialidad: Comunicación",al_hr_pe.edu_inst_150512855
edu_career_150512855_121085,121085,"Educación Secundaria, Especialidad: Matemática",al_hr_pe.edu_inst_150512855
edu_career_150512855_131015,131015,Educación Física,al_hr_pe.edu_inst_150512855
edu_career_150567784_111015,111015,Educación Inicial,al_hr_pe.edu_inst_150567784
edu_career_150567784_111025,111025,Educación Inicial (Intercultural Y Bilingüe),al_hr_pe.edu_inst_150567784
edu_career_150567784_121015,121015,Educación En Computación E Informática,al_hr_pe.edu_inst_150567784
edu_career_150575126_111015,111015,Educación Inicial,al_hr_pe.edu_inst_150575126
edu_career_150575308_111015,111015,Educación Inicial,al_hr_pe.edu_inst_150575308
edu_career_150575308_121065,121065,"Educación Secundaria, Especialidad: Ciencias Sociales",al_hr_pe.edu_inst_150575308
edu_career_150575308_121075,121075,"Educación Secundaria, Especialidad: Comunicación",al_hr_pe.edu_inst_150575308
edu_career_150575779_121015,121015,Educación En Computación E Informática,al_hr_pe.edu_inst_150575779
edu_career_150575779_131015,131015,Educación Física,al_hr_pe.edu_inst_150575779
edu_career_150575779_199015,199015,Educación Básica Alternativa,al_hr_pe.edu_inst_150575779
edu_career_150576553_111015,111015,Educación Inicial,al_hr_pe.edu_inst_150576553
edu_career_150576553_121025,121025,Educación En Idiomas - Inglés,al_hr_pe.edu_inst_150576553
edu_career_150576553_121035,121035,Educación Para El Trabajo,al_hr_pe.edu_inst_150576553
edu_career_150576553_121055,121055,"Educación Secundaria, Especialidad: Ciencia, Tecnología Y Ambiente",al_hr_pe.edu_inst_150576553
edu_career_150576553_121075,121075,"Educación Secundaria, Especialidad: Comunicación",al_hr_pe.edu_inst_150576553
edu_career_150576553_121085,121085,"Educación Secundaria, Especialidad: Matemática",al_hr_pe.edu_inst_150576553
edu_career_150584755_121055,121055,"Educación Secundaria, Especialidad: Ciencia, Tecnología Y Ambiente",al_hr_pe.edu_inst_150584755
edu_career_150584755_121075,121075,"Educación Secundaria, Especialidad: Comunicación",al_hr_pe.edu_inst_150584755
edu_career_150584755_131015,131015,Educación Física,al_hr_pe.edu_inst_150584755
edu_career_150586669_111025,111025,Educación Inicial (Intercultural Y Bilingüe),al_hr_pe.edu_inst_150586669
edu_career_150586669_112025,112025,Educación Primaria (Intercultural Y Bilingüe),al_hr_pe.edu_inst_150586669
edu_career_150586669_121015,121015,Educación En Computación E Informática,al_hr_pe.edu_inst_150586669
edu_career_150586669_121055,121055,"Educación Secundaria, Especialidad: Ciencia, Tecnología Y Ambiente",al_hr_pe.edu_inst_150586669
edu_career_150586669_121065,121065,"Educación Secundaria, Especialidad: Ciencias Sociales",al_hr_pe.edu_inst_150586669
edu_career_150586669_131015,131015,Educación Física,al_hr_pe.edu_inst_150586669
edu_career_150586669_199015,199015,Educación Básica Alternativa,al_hr_pe.edu_inst_150586669
edu_career_150591859_121025,121025,Educación En Idiomas - Inglés,al_hr_pe.edu_inst_150591859
edu_career_150591859_121035,121035,Educación Para El Trabajo,al_hr_pe.edu_inst_150591859
edu_career_150591859_131015,131015,Educación Física,al_hr_pe.edu_inst_150591859
edu_career_150591909_111015,111015,Educación Inicial,al_hr_pe.edu_inst_150591909
edu_career_150591909_112015,112015,Educación Primaria,al_hr_pe.edu_inst_150591909
edu_career_150591909_441095,441095,Computación E Informática,al_hr_pe.edu_inst_150591909
edu_career_150591909_522025,522025,Industrias Alimentarias,al_hr_pe.edu_inst_150591909
edu_career_150591909_531025,531025,Construcción Civil,al_hr_pe.edu_inst_150591909
edu_career_150591909_611115,611115,Producción Agropecuaria,al_hr_pe.edu_inst_150591909
edu_career_150595090_111025,111025,Educación Inicial (Intercultural Y Bilingüe),al_hr_pe.edu_inst_150595090
edu_career_150595090_112025,112025,Educación Primaria (Intercultural Y Bilingüe),al_hr_pe.edu_inst_150595090
edu_career_150595090_121055,121055,"Educación Secundaria, Especialidad: Ciencia, Tecnología Y Ambiente",al_hr_pe.edu_inst_150595090
edu_career_150595090_121065,121065,"Educación Secundaria, Especialidad: Ciencias Sociales",al_hr_pe.edu_inst_150595090
edu_career_150595090_121075,121075,"Educación Secundaria, Especialidad: Comunicación",al_hr_pe.edu_inst_150595090
edu_career_150597278_111015,111015,Educación Inicial,al_hr_pe.edu_inst_150597278
edu_career_150597278_112015,112015,Educación Primaria,al_hr_pe.edu_inst_150597278
edu_career_150597278_121015,121015,Educación En Computación E Informática,al_hr_pe.edu_inst_150597278
edu_career_150597278_121025,121025,Educación En Idiomas - Inglés,al_hr_pe.edu_inst_150597278
edu_career_150597278_121075,121075,"Educación Secundaria, Especialidad: Comunicación",al_hr_pe.edu_inst_150597278
edu_career_150597278_121085,121085,"Educación Secundaria, Especialidad: Matemática",al_hr_pe.edu_inst_150597278
edu_career_150597278_131015,131015,Educación Física,al_hr_pe.edu_inst_150597278
edu_career_150598367_111015,111015,Educación Inicial,al_hr_pe.edu_inst_150598367
edu_career_150598367_121015,121015,Educación En Computación E Informática,al_hr_pe.edu_inst_150598367
edu_career_150598367_121055,121055,"Educación Secundaria, Especialidad: Ciencia, Tecnología Y Ambiente",al_hr_pe.edu_inst_150598367
edu_career_150598367_121065,121065,"Educación Secundaria, Especialidad: Ciencias Sociales",al_hr_pe.edu_inst_150598367
edu_career_150598367_121075,121075,"Educación Secundaria, Especialidad: Comunicación",al_hr_pe.edu_inst_150598367
edu_career_150598367_131015,131015,Educación Física,al_hr_pe.edu_inst_150598367
edu_career_150604371_111025,111025,Educación Inicial (Intercultural Y Bilingüe),al_hr_pe.edu_inst_150604371
edu_career_150604371_112025,112025,Educación Primaria (Intercultural Y Bilingüe),al_hr_pe.edu_inst_150604371
edu_career_150604371_121015,121015,Educación En Computación E Informática,al_hr_pe.edu_inst_150604371
edu_career_150604371_131015,131015,Educación Física,al_hr_pe.edu_inst_150604371
edu_career_150608299_112015,112015,Educación Primaria,al_hr_pe.edu_inst_150608299
edu_career_150608299_121015,121015,Educación En Computación E Informática,al_hr_pe.edu_inst_150608299
edu_career_150608299_121025,121025,Educación En Idiomas - Inglés,al_hr_pe.edu_inst_150608299
edu_career_150608299_121085,121085,"Educación Secundaria, Especialidad: Matemática",al_hr_pe.edu_inst_150608299
edu_career_150608299_131015,131015,Educación Física,al_hr_pe.edu_inst_150608299
edu_career_150609370_121015,121015,Educación En Computación E Informática,al_hr_pe.edu_inst_150609370
edu_career_150609370_121055,121055,"Educación Secundaria, Especialidad: Ciencia, Tecnología Y Ambiente",al_hr_pe.edu_inst_150609370
edu_career_150609370_131015,131015,Educación Física,al_hr_pe.edu_inst_150609370
edu_career_150610519_111015,111015,Educación Inicial,al_hr_pe.edu_inst_150610519
edu_career_150610519_112015,112015,Educación Primaria,al_hr_pe.edu_inst_150610519
edu_career_150610519_121025,121025,Educación En Idiomas - Inglés,al_hr_pe.edu_inst_150610519
edu_career_150610519_121055,121055,"Educación Secundaria, Especialidad: Ciencia, Tecnología Y Ambiente",al_hr_pe.edu_inst_150610519
edu_career_150610519_121065,121065,"Educación Secundaria, Especialidad: Ciencias Sociales",al_hr_pe.edu_inst_150610519
edu_career_150610519_121085,121085,"Educación Secundaria, Especialidad: Matemática",al_hr_pe.edu_inst_150610519
edu_career_150610519_131015,131015,Educación Física,al_hr_pe.edu_inst_150610519
edu_career_150611525_121015,121015,Educación En Computación E Informática,al_hr_pe.edu_inst_150611525
edu_career_150611525_121025,121025,Educación En Idiomas - Inglés,al_hr_pe.edu_inst_150611525
edu_career_150611525_121065,121065,"Educación Secundaria, Especialidad: Ciencias Sociales",al_hr_pe.edu_inst_150611525
edu_career_150611525_131015,131015,Educación Física,al_hr_pe.edu_inst_150611525
edu_career_150622936_121015,121015,Educación En Computación E Informática,al_hr_pe.edu_inst_150622936
edu_career_150622936_121025,121025,Educación En Idiomas - Inglés,al_hr_pe.edu_inst_150622936
edu_career_150622969_111015,111015,Educación Inicial,al_hr_pe.edu_inst_150622969
edu_career_150622969_121025,121025,Educación En Idiomas - Inglés,al_hr_pe.edu_inst_150622969
edu_career_150623025_121025,121025,"Idiomas, Especialidad: Inglés",al_hr_pe.edu_inst_150623025
edu_career_150623025_121055,121055,"Educación Secundaria, Especialidad: Ciencia, Tecnología Y Ambiente",al_hr_pe.edu_inst_150623025
edu_career_150623025_121075,121075,"Educación Secundaria, Especialidad: Comunicación",al_hr_pe.edu_inst_150623025
edu_career_150630558_121015,121015,Educación En Computación E Informática,al_hr_pe.edu_inst_150630558
edu_career_150630558_121095,121095,Educación Secundaria Técnica,al_hr_pe.edu_inst_150630558
edu_career_150630558_131015,131015,Educación Física,al_hr_pe.edu_inst_150630558
edu_career_150630616_131015,131015,Educación Física,al_hr_pe.edu_inst_150630616
edu_career_150634659_111015,111015,Educación Inicial,al_hr_pe.edu_inst_150634659
edu_career_150634659_112015,112015,Educación Primaria,al_hr_pe.edu_inst_150634659
edu_career_150634659_121015,121015,Educación En Computación E Informática,al_hr_pe.edu_inst_150634659
edu_career_150634659_121025,121025,Educación En Idiomas - Inglés,al_hr_pe.edu_inst_150634659
edu_career_150634659_121075,121075,"Educación Secundaria, Especialidad: Comunicación",al_hr_pe.edu_inst_150634659
edu_career_150634659_121085,121085,"Educación Secundaria, Especialidad: Matemática",al_hr_pe.edu_inst_150634659
edu_career_150634659_131015,131015,Educación Física,al_hr_pe.edu_inst_150634659
edu_career_150636811_121015,121015,Educación En Computación E Informática,al_hr_pe.edu_inst_150636811
edu_career_150636811_121025,121025,Educación En Idiomas - Inglés,al_hr_pe.edu_inst_150636811
edu_career_150636811_121055,121055,"Educación Secundaria, Especialidad: Ciencia, Tecnología Y Ambiente",al_hr_pe.edu_inst_150636811
edu_career_150636811_131015,131015,Educación Física,al_hr_pe.edu_inst_150636811
edu_career_150637116_111025,111025,Educación Inicial (Intercultural Y Bilingüe),al_hr_pe.edu_inst_150637116
edu_career_150637116_112025,112025,Educación Primaria (Intercultural Y Bilingüe),al_hr_pe.edu_inst_150637116
edu_career_150637116_121015,121015,Educación En Computación E Informática,al_hr_pe.edu_inst_150637116
edu_career_150637116_121055,121055,"Educación Secundaria, Especialidad: Ciencia, Tecnología Y Ambiente",al_hr_pe.edu_inst_150637116
edu_career_150637116_131015,131015,Educación Física,al_hr_pe.edu_inst_150637116
edu_career_150638130_112015,112015,Educación Primaria,al_hr_pe.edu_inst_150638130
edu_career_150638130_121015,121015,Educación En Computación E Informática,al_hr_pe.edu_inst_150638130
edu_career_150638130_121025,121025,Educación En Idiomas - Inglés,al_hr_pe.edu_inst_150638130
edu_career_150638130_131015,131015,Educación Física,al_hr_pe.edu_inst_150638130
edu_career_150642090_121015,121015,Educación En Computación E Informática,al_hr_pe.edu_inst_150642090
edu_career_150642090_121025,121025,Educación En Idiomas - Inglés,al_hr_pe.edu_inst_150642090
edu_career_150642348_112015,112015,Educación Primaria,al_hr_pe.edu_inst_150642348
edu_career_150642348_121055,121055,"Educación Secundaria, Especialidad: Ciencia, Tecnología Y Ambiente",al_hr_pe.edu_inst_150642348
edu_career_150642348_121085,121085,"Educación Secundaria, Especialidad: Matemática",al_hr_pe.edu_inst_150642348
edu_career_150642348_131015,131015,Educación Física,al_hr_pe.edu_inst_150642348
edu_career_150644807_111015,111015,Educación Inicial,al_hr_pe.edu_inst_150644807
edu_career_150644807_112015,112015,Educación Primaria,al_hr_pe.edu_inst_150644807
edu_career_150644807_121075,121075,"Educación Secundaria, Especialidad: Comunicación",al_hr_pe.edu_inst_150644807
edu_career_150644807_121085,121085,"Educación Secundaria, Especialidad: Matemática",al_hr_pe.edu_inst_150644807
edu_career_150653584_112015,112015,Educación Primaria,al_hr_pe.edu_inst_150653584
edu_career_150653584_121015,121015,Educación En Computación E Informática,al_hr_pe.edu_inst_150653584
edu_career_150653592_112015,112015,Educación Primaria,al_hr_pe.edu_inst_150653592
edu_career_150653592_121015,121015,Educación En Computación E Informática,al_hr_pe.edu_inst_150653592
edu_career_150653592_121055,121055,"Educación Secundaria, Especialidad: Ciencia, Tecnología Y Ambiente",al_hr_pe.edu_inst_150653592
edu_career_150653592_121065,121065,"Educación Secundaria, Especialidad: Ciencias Sociales",al_hr_pe.edu_inst_150653592
edu_career_150653592_121075,121075,"Educación Secundaria, Especialidad: Comunicación",al_hr_pe.edu_inst_150653592
edu_career_150653592_121095,121095,Educación Secundaria Técnica,al_hr_pe.edu_inst_150653592
edu_career_150666479_111025,111025,Educación Inicial (Intercultural Y Bilingüe),al_hr_pe.edu_inst_150666479
edu_career_150666479_112025,112025,Educación Primaria (Intercultural Y Bilingüe),al_hr_pe.edu_inst_150666479
edu_career_150666479_121075,121075,"Educación Secundaria, Especialidad: Comunicación",al_hr_pe.edu_inst_150666479
edu_career_150666479_121085,121085,"Educación Secundaria, Especialidad: Matemática",al_hr_pe.edu_inst_150666479
edu_career_150676312_111015,111015,Educación Inicial,al_hr_pe.edu_inst_150676312
edu_career_150676312_111025,111025,Educación Inicial (Intercultural Y Bilingüe),al_hr_pe.edu_inst_150676312
edu_career_150676312_112025,112025,Educación Primaria (Intercultural Y Bilingüe),al_hr_pe.edu_inst_150676312
edu_career_150676312_121015,121015,Educación En Computación E Informática,al_hr_pe.edu_inst_150676312
edu_career_150676312_121055,121055,"Educación Secundaria, Especialidad: Ciencia, Tecnología Y Ambiente",al_hr_pe.edu_inst_150676312
edu_career_150676312_121065,121065,"Educación Secundaria, Especialidad: Ciencias Sociales",al_hr_pe.edu_inst_150676312
edu_career_150676312_121075,121075,"Educación Secundaria, Especialidad: Comunicación",al_hr_pe.edu_inst_150676312
edu_career_150676312_131015,131015,Educación Física,al_hr_pe.edu_inst_150676312
edu_career_150681627_112015,112015,Educación Primaria,al_hr_pe.edu_inst_150681627
edu_career_150686618_111015,111015,Educación Inicial,al_hr_pe.edu_inst_150686618
edu_career_150686618_112015,112015,Educación Primaria,al_hr_pe.edu_inst_150686618
edu_career_150686618_121015,121015,Educación En Computación E Informática,al_hr_pe.edu_inst_150686618
edu_career_150686618_121025,121025,Educación En Idiomas - Inglés,al_hr_pe.edu_inst_150686618
edu_career_150686618_121055,121055,"Educación Secundaria, Especialidad: Ciencia, Tecnología Y Ambiente",al_hr_pe.edu_inst_150686618
edu_career_150686618_121075,121075,"Educación Secundaria, Especialidad: Comunicación",al_hr_pe.edu_inst_150686618
edu_career_150686618_131015,131015,Educación Física,al_hr_pe.edu_inst_150686618
edu_career_150686618_199015,199015,Educación Básica Alternativa,al_hr_pe.edu_inst_150686618
edu_career_150688069_131015,131015,Educación Física,al_hr_pe.edu_inst_150688069
edu_career_150688341_111015,111015,Educación Inicial,al_hr_pe.edu_inst_150688341
edu_career_150688341_112025,112025,Educación Primaria (Intercultural Y Bilingüe),al_hr_pe.edu_inst_150688341
edu_career_150688341_121055,121055,"Educación Secundaria, Especialidad: Ciencia, Tecnología Y Ambiente",al_hr_pe.edu_inst_150688341
edu_career_150688341_131015,131015,Educación Física,al_hr_pe.edu_inst_150688341
edu_career_150688341_199015,199015,Educación Básica Alternativa,al_hr_pe.edu_inst_150688341
edu_career_150690388_121015,121015,Educación En Computación E Informática,al_hr_pe.edu_inst_150690388
edu_career_150690388_121025,121025,Educación En Idiomas - Inglés,al_hr_pe.edu_inst_150690388
edu_career_150690388_131015,131015,Educación Física,al_hr_pe.edu_inst_150690388
edu_career_150695452_111015,111015,Educación Inicial,al_hr_pe.edu_inst_150695452
edu_career_150695452_112015,112015,Educación Primaria,al_hr_pe.edu_inst_150695452
edu_career_150695452_121025,121025,Educación En Idiomas - Inglés,al_hr_pe.edu_inst_150695452
edu_career_150695452_121055,121055,"Educación Secundaria, Especialidad: Ciencia, Tecnología Y Ambiente",al_hr_pe.edu_inst_150695452
edu_career_150695452_121065,121065,"Educación Secundaria, Especialidad: Ciencias Sociales",al_hr_pe.edu_inst_150695452
edu_career_150695452_121075,121075,"Educación Secundaria, Especialidad: Comunicación",al_hr_pe.edu_inst_150695452
edu_career_150695452_121085,121085,"Educación Secundaria, Especialidad: Matemática",al_hr_pe.edu_inst_150695452
edu_career_150695452_131015,131015,Educación Física,al_hr_pe.edu_inst_150695452
edu_career_150696385_112015,112015,Educación Primaria,al_hr_pe.edu_inst_150696385
edu_career_150697235_111015,111015,Educación Inicial,al_hr_pe.edu_inst_150697235
edu_career_150697235_121095,121095,Educación Secundaria Técnica,al_hr_pe.edu_inst_150697235
edu_career_150702902_111025,111025,Educación Inicial (Intercultural Y Bilingüe),al_hr_pe.edu_inst_150702902
edu_career_150702902_112025,112025,Educación Primaria (Intercultural Y Bilingüe),al_hr_pe.edu_inst_150702902
edu_career_150702902_121035,121035,Educación Para El Trabajo,al_hr_pe.edu_inst_150702902
edu_career_150702902_121055,121055,"Educación Secundaria, Especialidad: Ciencia, Tecnología Y Ambiente",al_hr_pe.edu_inst_150702902
edu_career_150702902_121065,121065,"Educación Secundaria, Especialidad: Ciencias Sociales",al_hr_pe.edu_inst_150702902
edu_career_150708164_111015,111015,Educación Inicial,al_hr_pe.edu_inst_150708164
edu_career_150708164_111025,111025,Educación Inicial (Intercultural Y Bilingüe),al_hr_pe.edu_inst_150708164
edu_career_150708164_112015,112015,Educación Primaria,al_hr_pe.edu_inst_150708164
edu_career_150708164_112025,112025,Educación Primaria (Intercultural Y Bilingüe),al_hr_pe.edu_inst_150708164
edu_career_150708164_121015,121015,Educación En Computación E Informática,al_hr_pe.edu_inst_150708164
edu_career_150708164_121025,121025,Educación En Idiomas - Inglés,al_hr_pe.edu_inst_150708164
edu_career_150708164_121035,121035,Educación Para El Trabajo,al_hr_pe.edu_inst_150708164
edu_career_150708164_121075,121075,"Educación Secundaria, Especialidad: Comunicación",al_hr_pe.edu_inst_150708164
edu_career_150708164_121085,121085,"Educación Secundaria, Especialidad: Matemática",al_hr_pe.edu_inst_150708164
edu_career_150708164_131015,131015,Educación Física,al_hr_pe.edu_inst_150708164
edu_career_150713099_111015,111015,Educación Inicial,al_hr_pe.edu_inst_150713099
edu_career_150713099_112015,112015,Educación Primaria,al_hr_pe.edu_inst_150713099
edu_career_150713099_121075,121075,"Educación Secundaria, Especialidad: Comunicación",al_hr_pe.edu_inst_150713099
edu_career_150714725_111015,111015,Educación Inicial,al_hr_pe.edu_inst_150714725
edu_career_150714725_112015,112015,Educación Primaria,al_hr_pe.edu_inst_150714725
edu_career_150714725_121015,121015,Educación En Computación E Informática,al_hr_pe.edu_inst_150714725
edu_career_150721951_112015,112015,Educación Primaria,al_hr_pe.edu_inst_150721951
edu_career_150726414_112015,112015,Educación Primaria,al_hr_pe.edu_inst_150726414
edu_career_150726414_121015,121015,Educación En Computación E Informática,al_hr_pe.edu_inst_150726414
edu_career_150726414_121025,121025,Educación En Idiomas - Inglés,al_hr_pe.edu_inst_150726414
edu_career_150732370_111015,111015,Educación Inicial,al_hr_pe.edu_inst_150732370
edu_career_150732370_112015,112015,Educación Primaria,al_hr_pe.edu_inst_150732370
edu_career_150751800_112015,112015,Educación Primaria,al_hr_pe.edu_inst_150751800
edu_career_150751800_121015,121015,Educación En Computación E Informática,al_hr_pe.edu_inst_150751800
edu_career_150751800_121075,121075,"Educación Secundaria, Especialidad: Comunicación",al_hr_pe.edu_inst_150751800
edu_career_150751800_522025,522025,Industrias Alimentarias,al_hr_pe.edu_inst_150751800
edu_career_150751800_611035,611035,Agropecuaria,al_hr_pe.edu_inst_150751800
edu_career_150751800_714035,714035,Enfermería Técnica,al_hr_pe.edu_inst_150751800
edu_career_150759217_112015,112015,Educación Primaria,al_hr_pe.edu_inst_150759217
edu_career_150759217_121015,121015,Educación En Computación E Informática,al_hr_pe.edu_inst_150759217
edu_career_150759217_121055,121055,"Educación Secundaria, Especialidad: Ciencia, Tecnología Y Ambiente",al_hr_pe.edu_inst_150759217
edu_career_150759217_121095,121095,Educación Secundaria Técnica,al_hr_pe.edu_inst_150759217
edu_career_150783399_112025,112025,Educación Primaria (Intercultural Y Bilingüe),al_hr_pe.edu_inst_150783399
edu_career_150783399_121025,121025,Educación En Idiomas - Inglés,al_hr_pe.edu_inst_150783399
edu_career_150783399_121055,121055,"Educación Secundaria, Especialidad: Ciencia, Tecnología Y Ambiente",al_hr_pe.edu_inst_150783399
edu_career_150783399_121095,121095,Educación Secundaria Técnica,al_hr_pe.edu_inst_150783399
edu_career_150811489_112015,112015,Educación Primaria,al_hr_pe.edu_inst_150811489
edu_career_150815084_111015,111015,Educación Inicial,al_hr_pe.edu_inst_150815084
edu_career_150815084_121015,121015,Educación En Computación E Informática,al_hr_pe.edu_inst_150815084
edu_career_150891770_111015,111015,Educación Inicial,al_hr_pe.edu_inst_150891770
edu_career_150891770_112015,112015,Educación Primaria,al_hr_pe.edu_inst_150891770
edu_career_150891770_121015,121015,Educación En Computación E Informática,al_hr_pe.edu_inst_150891770
edu_career_150891770_121025,121025,Educación En Idiomas - Inglés,al_hr_pe.edu_inst_150891770
edu_career_150891770_121055,121055,"Educación Secundaria, Especialidad: Ciencia, Tecnología Y Ambiente",al_hr_pe.edu_inst_150891770
edu_career_150891770_121075,121075,"Educación Secundaria, Especialidad: Comunicación",al_hr_pe.edu_inst_150891770
edu_career_150891770_121085,121085,"Educación Secundaria, Especialidad: Matemática",al_hr_pe.edu_inst_150891770
edu_career_150891770_131015,131015,Educación Física,al_hr_pe.edu_inst_150891770
edu_career_150891952_121015,121015,Educación En Computación E Informática,al_hr_pe.edu_inst_150891952
edu_career_150921015_224045,224045,Musica,al_hr_pe.edu_inst_150921015
edu_career_150926733_112015,112015,Educación Primaria,al_hr_pe.edu_inst_150926733
edu_career_150926733_121075,121075,"Educación Secundaria, Especialidad: Comunicación",al_hr_pe.edu_inst_150926733
edu_career_150926733_121085,121085,"Educación Secundaria, Especialidad: Matemática",al_hr_pe.edu_inst_150926733
edu_career_150926840_111015,111015,Educación Inicial,al_hr_pe.edu_inst_150926840
edu_career_150926840_112015,112015,Educación Primaria,al_hr_pe.edu_inst_150926840
edu_career_150926840_121015,121015,Educación En Computación E Informática,al_hr_pe.edu_inst_150926840
edu_career_150926840_121025,121025,Educación En Idiomas - Inglés,al_hr_pe.edu_inst_150926840
edu_career_150926840_121055,121055,"Educación Secundaria, Especialidad: Ciencia, Tecnología Y Ambiente",al_hr_pe.edu_inst_150926840
edu_career_150926840_121075,121075,"Educación Secundaria, Especialidad: Comunicación",al_hr_pe.edu_inst_150926840
edu_career_150926865_111015,111015,Educación Inicial,al_hr_pe.edu_inst_150926865
edu_career_150926865_112015,112015,Educación Primaria,al_hr_pe.edu_inst_150926865
edu_career_150930057_111025,111025,Educación Inicial (Intercultural Y Bilingüe),al_hr_pe.edu_inst_150930057
edu_career_150930057_112025,112025,Educación Primaria (Intercultural Y Bilingüe),al_hr_pe.edu_inst_150930057
edu_career_150930057_131015,131015,Educación Física,al_hr_pe.edu_inst_150930057
edu_career_150931014_112015,112015,Educación Primaria,al_hr_pe.edu_inst_150931014
edu_career_150932368_112015,112015,Educación Primaria,al_hr_pe.edu_inst_150932368
edu_career_150932392_112015,112015,Educación Primaria,al_hr_pe.edu_inst_150932392
edu_career_150932475_112015,112015,Educación Primaria,al_hr_pe.edu_inst_150932475
edu_career_150932665_112015,112015,Educación Primaria,al_hr_pe.edu_inst_150932665
edu_career_150933218_111025,111025,Educación Inicial (Intercultural Y Bilingüe),al_hr_pe.edu_inst_150933218
edu_career_150933218_112015,112015,Educación Primaria,al_hr_pe.edu_inst_150933218
edu_career_150933218_121095,121095,Educación Secundaria Técnica,al_hr_pe.edu_inst_150933218
edu_career_150933788_112015,112015,Educación Primaria,al_hr_pe.edu_inst_150933788
edu_career_150933788_112025,112025,Educación Primaria (Intercultural Y Bilingüe),al_hr_pe.edu_inst_150933788
edu_career_150936856_112015,112015,Educación Primaria,al_hr_pe.edu_inst_150936856
edu_career_151000694_131015,131015,Educación Física,al_hr_pe.edu_inst_151000694
edu_career_151016328_111015,111015,Educación Inicial,al_hr_pe.edu_inst_151016328
edu_career_151016328_112015,112015,Educación Primaria,al_hr_pe.edu_inst_151016328
edu_career_151016328_121065,121065,"Educación Secundaria, Especialidad: Ciencias Sociales",al_hr_pe.edu_inst_151016328
edu_career_151016328_121085,121085,"Educación Secundaria, Especialidad: Matemática",al_hr_pe.edu_inst_151016328
edu_career_151016328_121095,121095,Educación Secundaria Técnica,al_hr_pe.edu_inst_151016328
edu_career_151025683_112015,112015,Educación Primaria,al_hr_pe.edu_inst_151025683
edu_career_151025683_121055,121055,"Educación Secundaria, Especialidad: Ciencia, Tecnología Y Ambiente",al_hr_pe.edu_inst_151025683
edu_career_151027754_111015,111015,Educación Inicial,al_hr_pe.edu_inst_151027754
edu_career_151027754_111025,111025,Educación Inicial (Intercultural Y Bilingüe),al_hr_pe.edu_inst_151027754
edu_career_151027754_112015,112015,Educación Primaria,al_hr_pe.edu_inst_151027754
edu_career_151027754_112025,112025,Educación Primaria (Intercultural Y Bilingüe),al_hr_pe.edu_inst_151027754
edu_career_151027754_121055,121055,"Educación Secundaria, Especialidad: Ciencia, Tecnología Y Ambiente",al_hr_pe.edu_inst_151027754
edu_career_151027754_121075,121075,"Educación Secundaria, Especialidad: Comunicación",al_hr_pe.edu_inst_151027754
edu_career_151028554_112015,112015,Educación Primaria,al_hr_pe.edu_inst_151028554
edu_career_151029123_112015,112015,Educación Primaria,al_hr_pe.edu_inst_151029123
edu_career_151029123_121095,121095,Educación Secundaria Técnica,al_hr_pe.edu_inst_151029123
edu_career_151059245_112015,112015,Educación Primaria,al_hr_pe.edu_inst_151059245
edu_career_151059245_121095,121095,Educación Secundaria Técnica,al_hr_pe.edu_inst_151059245
edu_career_151061498_111025,111025,Educación Inicial (Intercultural Y Bilingüe),al_hr_pe.edu_inst_151061498
edu_career_151061498_112015,112015,Educación Primaria,al_hr_pe.edu_inst_151061498
edu_career_151065374_121015,121015,Educación En Computación E Informática,al_hr_pe.edu_inst_151065374
edu_career_151065374_121025,121025,Educación En Idiomas - Inglés,al_hr_pe.edu_inst_151065374
edu_career_151065416_111015,111015,Educación Inicial,al_hr_pe.edu_inst_151065416
edu_career_151078880_111015,111015,Educación Inicial,al_hr_pe.edu_inst_151078880
edu_career_151078880_112015,112015,Educación Primaria,al_hr_pe.edu_inst_151078880
edu_career_151078880_121015,121015,Educación En Computación E Informática,al_hr_pe.edu_inst_151078880
edu_career_151078880_121025,121025,Educación En Idiomas - Inglés,al_hr_pe.edu_inst_151078880
edu_career_151078880_121075,121075,"Educación Secundaria, Especialidad: Comunicación",al_hr_pe.edu_inst_151078880
edu_career_151078880_121085,121085,"Educación Secundaria, Especialidad: Matemática",al_hr_pe.edu_inst_151078880
edu_career_151078880_222125,222125,Diseño Gráfico,al_hr_pe.edu_inst_151078880
edu_career_151078880_611035,611035,Agropecuaria,al_hr_pe.edu_inst_151078880
edu_career_151078880_812015,812015,Cosmética Dermatológica,al_hr_pe.edu_inst_151078880
edu_career_151093152_111015,111015,Educación Inicial,al_hr_pe.edu_inst_151093152
edu_career_151093152_112015,112015,Educación Primaria,al_hr_pe.edu_inst_151093152
edu_career_151093152_121015,121015,Educación En Computación E Informática,al_hr_pe.edu_inst_151093152
edu_career_151093152_121025,121025,Educación En Idiomas - Inglés,al_hr_pe.edu_inst_151093152
edu_career_151096924_111015,111015,Educación Inicial,al_hr_pe.edu_inst_151096924
edu_career_151096924_121025,121025,Educación En Idiomas - Inglés,al_hr_pe.edu_inst_151096924
edu_career_151096924_121095,121095,Educación Secundaria Técnica,al_hr_pe.edu_inst_151096924
edu_career_151096924_131015,131015,Educación Física,al_hr_pe.edu_inst_151096924
edu_career_151109396_112015,112015,Educación Primaria,al_hr_pe.edu_inst_151109396
edu_career_151113182_112015,112015,Educación Primaria,al_hr_pe.edu_inst_151113182
edu_career_151113182_121085,121085,"Educación Secundaria, Especialidad: Matemática",al_hr_pe.edu_inst_151113182
edu_career_151124072_111026,111026,Educación Inicial,al_hr_pe.edu_inst_151124072
edu_career_151124072_112016,112016,Educación Primaria,al_hr_pe.edu_inst_151124072
edu_career_151124072_121025,121025,Educación En Idiomas - Inglés,al_hr_pe.edu_inst_151124072
edu_career_151124072_121076,121076,"Educación Secundaria, Especialidad: Ciencia, Tecnología Y Ambiente",al_hr_pe.edu_inst_151124072
edu_career_151124072_121156,121156,"Educación Secundaria, Especialidad: Ciencias Sociales",al_hr_pe.edu_inst_151124072
edu_career_151124072_121256,121256,"Educación Secundaria, Especialidad: Comunicación",al_hr_pe.edu_inst_151124072
edu_career_151124072_121456,121456,"Educación Secundaria, Especialidad: Matemática",al_hr_pe.edu_inst_151124072
edu_career_151141795_111015,111015,Educación Inicial,al_hr_pe.edu_inst_151141795
edu_career_151141795_121015,121015,Educación En Computación E Informática,al_hr_pe.edu_inst_151141795
edu_career_151141795_121025,121025,Educación En Idiomas - Inglés,al_hr_pe.edu_inst_151141795
edu_career_151150739_111015,111015,Educación Inicial,al_hr_pe.edu_inst_151150739
edu_career_151150739_112015,112015,Educación Primaria,al_hr_pe.edu_inst_151150739
edu_career_151150739_121075,121075,"Educación Secundaria, Especialidad: Comunicación",al_hr_pe.edu_inst_151150739
edu_career_151150739_121085,121085,"Educación Secundaria, Especialidad: Matemática",al_hr_pe.edu_inst_151150739
edu_career_151150739_121095,121095,Educación Secundaria Técnica,al_hr_pe.edu_inst_151150739
edu_career_151157916_112015,112015,Educación Primaria,al_hr_pe.edu_inst_151157916
edu_career_151157916_112025,112025,Educación Primaria (Intercultural Y Bilingüe),al_hr_pe.edu_inst_151157916
edu_career_151157916_121015,121015,Educación En Computación E Informática,al_hr_pe.edu_inst_151157916
edu_career_151157916_121055,121055,"Educación Secundaria, Especialidad: Ciencia, Tecnología Y Ambiente",al_hr_pe.edu_inst_151157916
edu_career_151157916_121085,121085,"Educación Secundaria, Especialidad: Matemática",al_hr_pe.edu_inst_151157916
edu_career_151160191_112025,112025,Educación Primaria (Intercultural Y Bilingüe),al_hr_pe.edu_inst_151160191
edu_career_151160191_121015,121015,Educación En Computación E Informática,al_hr_pe.edu_inst_151160191
edu_career_151160191_121095,121095,Educación Secundaria Técnica,al_hr_pe.edu_inst_151160191
edu_career_151166057_112015,112015,Educación Primaria,al_hr_pe.edu_inst_151166057
edu_career_151180769_111015,111015,Educación Inicial,al_hr_pe.edu_inst_151180769
edu_career_151180769_112015,112015,Educación Primaria,al_hr_pe.edu_inst_151180769
edu_career_151180769_121055,121055,"Educación Secundaria, Especialidad: Ciencia, Tecnología Y Ambiente",al_hr_pe.edu_inst_151180769
edu_career_151180769_121065,121065,"Educación Secundaria, Especialidad: Ciencias Sociales",al_hr_pe.edu_inst_151180769
edu_career_151180769_121085,121085,"Educación Secundaria, Especialidad: Matemática",al_hr_pe.edu_inst_151180769
edu_career_151192830_112015,112015,Educación Primaria,al_hr_pe.edu_inst_151192830
edu_career_151192830_121015,121015,Educación En Computación E Informática,al_hr_pe.edu_inst_151192830
edu_career_151193259_111015,111015,Educación Inicial,al_hr_pe.edu_inst_151193259
edu_career_151193259_112015,112015,Educación Primaria,al_hr_pe.edu_inst_151193259
edu_career_151193259_121015,121015,Educación En Computación E Informática,al_hr_pe.edu_inst_151193259
edu_career_151193259_121025,121025,Educación En Idiomas - Inglés,al_hr_pe.edu_inst_151193259
edu_career_151227982_111015,111015,Educación Inicial,al_hr_pe.edu_inst_151227982
edu_career_151227982_112015,112015,Educación Primaria,al_hr_pe.edu_inst_151227982
edu_career_151227982_121055,121055,"Educación Secundaria, Especialidad: Ciencia, Tecnología Y Ambiente",al_hr_pe.edu_inst_151227982
edu_career_151227982_121065,121065,"Educación Secundaria, Especialidad: Ciencias Sociales",al_hr_pe.edu_inst_151227982
edu_career_151227982_121075,121075,"Educación Secundaria, Especialidad: Comunicación",al_hr_pe.edu_inst_151227982
edu_career_151227982_121085,121085,"Educación Secundaria, Especialidad: Matemática",al_hr_pe.edu_inst_151227982
edu_career_151227982_131015,131015,Educación Física,al_hr_pe.edu_inst_151227982
edu_career_151273911_112015,112015,Educación Primaria,al_hr_pe.edu_inst_151273911
edu_career_151273911_121035,121035,Educación Para El Trabajo,al_hr_pe.edu_inst_151273911
edu_career_151273911_121085,121085,"Educación Secundaria, Especialidad: Matemática",al_hr_pe.edu_inst_151273911
edu_career_151275759_112015,112015,Educación Primaria,al_hr_pe.edu_inst_151275759
edu_career_151275759_121015,121015,Educación En Computación E Informática,al_hr_pe.edu_inst_151275759
edu_career_151275759_121025,121025,Educación En Idiomas - Inglés,al_hr_pe.edu_inst_151275759
edu_career_151275759_121035,121035,Educación Para El Trabajo,al_hr_pe.edu_inst_151275759
edu_career_151275759_131015,131015,Educación Física,al_hr_pe.edu_inst_151275759
edu_career_151396217_111025,111025,Educación Inicial (Intercultural Y Bilingüe),al_hr_pe.edu_inst_151396217
edu_career_151396217_112015,112015,Educación Primaria,al_hr_pe.edu_inst_151396217
edu_career_151545623_111025,111025,Educación Inicial (Intercultural Y Bilingüe),al_hr_pe.edu_inst_151545623
edu_career_151545623_112025,112025,Educación Primaria (Intercultural Y Bilingüe),al_hr_pe.edu_inst_151545623
edu_career_151545623_121015,121015,Educación En Computación E Informática,al_hr_pe.edu_inst_151545623
edu_career_151545623_121025,121025,Educación En Idiomas - Inglés,al_hr_pe.edu_inst_151545623
edu_career_151545623_121095,121095,Educación Secundaria Técnica,al_hr_pe.edu_inst_151545623
edu_career_160000001_131016,131016,Educación Física,al_hr_pe.edu_inst_160000001
edu_career_160000001_199016,199016,Educación,al_hr_pe.edu_inst_160000001
edu_career_160000001_211016,211016,Antropología,al_hr_pe.edu_inst_160000001
edu_career_160000001_211036,211036,Arqueología,al_hr_pe.edu_inst_160000001
edu_career_160000001_212016,212016,Historia,al_hr_pe.edu_inst_160000001
edu_career_160000001_213026,213026,Lingüística,al_hr_pe.edu_inst_160000001
edu_career_160000001_213036,213036,Literatura,al_hr_pe.edu_inst_160000001
edu_career_160000001_215026,215026,Bibliotecología Y Ciencias De La Información,al_hr_pe.edu_inst_160000001
edu_career_160000001_216016,216016,Filosofía,al_hr_pe.edu_inst_160000001
edu_career_160000001_221016,221016,Arte,al_hr_pe.edu_inst_160000001
edu_career_160000001_221056,221056,Conservación Y Restauración,al_hr_pe.edu_inst_160000001
edu_career_160000001_223016,223016,Danza,al_hr_pe.edu_inst_160000001
edu_career_160000001_311016,311016,Sociología,al_hr_pe.edu_inst_160000001
edu_career_160000001_312036,312036,Trabajo Social,al_hr_pe.edu_inst_160000001
edu_career_160000001_313016,313016,Psicología,al_hr_pe.edu_inst_160000001
edu_career_160000001_321036,321036,Comunicación Social,al_hr_pe.edu_inst_160000001
edu_career_160000001_331016,331016,Administración,al_hr_pe.edu_inst_160000001
edu_career_160000001_332276,332276,Turismo,al_hr_pe.edu_inst_160000001
edu_career_160000001_335116,335116,Negocios Internacionales,al_hr_pe.edu_inst_160000001
edu_career_160000001_341026,341026,Economía,al_hr_pe.edu_inst_160000001
edu_career_160000001_341056,341056,Economía Internacional,al_hr_pe.edu_inst_160000001
edu_career_160000001_341066,341066,Economía Pública,al_hr_pe.edu_inst_160000001
edu_career_160000001_342016,342016,Auditoría Empresarial Y Del Sector Público,al_hr_pe.edu_inst_160000001
edu_career_160000001_342056,342056,Contabilidad,al_hr_pe.edu_inst_160000001
edu_career_160000001_342136,342136,Gestión Tributaria,al_hr_pe.edu_inst_160000001
edu_career_160000001_351016,351016,Derecho,al_hr_pe.edu_inst_160000001
edu_career_160000001_352016,352016,Ciencia Política,al_hr_pe.edu_inst_160000001
edu_career_160000001_411076,411076,Ciencias Biológicas,al_hr_pe.edu_inst_160000001
edu_career_160000001_411086,411086,Genética Y Biotecnología,al_hr_pe.edu_inst_160000001
edu_career_160000001_411116,411116,Microbiología Y Parasitología,al_hr_pe.edu_inst_160000001
edu_career_160000001_421026,421026,Física,al_hr_pe.edu_inst_160000001
edu_career_160000001_422026,422026,Ingeniería Química,al_hr_pe.edu_inst_160000001
edu_career_160000001_422036,422036,Química,al_hr_pe.edu_inst_160000001
edu_career_160000001_423056,423056,Ingeniería Geológica,al_hr_pe.edu_inst_160000001
edu_career_160000001_431016,431016,Matemática,al_hr_pe.edu_inst_160000001
edu_career_160000001_432016,432016,Estadística,al_hr_pe.edu_inst_160000001
edu_career_160000001_433016,433016,Investigación Operativa,al_hr_pe.edu_inst_160000001
edu_career_160000001_441036,441036,Computación Científica,al_hr_pe.edu_inst_160000001
edu_career_160000001_511026,511026,Ingeniería De Sistemas,al_hr_pe.edu_inst_160000001
edu_career_160000001_511126,511126,Ingeniería De Software,al_hr_pe.edu_inst_160000001
edu_career_160000001_512046,512046,Ingeniería De Telecomunicaciones,al_hr_pe.edu_inst_160000001
edu_career_160000001_521046,521046,Ingeniería Industrial,al_hr_pe.edu_inst_160000001
edu_career_160000001_523026,523026,Ingeniería Agroindustrial,al_hr_pe.edu_inst_160000001
edu_career_160000001_524026,524026,Ingeniería Eléctrica,al_hr_pe.edu_inst_160000001
edu_career_160000001_525016,525016,Ingeniería Electrónica,al_hr_pe.edu_inst_160000001
edu_career_160000001_526046,526046,Ingeniería Mecánica De Fluídos,al_hr_pe.edu_inst_160000001
edu_career_160000001_527016,527016,Ingeniería De Minas,al_hr_pe.edu_inst_160000001
edu_career_160000001_527056,527056,Ingeniería Metalúrgica,al_hr_pe.edu_inst_160000001
edu_career_160000001_528026,528026,Ingeniería Textil Y Confecciones,al_hr_pe.edu_inst_160000001
edu_career_160000001_531016,531016,Ingeniería Civil,al_hr_pe.edu_inst_160000001
edu_career_160000001_593016,593016,Geografía,al_hr_pe.edu_inst_160000001
edu_career_160000001_593036,593036,Ingeniería Geográfica,al_hr_pe.edu_inst_160000001
edu_career_160000001_621016,621016,Medicina Veterinaria,al_hr_pe.edu_inst_160000001
edu_career_160000001_711026,711026,Medicina Humana,al_hr_pe.edu_inst_160000001
edu_career_160000001_712036,712036,Ciencia De Los Alimentos,al_hr_pe.edu_inst_160000001
edu_career_160000001_712046,712046,Nutrición,al_hr_pe.edu_inst_160000001
edu_career_160000001_713026,713026,Odontología,al_hr_pe.edu_inst_160000001
edu_career_160000001_714016,714016,Enfermería,al_hr_pe.edu_inst_160000001
edu_career_160000001_715056,715056,Tecnología Médica,al_hr_pe.edu_inst_160000001
edu_career_160000001_716026,716026,Farmacia Y Bioquímica,al_hr_pe.edu_inst_160000001
edu_career_160000001_716036,716036,Toxicología,al_hr_pe.edu_inst_160000001
edu_career_160000001_717016,717016,Obstetricia,al_hr_pe.edu_inst_160000001
edu_career_160000002_111026,111026,Educación Inicial,al_hr_pe.edu_inst_160000002
edu_career_160000002_112016,112016,Educación Primaria,al_hr_pe.edu_inst_160000002
edu_career_160000002_121016,121016,Educación Secundaria,al_hr_pe.edu_inst_160000002
edu_career_160000002_131016,131016,Educación Física,al_hr_pe.edu_inst_160000002
edu_career_160000002_211026,211026,Antropología Social,al_hr_pe.edu_inst_160000002
edu_career_160000002_211046,211046,Arqueología E Historia,al_hr_pe.edu_inst_160000002
edu_career_160000002_312036,312036,Trabajo Social,al_hr_pe.edu_inst_160000002
edu_career_160000002_321026,321026,Ciencias De La Comunicación,al_hr_pe.edu_inst_160000002
edu_career_160000002_331036,331036,Administración De Empresas,al_hr_pe.edu_inst_160000002
edu_career_160000002_341026,341026,Economía,al_hr_pe.edu_inst_160000002
edu_career_160000002_342096,342096,Contabilidad Y Auditoría,al_hr_pe.edu_inst_160000002
edu_career_160000002_351016,351016,Derecho,al_hr_pe.edu_inst_160000002
edu_career_160000002_411016,411016,Biología,al_hr_pe.edu_inst_160000002
edu_career_160000002_421016,421016,Ciencias Físico-Matemáticas,al_hr_pe.edu_inst_160000002
edu_career_160000002_422026,422026,Ingeniería Química,al_hr_pe.edu_inst_160000002
edu_career_160000002_511026,511026,Ingeniería De Sistemas,al_hr_pe.edu_inst_160000002
edu_career_160000002_522036,522036,Ingeniería En Industrias Alimentarias,al_hr_pe.edu_inst_160000002
edu_career_160000002_523026,523026,Ingeniería Agroindustrial,al_hr_pe.edu_inst_160000002
edu_career_160000002_527016,527016,Ingeniería De Minas,al_hr_pe.edu_inst_160000002
edu_career_160000002_531016,531016,Ingeniería Civil,al_hr_pe.edu_inst_160000002
edu_career_160000002_611016,611016,Agronomía,al_hr_pe.edu_inst_160000002
edu_career_160000002_611076,611076,Ingeniería Agrícola,al_hr_pe.edu_inst_160000002
edu_career_160000002_612036,612036,Ingeniería Agroforestal,al_hr_pe.edu_inst_160000002
edu_career_160000002_621016,621016,Medicina Veterinaria,al_hr_pe.edu_inst_160000002
edu_career_160000002_714016,714016,Enfermería,al_hr_pe.edu_inst_160000002
edu_career_160000002_716026,716026,Farmacia Y Bioquímica,al_hr_pe.edu_inst_160000002
edu_career_160000002_717016,717016,Obstetricia,al_hr_pe.edu_inst_160000002
edu_career_160000003_199016,199016,Educación,al_hr_pe.edu_inst_160000003
edu_career_160000003_211016,211016,Antropología,al_hr_pe.edu_inst_160000003
edu_career_160000003_211036,211036,Arqueología,al_hr_pe.edu_inst_160000003
edu_career_160000003_212016,212016,Historia,al_hr_pe.edu_inst_160000003
edu_career_160000003_313016,313016,Psicología,al_hr_pe.edu_inst_160000003
edu_career_160000003_321026,321026,Ciencias De La Comunicación,al_hr_pe.edu_inst_160000003
edu_career_160000003_331146,331146,Ciencias Administrativas,al_hr_pe.edu_inst_160000003
edu_career_160000003_332176,332176,Ecoturismo,al_hr_pe.edu_inst_160000003
edu_career_160000003_332276,332276,Turismo,al_hr_pe.edu_inst_160000003
edu_career_160000003_341026,341026,Economía,al_hr_pe.edu_inst_160000003
edu_career_160000003_342056,342056,Contabilidad,al_hr_pe.edu_inst_160000003
edu_career_160000003_351016,351016,Derecho,al_hr_pe.edu_inst_160000003
edu_career_160000003_411016,411016,Biología,al_hr_pe.edu_inst_160000003
edu_career_160000003_412026,412026,Zootecnia,al_hr_pe.edu_inst_160000003
edu_career_160000003_421026,421026,Física,al_hr_pe.edu_inst_160000003
edu_career_160000003_422026,422026,Ingeniería Química,al_hr_pe.edu_inst_160000003
edu_career_160000003_422036,422036,Química,al_hr_pe.edu_inst_160000003
edu_career_160000003_423056,423056,Ingeniería Geológica,al_hr_pe.edu_inst_160000003
edu_career_160000003_431016,431016,Matemática,al_hr_pe.edu_inst_160000003
edu_career_160000003_511056,511056,Ingeniería Informática Y Sistemas,al_hr_pe.edu_inst_160000003
edu_career_160000003_522036,522036,Ingeniería En Industrias Alimentarias,al_hr_pe.edu_inst_160000003
edu_career_160000003_523026,523026,Ingeniería Agroindustrial,al_hr_pe.edu_inst_160000003
edu_career_160000003_524026,524026,Ingeniería Eléctrica,al_hr_pe.edu_inst_160000003
edu_career_160000003_525016,525016,Ingeniería Electrónica,al_hr_pe.edu_inst_160000003
edu_career_160000003_526036,526036,Ingeniería Mecánica,al_hr_pe.edu_inst_160000003
edu_career_160000003_527016,527016,Ingeniería De Minas,al_hr_pe.edu_inst_160000003
edu_career_160000003_527056,527056,Ingeniería Metalúrgica,al_hr_pe.edu_inst_160000003
edu_career_160000003_531016,531016,Ingeniería Civil,al_hr_pe.edu_inst_160000003
edu_career_160000003_533026,533026,Arquitectura,al_hr_pe.edu_inst_160000003
edu_career_160000003_611016,611016,Agronomía,al_hr_pe.edu_inst_160000003
edu_career_160000003_611096,611096,Agroecología Y Desarrollo Rural,al_hr_pe.edu_inst_160000003
edu_career_160000003_611126,611126,Agronomía Tropical,al_hr_pe.edu_inst_160000003
edu_career_160000003_611136,611136,Ingeniería Agropecuaria,al_hr_pe.edu_inst_160000003
edu_career_160000003_612056,612056,Ingeniería Forestal,al_hr_pe.edu_inst_160000003
edu_career_160000003_621016,621016,Medicina Veterinaria,al_hr_pe.edu_inst_160000003
edu_career_160000003_711026,711026,Medicina Humana,al_hr_pe.edu_inst_160000003
edu_career_160000003_713026,713026,Odontología,al_hr_pe.edu_inst_160000003
edu_career_160000003_714016,714016,Enfermería,al_hr_pe.edu_inst_160000003
edu_career_160000003_716026,716026,Farmacia Y Bioquímica,al_hr_pe.edu_inst_160000003
edu_career_160000003_717016,717016,Obstetricia,al_hr_pe.edu_inst_160000003
edu_career_160000004_111026,111026,Educación Inicial,al_hr_pe.edu_inst_160000004
edu_career_160000004_112016,112016,Educación Primaria,al_hr_pe.edu_inst_160000004
edu_career_160000004_121016,121016,Educación Secundaria,al_hr_pe.edu_inst_160000004
edu_career_160000004_211016,211016,Antropología,al_hr_pe.edu_inst_160000004
edu_career_160000004_211036,211036,Arqueología,al_hr_pe.edu_inst_160000004
edu_career_160000004_212016,212016,Historia,al_hr_pe.edu_inst_160000004
edu_career_160000004_312036,312036,Trabajo Social,al_hr_pe.edu_inst_160000004
edu_career_160000004_321026,321026,Ciencias De La Comunicación,al_hr_pe.edu_inst_160000004
edu_career_160000004_331016,331016,Administración,al_hr_pe.edu_inst_160000004
edu_career_160000004_332276,332276,Turismo,al_hr_pe.edu_inst_160000004
edu_career_160000004_341026,341026,Economía,al_hr_pe.edu_inst_160000004
edu_career_160000004_342106,342106,Contabilidad Y Finanzas,al_hr_pe.edu_inst_160000004
edu_career_160000004_351056,351056,Derecho Y Ciencias Políticas,al_hr_pe.edu_inst_160000004
edu_career_160000004_411076,411076,Ciencias Biológicas,al_hr_pe.edu_inst_160000004
edu_career_160000004_411116,411116,Microbiología Y Parasitología,al_hr_pe.edu_inst_160000004
edu_career_160000004_412026,412026,Zootecnia,al_hr_pe.edu_inst_160000004
edu_career_160000004_421026,421026,Física,al_hr_pe.edu_inst_160000004
edu_career_160000004_422026,422026,Ingeniería Química,al_hr_pe.edu_inst_160000004
edu_career_160000004_431016,431016,Matemáticas,al_hr_pe.edu_inst_160000004
edu_career_160000004_432036,432036,Ingeniería Estadística,al_hr_pe.edu_inst_160000004
edu_career_160000004_511026,511026,Ingeniería De Sistemas,al_hr_pe.edu_inst_160000004
edu_career_160000004_511156,511156,Ingeniería Informática,al_hr_pe.edu_inst_160000004
edu_career_160000004_521046,521046,Ingeniería Industrial,al_hr_pe.edu_inst_160000004
edu_career_160000004_523026,523026,Ingeniería Agroindustrial,al_hr_pe.edu_inst_160000004
edu_career_160000004_526016,526016,Ingeniería De Materiales,al_hr_pe.edu_inst_160000004
edu_career_160000004_526036,526036,Ingeniería Mecánica,al_hr_pe.edu_inst_160000004
edu_career_160000004_526076,526076,Ingeniería Mecatrónica,al_hr_pe.edu_inst_160000004
edu_career_160000004_527016,527016,Ingeniería De Minas,al_hr_pe.edu_inst_160000004
edu_career_160000004_527056,527056,Ingeniería Metalúrgica,al_hr_pe.edu_inst_160000004
edu_career_160000004_591036,591036,Pesquería,al_hr_pe.edu_inst_160000004
edu_career_160000004_594056,594056,Ingeniería Ambiental,al_hr_pe.edu_inst_160000004
edu_career_160000004_611016,611016,Agronomía,al_hr_pe.edu_inst_160000004
edu_career_160000004_611076,611076,Ingeniería Agrícola,al_hr_pe.edu_inst_160000004
edu_career_160000004_711016,711016,Medicina,al_hr_pe.edu_inst_160000004
edu_career_160000004_713016,713016,Estomatología,al_hr_pe.edu_inst_160000004
edu_career_160000004_714016,714016,Enfermería,al_hr_pe.edu_inst_160000004
edu_career_160000004_716026,716026,Farmacia Y Bioquímica,al_hr_pe.edu_inst_160000004
edu_career_160000005_199016,199016,Educación,al_hr_pe.edu_inst_160000005
edu_career_160000005_211016,211016,Antropología,al_hr_pe.edu_inst_160000005
edu_career_160000005_212016,212016,Historia,al_hr_pe.edu_inst_160000005
edu_career_160000005_213046,213046,Literatura Y Lingüística,al_hr_pe.edu_inst_160000005
edu_career_160000005_216016,216016,Filosofía,al_hr_pe.edu_inst_160000005
edu_career_160000005_221016,221016,Artes,al_hr_pe.edu_inst_160000005
edu_career_160000005_311016,311016,Sociología,al_hr_pe.edu_inst_160000005
edu_career_160000005_312036,312036,Trabajo Social,al_hr_pe.edu_inst_160000005
edu_career_160000005_313016,313016,Psicología,al_hr_pe.edu_inst_160000005
edu_career_160000005_321026,321026,Ciencias De La Comunicación,al_hr_pe.edu_inst_160000005
edu_career_160000005_331016,331016,Administración,al_hr_pe.edu_inst_160000005
edu_career_160000005_332336,332336,Turismo Y Hotelería,al_hr_pe.edu_inst_160000005
edu_career_160000005_333036,333036,Marketing,al_hr_pe.edu_inst_160000005
edu_career_160000005_335066,335066,Gestión,al_hr_pe.edu_inst_160000005
edu_career_160000005_339076,339076,Relaciones Industriales,al_hr_pe.edu_inst_160000005
edu_career_160000005_341026,341026,Economía,al_hr_pe.edu_inst_160000005
edu_career_160000005_342026,342026,Banca Y Seguros,al_hr_pe.edu_inst_160000005
edu_career_160000005_342056,342056,Contabilidad,al_hr_pe.edu_inst_160000005
edu_career_160000005_342126,342126,Finanzas,al_hr_pe.edu_inst_160000005
edu_career_160000005_351016,351016,Derecho,al_hr_pe.edu_inst_160000005
edu_career_160000005_411016,411016,Biología,al_hr_pe.edu_inst_160000005
edu_career_160000005_421026,421026,Física,al_hr_pe.edu_inst_160000005
edu_career_160000005_422026,422026,Ingeniería Química,al_hr_pe.edu_inst_160000005
edu_career_160000005_422036,422036,Química,al_hr_pe.edu_inst_160000005
edu_career_160000005_423046,423046,Ingeniería Geofísica,al_hr_pe.edu_inst_160000005
edu_career_160000005_423056,423056,Ingeniería Geológica,al_hr_pe.edu_inst_160000005
edu_career_160000005_431016,431016,Matemáticas,al_hr_pe.edu_inst_160000005
edu_career_160000005_441016,441016,Ciencias De La Computación,al_hr_pe.edu_inst_160000005
edu_career_160000005_511026,511026,Ingeniería De Sistemas,al_hr_pe.edu_inst_160000005
edu_career_160000005_512046,512046,Ingeniería De Telecomunicaciones,al_hr_pe.edu_inst_160000005
edu_career_160000005_521046,521046,Ingeniería Industrial,al_hr_pe.edu_inst_160000005
edu_career_160000005_522036,522036,Ingeniería De Industrias Alimentarias,al_hr_pe.edu_inst_160000005
edu_career_160000005_524026,524026,Ingeniería Eléctrica,al_hr_pe.edu_inst_160000005
edu_career_160000005_525016,525016,Ingeniería Electrónica,al_hr_pe.edu_inst_160000005
edu_career_160000005_526016,526016,Ingeniería De Materiales,al_hr_pe.edu_inst_160000005
edu_career_160000005_526036,526036,Ingeniería Mecánica,al_hr_pe.edu_inst_160000005
edu_career_160000005_527016,527016,Ingeniería De Minas,al_hr_pe.edu_inst_160000005
edu_career_160000005_527056,527056,Ingeniería Metalúrgica,al_hr_pe.edu_inst_160000005
edu_career_160000005_531016,531016,Ingeniería Civil,al_hr_pe.edu_inst_160000005
edu_career_160000005_532016,532016,Ingeniería Sanitaria,al_hr_pe.edu_inst_160000005
edu_career_160000005_533026,533026,Arquitectura,al_hr_pe.edu_inst_160000005
edu_career_160000005_591026,591026,Ingeniería Pesquera,al_hr_pe.edu_inst_160000005
edu_career_160000005_594056,594056,Ingeniería Ambiental,al_hr_pe.edu_inst_160000005
edu_career_160000005_611016,611016,Agronomía,al_hr_pe.edu_inst_160000005
edu_career_160000005_711016,711016,Medicina,al_hr_pe.edu_inst_160000005
edu_career_160000005_712026,712026,Ciencias De La Nutrición,al_hr_pe.edu_inst_160000005
edu_career_160000005_714016,714016,Enfermería,al_hr_pe.edu_inst_160000005
edu_career_160000006_341116,341116,Ingeniería Económica,al_hr_pe.edu_inst_160000006
edu_career_160000006_421026,421026,Física,al_hr_pe.edu_inst_160000006
edu_career_160000006_421046,421046,Ingeniería Física,al_hr_pe.edu_inst_160000006
edu_career_160000006_422026,422026,Ingeniería Química,al_hr_pe.edu_inst_160000006
edu_career_160000006_422036,422036,Química,al_hr_pe.edu_inst_160000006
edu_career_160000006_423056,423056,Ingeniería Geológica,al_hr_pe.edu_inst_160000006
edu_career_160000006_431016,431016,Matemáticas,al_hr_pe.edu_inst_160000006
edu_career_160000006_432036,432036,Ingeniería Estadística,al_hr_pe.edu_inst_160000006
edu_career_160000006_441016,441016,Ciencias De La Computación,al_hr_pe.edu_inst_160000006
edu_career_160000006_511026,511026,Ingeniería De Sistemas,al_hr_pe.edu_inst_160000006
edu_career_160000006_512046,512046,Ingeniería De Telecomunicaciones,al_hr_pe.edu_inst_160000006
edu_career_160000006_521026,521026,Ingeniería De Higiene Y Seguridad Industrial,al_hr_pe.edu_inst_160000006
edu_career_160000006_521046,521046,Ingeniería Industrial,al_hr_pe.edu_inst_160000006
edu_career_160000006_524026,524026,Ingeniería Eléctrica,al_hr_pe.edu_inst_160000006
edu_career_160000006_525016,525016,Ingeniería Electrónica,al_hr_pe.edu_inst_160000006
edu_career_160000006_526036,526036,Ingeniería Mecánica,al_hr_pe.edu_inst_160000006
edu_career_160000006_526056,526056,Ingeniería Mecánica Y Eléctrica,al_hr_pe.edu_inst_160000006
edu_career_160000006_526076,526076,Ingeniería Mecatrónica,al_hr_pe.edu_inst_160000006
edu_career_160000006_527016,527016,Ingeniería De Minas,al_hr_pe.edu_inst_160000006
edu_career_160000006_527046,527046,Ingeniería De Petroleo Y Gas Natural,al_hr_pe.edu_inst_160000006
edu_career_160000006_527056,527056,Ingeniería Metalúrgica,al_hr_pe.edu_inst_160000006
edu_career_160000006_527076,527076,Ingeniería Petroquímica,al_hr_pe.edu_inst_160000006
edu_career_160000006_528016,528016,Ingeniería Textil,al_hr_pe.edu_inst_160000006
edu_career_160000006_531016,531016,Ingeniería Civil,al_hr_pe.edu_inst_160000006
edu_career_160000006_532016,532016,Ingeniería Sanitaria,al_hr_pe.edu_inst_160000006
edu_career_160000006_533026,533026,Arquitectura,al_hr_pe.edu_inst_160000006
edu_career_160000006_592086,592086,Ingeniería Naval,al_hr_pe.edu_inst_160000006
edu_career_160000006_594056,594056,Ingeniería Ambiental,al_hr_pe.edu_inst_160000006
edu_career_160000007_331226,331226,Ingeniería En Gestión Empresarial,al_hr_pe.edu_inst_160000007
edu_career_160000007_341026,341026,Economía,al_hr_pe.edu_inst_160000007
edu_career_160000007_411016,411016,Biología,al_hr_pe.edu_inst_160000007
edu_career_160000007_412026,412026,Zootecnia,al_hr_pe.edu_inst_160000007
edu_career_160000007_432046,432046,Ingeniería Estadística E Informática,al_hr_pe.edu_inst_160000007
edu_career_160000007_522016,522016,Industrias Alimentarias,al_hr_pe.edu_inst_160000007
edu_career_160000007_591036,591036,Pesquería,al_hr_pe.edu_inst_160000007
edu_career_160000007_594056,594056,Ingeniería Ambiental,al_hr_pe.edu_inst_160000007
edu_career_160000007_594126,594126,Meteorología,al_hr_pe.edu_inst_160000007
edu_career_160000007_611016,611016,Agronomía,al_hr_pe.edu_inst_160000007
edu_career_160000007_611076,611076,Ingeniería Agrícola,al_hr_pe.edu_inst_160000007
edu_career_160000007_612056,612056,Ingeniería Forestal,al_hr_pe.edu_inst_160000007
edu_career_160000009_111026,111026,Educación Inicial,al_hr_pe.edu_inst_160000009
edu_career_160000009_112016,112016,Educación Primaria,al_hr_pe.edu_inst_160000009
edu_career_160000009_121016,121016,Educación Secundaria,al_hr_pe.edu_inst_160000009
edu_career_160000009_131016,131016,Educación Física,al_hr_pe.edu_inst_160000009
edu_career_160000009_151016,151016,Educación Artística,al_hr_pe.edu_inst_160000009
edu_career_160000009_211036,211036,Arqueología,al_hr_pe.edu_inst_160000009
edu_career_160000009_321026,321026,Ciencias De La Comunicación,al_hr_pe.edu_inst_160000009
edu_career_160000009_331016,331016,Administración,al_hr_pe.edu_inst_160000009
edu_career_160000009_332276,332276,Turismo,al_hr_pe.edu_inst_160000009
edu_career_160000009_341026,341026,Economía,al_hr_pe.edu_inst_160000009
edu_career_160000009_342056,342056,Contabilidad,al_hr_pe.edu_inst_160000009
edu_career_160000009_351056,351056,Derecho Y Ciencias Políticas,al_hr_pe.edu_inst_160000009
edu_career_160000009_411016,411016,Biología,al_hr_pe.edu_inst_160000009
edu_career_160000009_421026,421026,Física,al_hr_pe.edu_inst_160000009
edu_career_160000009_422026,422026,Ingeniería Química,al_hr_pe.edu_inst_160000009
edu_career_160000009_431036,431036,Matemática E Informática,al_hr_pe.edu_inst_160000009
edu_career_160000009_511026,511026,Ingeniería De Sistemas,al_hr_pe.edu_inst_160000009
edu_career_160000009_522026,522026,Ingeniería De Alimentos,al_hr_pe.edu_inst_160000009
edu_career_160000009_525016,525016,Ingeniería Electrónica,al_hr_pe.edu_inst_160000009
edu_career_160000009_526056,526056,Ingeniería Mecánica Y Eléctrica,al_hr_pe.edu_inst_160000009
edu_career_160000009_527016,527016,Ingeniería De Minas,al_hr_pe.edu_inst_160000009
edu_career_160000009_527056,527056,Ingeniería De Metalúrgia,al_hr_pe.edu_inst_160000009
edu_career_160000009_531016,531016,Ingeniería Civil,al_hr_pe.edu_inst_160000009
edu_career_160000009_532026,532026,Ingeniería Ambiental Y Sanitaria,al_hr_pe.edu_inst_160000009
edu_career_160000009_591026,591026,Ingeniería Pesquera,al_hr_pe.edu_inst_160000009
edu_career_160000009_611016,611016,Agronomía,al_hr_pe.edu_inst_160000009
edu_career_160000009_621036,621036,Medicina Veterinaria Y Zootecnia,al_hr_pe.edu_inst_160000009
edu_career_160000009_711026,711026,Medicina Humana,al_hr_pe.edu_inst_160000009
edu_career_160000009_713026,713026,Odontología,al_hr_pe.edu_inst_160000009
edu_career_160000009_714016,714016,Enfermería,al_hr_pe.edu_inst_160000009
edu_career_160000009_716026,716026,Farmacia Y Bioquímica,al_hr_pe.edu_inst_160000009
edu_career_160000010_111026,111026,Educación Inicial,al_hr_pe.edu_inst_160000010
edu_career_160000010_112016,112016,Educación Primaria,al_hr_pe.edu_inst_160000010
edu_career_160000010_121016,121016,Educación Secundaria,al_hr_pe.edu_inst_160000010
edu_career_160000010_131016,131016,Educación Física,al_hr_pe.edu_inst_160000010
edu_career_160000010_161116,161116,Educación Técnica - Mecánica Automotriz,al_hr_pe.edu_inst_160000010
edu_career_160000010_211016,211016,Antropología,al_hr_pe.edu_inst_160000010
edu_career_160000010_311016,311016,Sociología,al_hr_pe.edu_inst_160000010
edu_career_160000010_312036,312036,Trabajo Social,al_hr_pe.edu_inst_160000010
edu_career_160000010_321026,321026,Ciencias De La Comunicación,al_hr_pe.edu_inst_160000010
edu_career_160000010_331036,331036,Administración De Empresas,al_hr_pe.edu_inst_160000010
edu_career_160000010_341026,341026,Economía,al_hr_pe.edu_inst_160000010
edu_career_160000010_342056,342056,Contabilidad,al_hr_pe.edu_inst_160000010
edu_career_160000010_412026,412026,Zootecnia,al_hr_pe.edu_inst_160000010
edu_career_160000010_422026,422026,Ingeniería Química,al_hr_pe.edu_inst_160000010
edu_career_160000010_511026,511026,Ingeniería De Sistemas,al_hr_pe.edu_inst_160000010
edu_career_160000010_522036,522036,Ingeniería En Industrias Alimentarias,al_hr_pe.edu_inst_160000010
edu_career_160000010_523026,523026,Ingeniería Agroindustrial,al_hr_pe.edu_inst_160000010
edu_career_160000010_524046,524046,Ingeniería Eléctrica Y Electrónica,al_hr_pe.edu_inst_160000010
edu_career_160000010_526036,526036,Ingeniería Mecánica,al_hr_pe.edu_inst_160000010
edu_career_160000010_527016,527016,Ingeniería De Minas,al_hr_pe.edu_inst_160000010
edu_career_160000010_527066,527066,Ingeniería Metalúrgia Y De Materiales,al_hr_pe.edu_inst_160000010
edu_career_160000010_531016,531016,Ingeniería Civil,al_hr_pe.edu_inst_160000010
edu_career_160000010_533026,533026,Arquitectura,al_hr_pe.edu_inst_160000010
edu_career_160000010_611016,611016,Agronomía,al_hr_pe.edu_inst_160000010
edu_career_160000010_612026,612026,Ciencias Forestales Y Del Ambiente,al_hr_pe.edu_inst_160000010
edu_career_160000010_711026,711026,Medicina Humana,al_hr_pe.edu_inst_160000010
edu_career_160000010_714016,714016,Enfermería,al_hr_pe.edu_inst_160000010
edu_career_160000011_111026,111026,Educación Inicial,al_hr_pe.edu_inst_160000011
edu_career_160000011_111076,111076,Educación Bilingüe Intercultural,al_hr_pe.edu_inst_160000011
edu_career_160000011_112016,112016,Educación Primaria,al_hr_pe.edu_inst_160000011
edu_career_160000011_121016,121016,Educación Secundaria,al_hr_pe.edu_inst_160000011
edu_career_160000011_131016,131016,Educación Física,al_hr_pe.edu_inst_160000011
edu_career_160000011_331016,331016,Administración,al_hr_pe.edu_inst_160000011
edu_career_160000011_335126,335126,Negocios Internacionales Y Turismo,al_hr_pe.edu_inst_160000011
edu_career_160000011_341026,341026,Economía,al_hr_pe.edu_inst_160000011
edu_career_160000011_342056,342056,Contabilidad,al_hr_pe.edu_inst_160000011
edu_career_160000011_351056,351056,Derecho Y Ciencias Políticas,al_hr_pe.edu_inst_160000011
edu_career_160000011_411076,411076,Ciencias Biológicas,al_hr_pe.edu_inst_160000011
edu_career_160000011_412026,412026,Zootecnia,al_hr_pe.edu_inst_160000011
edu_career_160000011_422026,422026,Ingeniería Química,al_hr_pe.edu_inst_160000011
edu_career_160000011_511056,511056,Ingeniería De Sistemas E Informática,al_hr_pe.edu_inst_160000011
edu_career_160000011_522036,522036,Ingeniería En Industrias Alimentarias,al_hr_pe.edu_inst_160000011
edu_career_160000011_594096,594096,Ingeniería En Ecología De Bosques Tropicales,al_hr_pe.edu_inst_160000011
edu_career_160000011_594116,594116,Ingeniería En Gestión Ambiental,al_hr_pe.edu_inst_160000011
edu_career_160000011_611016,611016,Agronomía,al_hr_pe.edu_inst_160000011
edu_career_160000011_612056,612056,Ingeniería Forestal,al_hr_pe.edu_inst_160000011
edu_career_160000011_613016,613016,Acuicultura,al_hr_pe.edu_inst_160000011
edu_career_160000011_711026,711026,Medicina Humana,al_hr_pe.edu_inst_160000011
edu_career_160000011_712016,712016,Bromatología Y Nutrición,al_hr_pe.edu_inst_160000011
edu_career_160000011_713026,713026,Odontología,al_hr_pe.edu_inst_160000011
edu_career_160000011_714016,714016,Enfermería,al_hr_pe.edu_inst_160000011
edu_career_160000011_716026,716026,Farmacia Y Bioquímica,al_hr_pe.edu_inst_160000011
edu_career_160000012_111026,111026,Educación Inicial,al_hr_pe.edu_inst_160000012
edu_career_160000012_112016,112016,Educación Primaria,al_hr_pe.edu_inst_160000012
edu_career_160000012_121016,121016,Educación Secundaria,al_hr_pe.edu_inst_160000012
edu_career_160000012_131016,131016,Educación Física,al_hr_pe.edu_inst_160000012
edu_career_160000012_211016,211016,Antropología,al_hr_pe.edu_inst_160000012
edu_career_160000012_221016,221016,Arte,al_hr_pe.edu_inst_160000012
edu_career_160000012_311016,311016,Sociología,al_hr_pe.edu_inst_160000012
edu_career_160000012_312036,312036,Trabajo Social,al_hr_pe.edu_inst_160000012
edu_career_160000012_321026,321026,Ciencias De La Comunicación,al_hr_pe.edu_inst_160000012
edu_career_160000012_331016,331016,Administración,al_hr_pe.edu_inst_160000012
edu_career_160000012_332276,332276,Turismo,al_hr_pe.edu_inst_160000012
edu_career_160000012_341116,341116,Ingeniería Económica,al_hr_pe.edu_inst_160000012
edu_career_160000012_342036,342036,Ciencias Contables,al_hr_pe.edu_inst_160000012
edu_career_160000012_351016,351016,Derecho,al_hr_pe.edu_inst_160000012
edu_career_160000012_411016,411016,Biología,al_hr_pe.edu_inst_160000012
edu_career_160000012_421016,421016,Ciencias Físico-Matemáticas,al_hr_pe.edu_inst_160000012
edu_career_160000012_422026,422026,Ingeniería Química,al_hr_pe.edu_inst_160000012
edu_career_160000012_423056,423056,Ingeniería Geológica,al_hr_pe.edu_inst_160000012
edu_career_160000012_432046,432046,Ingeniería Estadística E Informática,al_hr_pe.edu_inst_160000012
edu_career_160000012_511026,511026,Ingeniería De Sistemas,al_hr_pe.edu_inst_160000012
edu_career_160000012_523026,523026,Ingeniería Agroindustrial,al_hr_pe.edu_inst_160000012
edu_career_160000012_525016,525016,Ingeniería Electrónica,al_hr_pe.edu_inst_160000012
edu_career_160000012_526056,526056,Ingeniería Mecánica Eléctrica,al_hr_pe.edu_inst_160000012
edu_career_160000012_527016,527016,Ingeniería De Minas,al_hr_pe.edu_inst_160000012
edu_career_160000012_527056,527056,Ingeniería Metalúrgica,al_hr_pe.edu_inst_160000012
edu_career_160000012_531016,531016,Ingeniería Civil,al_hr_pe.edu_inst_160000012
edu_career_160000012_531056,531056,Ingeniería Topográfica Y Agrimensura,al_hr_pe.edu_inst_160000012
edu_career_160000012_533096,533096,Arquitectura Y Urbanismo,al_hr_pe.edu_inst_160000012
edu_career_160000012_611076,611076,Ingeniería Agrícola,al_hr_pe.edu_inst_160000012
edu_career_160000012_611116,611116,Ingeniería Agronómica,al_hr_pe.edu_inst_160000012
edu_career_160000012_621036,621036,Medicina Veterinaria Y Zootecnia,al_hr_pe.edu_inst_160000012
edu_career_160000012_711026,711026,Medicina Humana,al_hr_pe.edu_inst_160000012
edu_career_160000012_712056,712056,Nutrición Humana,al_hr_pe.edu_inst_160000012
edu_career_160000012_713026,713026,Odontología,al_hr_pe.edu_inst_160000012
edu_career_160000012_714016,714016,Enfermería,al_hr_pe.edu_inst_160000012
edu_career_160000013_111026,111026,Educación Inicial,al_hr_pe.edu_inst_160000013
edu_career_160000013_112016,112016,Educación Primaria,al_hr_pe.edu_inst_160000013
edu_career_160000013_121016,121016,Educación Secundaria,al_hr_pe.edu_inst_160000013
edu_career_160000013_331016,331016,Administración,al_hr_pe.edu_inst_160000013
edu_career_160000013_341026,341026,Economía,al_hr_pe.edu_inst_160000013
edu_career_160000013_342046,342046,Ciencias Contables Y Financieras,al_hr_pe.edu_inst_160000013
edu_career_160000013_351056,351056,Derecho Y Ciencias Políticas,al_hr_pe.edu_inst_160000013
edu_career_160000013_411076,411076,Ciencias Biológicas,al_hr_pe.edu_inst_160000013
edu_career_160000013_412026,412026,Zootecnia,al_hr_pe.edu_inst_160000013
edu_career_160000013_421026,421026,Física,al_hr_pe.edu_inst_160000013
edu_career_160000013_422026,422026,Ingeniería Química,al_hr_pe.edu_inst_160000013
edu_career_160000013_423056,423056,Ingeniería Geológica,al_hr_pe.edu_inst_160000013
edu_career_160000013_431016,431016,Matemáticas,al_hr_pe.edu_inst_160000013
edu_career_160000013_432016,432016,Estadística,al_hr_pe.edu_inst_160000013
edu_career_160000013_511156,511156,Ingeniería Informática,al_hr_pe.edu_inst_160000013
edu_career_160000013_521046,521046,Ingeniería Industrial,al_hr_pe.edu_inst_160000013
edu_career_160000013_523026,523026,Ingeniería Agroindustrial,al_hr_pe.edu_inst_160000013
edu_career_160000013_525066,525066,Ingeniería Electrónica Y Telecomunicaciones,al_hr_pe.edu_inst_160000013
edu_career_160000013_526076,526076,Ingeniería Mecatrónica,al_hr_pe.edu_inst_160000013
edu_career_160000013_527016,527016,Ingeniería De Minas,al_hr_pe.edu_inst_160000013
edu_career_160000013_527036,527036,Ingeniería De Petroleo,al_hr_pe.edu_inst_160000013
edu_career_160000013_531016,531016,Ingeniería Civil,al_hr_pe.edu_inst_160000013
edu_career_160000013_533096,533096,Arquitectura Y Urbanismo,al_hr_pe.edu_inst_160000013
edu_career_160000013_591026,591026,Ingeniería Pesquera,al_hr_pe.edu_inst_160000013
edu_career_160000013_611016,611016,Agronomía,al_hr_pe.edu_inst_160000013
edu_career_160000013_611076,611076,Ingeniería Agrícola,al_hr_pe.edu_inst_160000013
edu_career_160000013_621016,621016,Medicina Veterinaria,al_hr_pe.edu_inst_160000013
edu_career_160000013_711026,711026,Medicina Humana,al_hr_pe.edu_inst_160000013
edu_career_160000013_714016,714016,Enfermería,al_hr_pe.edu_inst_160000013
edu_career_160000016_199016,199016,Educación,al_hr_pe.edu_inst_160000016
edu_career_160000016_311016,311016,Sociología,al_hr_pe.edu_inst_160000016
edu_career_160000016_331016,331016,Administración,al_hr_pe.edu_inst_160000016
edu_career_160000016_332336,332336,Turismo Y Hotelería,al_hr_pe.edu_inst_160000016
edu_career_160000016_334036,334036,Ingeniería En Agronegocios,al_hr_pe.edu_inst_160000016
edu_career_160000016_341026,341026,Economía,al_hr_pe.edu_inst_160000016
edu_career_160000016_342056,342056,Contabilidad,al_hr_pe.edu_inst_160000016
edu_career_160000016_351016,351016,Derecho,al_hr_pe.edu_inst_160000016
edu_career_160000016_412026,412026,Zootecnia,al_hr_pe.edu_inst_160000016
edu_career_160000016_423056,423056,Ingeniería Geológica,al_hr_pe.edu_inst_160000016
edu_career_160000016_511026,511026,Ingeniería De Sistemas,al_hr_pe.edu_inst_160000016
edu_career_160000016_522016,522016,Industrias Alimentarias,al_hr_pe.edu_inst_160000016
edu_career_160000016_531016,531016,Ingeniería Civil,al_hr_pe.edu_inst_160000016
edu_career_160000016_592066,592066,Ingeniería Hidraúlica,al_hr_pe.edu_inst_160000016
edu_career_160000016_594056,594056,Ingeniería Ambiental,al_hr_pe.edu_inst_160000016
edu_career_160000016_611016,611016,Agronomía,al_hr_pe.edu_inst_160000016
edu_career_160000016_612056,612056,Ingeniería Forestal,al_hr_pe.edu_inst_160000016
edu_career_160000016_621016,621016,Medicina Veterinaria,al_hr_pe.edu_inst_160000016
edu_career_160000016_711026,711026,Medicina Humana,al_hr_pe.edu_inst_160000016
edu_career_160000016_714016,714016,Enfermería,al_hr_pe.edu_inst_160000016
edu_career_160000016_717016,717016,Obstetricia,al_hr_pe.edu_inst_160000016
edu_career_160000021_111026,111026,Educación Inicial,al_hr_pe.edu_inst_160000021
edu_career_160000021_112016,112016,Educación Primaria,al_hr_pe.edu_inst_160000021
edu_career_160000021_121016,121016,Educación Secundaria,al_hr_pe.edu_inst_160000021
edu_career_160000021_131016,131016,Educación Física,al_hr_pe.edu_inst_160000021
edu_career_160000021_211016,211016,Antropología,al_hr_pe.edu_inst_160000021
edu_career_160000021_211036,211036,Arqueología,al_hr_pe.edu_inst_160000021
edu_career_160000021_212016,212016,Historia,al_hr_pe.edu_inst_160000021
edu_career_160000021_213026,213026,Lingüística,al_hr_pe.edu_inst_160000021
edu_career_160000021_213036,213036,Literatura,al_hr_pe.edu_inst_160000021
edu_career_160000021_216016,216016,Filosofía,al_hr_pe.edu_inst_160000021
edu_career_160000021_311016,311016,Sociología,al_hr_pe.edu_inst_160000021
edu_career_160000021_312036,312036,Trabajo Social,al_hr_pe.edu_inst_160000021
edu_career_160000021_313016,313016,Psicología,al_hr_pe.edu_inst_160000021
edu_career_160000021_321026,321026,Ciencias De La Comunicación,al_hr_pe.edu_inst_160000021
edu_career_160000021_331036,331036,Administración De Empresas,al_hr_pe.edu_inst_160000021
edu_career_160000021_332276,332276,Turismo,al_hr_pe.edu_inst_160000021
edu_career_160000021_333036,333036,Marketing,al_hr_pe.edu_inst_160000021
edu_career_160000021_335116,335116,Negocios Internacionales,al_hr_pe.edu_inst_160000021
edu_career_160000021_336026,336026,Administración Pública Y Gestión Social,al_hr_pe.edu_inst_160000021
edu_career_160000021_341026,341026,Economía,al_hr_pe.edu_inst_160000021
edu_career_160000021_342056,342056,Contabilidad,al_hr_pe.edu_inst_160000021
edu_career_160000021_351016,351016,Derecho,al_hr_pe.edu_inst_160000021
edu_career_160000021_352016,352016,Ciencia Política,al_hr_pe.edu_inst_160000021
edu_career_160000021_411016,411016,Biología,al_hr_pe.edu_inst_160000021
edu_career_160000021_421026,421026,Física,al_hr_pe.edu_inst_160000021
edu_career_160000021_422036,422036,Química,al_hr_pe.edu_inst_160000021
edu_career_160000021_431016,431016,Matemática,al_hr_pe.edu_inst_160000021
edu_career_160000021_432016,432016,Estadística,al_hr_pe.edu_inst_160000021
edu_career_160000021_511026,511026,Ingeniería De Sistemas,al_hr_pe.edu_inst_160000021
edu_career_160000021_511156,511156,Ingeniería Informática,al_hr_pe.edu_inst_160000021
edu_career_160000021_512046,512046,Ingeniería De Telecomunicaciones,al_hr_pe.edu_inst_160000021
edu_career_160000021_521046,521046,Ingeniería Industrial,al_hr_pe.edu_inst_160000021
edu_career_160000021_522026,522026,Ingeniería Alimentaria,al_hr_pe.edu_inst_160000021
edu_career_160000021_523026,523026,Ingeniería Agroindustrial,al_hr_pe.edu_inst_160000021
edu_career_160000021_525016,525016,Ingeniería Electrónica,al_hr_pe.edu_inst_160000021
edu_career_160000021_531016,531016,Ingeniería Civil,al_hr_pe.edu_inst_160000021
edu_career_160000021_533026,533026,Arquitectura,al_hr_pe.edu_inst_160000021
edu_career_160000021_591026,591026,Ingeniería Pesquera,al_hr_pe.edu_inst_160000021
edu_career_160000021_593036,593036,Ingeniería Geográfica,al_hr_pe.edu_inst_160000021
edu_career_160000021_594056,594056,Ingeniería Ambiental,al_hr_pe.edu_inst_160000021
edu_career_160000021_594106,594106,Ingeniería En Ecoturismo,al_hr_pe.edu_inst_160000021
edu_career_160000021_599046,599046,Ingeniería De Transportes,al_hr_pe.edu_inst_160000021
edu_career_160000021_613026,613026,Ingeniería En Acuicultura,al_hr_pe.edu_inst_160000021
edu_career_160000021_711016,711016,Medicina,al_hr_pe.edu_inst_160000021
edu_career_160000021_712046,712046,Nutrición,al_hr_pe.edu_inst_160000021
edu_career_160000021_713026,713026,Odontología,al_hr_pe.edu_inst_160000021
edu_career_160000021_714016,714016,Enfermería,al_hr_pe.edu_inst_160000021
edu_career_160000021_715056,715056,Tecnología Médica,al_hr_pe.edu_inst_160000021
edu_career_160000021_717016,717016,Obstetricia,al_hr_pe.edu_inst_160000021
edu_career_160000022_331016,331016,Administración,al_hr_pe.edu_inst_160000022
edu_career_160000022_341026,341026,Economía,al_hr_pe.edu_inst_160000022
edu_career_160000022_342056,342056,Contabilidad,al_hr_pe.edu_inst_160000022
edu_career_160000022_412026,412026,Zootecnia,al_hr_pe.edu_inst_160000022
edu_career_160000022_511056,511056,Ingeniería En Informática Y Sistemas,al_hr_pe.edu_inst_160000022
edu_career_160000022_522016,522016,Industrias Alimentarias,al_hr_pe.edu_inst_160000022
edu_career_160000022_594086,594086,Ingeniería Medio Ambiental,al_hr_pe.edu_inst_160000022
edu_career_160000022_611016,611016,Agronomía,al_hr_pe.edu_inst_160000022
edu_career_160000022_611056,611056,Conservación De Suelos Y Agua,al_hr_pe.edu_inst_160000022
edu_career_160000022_612016,612016,Ciencias Forestales,al_hr_pe.edu_inst_160000022
edu_career_160000023_111026,111026,Educación Inicial,al_hr_pe.edu_inst_160000023
edu_career_160000023_112016,112016,Educación Primaria,al_hr_pe.edu_inst_160000023
edu_career_160000023_121016,121016,Educación Secundaria,al_hr_pe.edu_inst_160000023
edu_career_160000023_131016,131016,Educación Física,al_hr_pe.edu_inst_160000023
edu_career_160000023_311016,311016,Sociología,al_hr_pe.edu_inst_160000023
edu_career_160000023_313016,313016,Psicología,al_hr_pe.edu_inst_160000023
edu_career_160000023_321026,321026,Ciencias De La Comunicación,al_hr_pe.edu_inst_160000023
edu_career_160000023_331146,331146,Ciencias Administrativas,al_hr_pe.edu_inst_160000023
edu_career_160000023_332336,332336,Turismo Y Hotelería,al_hr_pe.edu_inst_160000023
edu_career_160000023_341026,341026,Economía,al_hr_pe.edu_inst_160000023
edu_career_160000023_342046,342046,Ciencias Contables Y Financieras,al_hr_pe.edu_inst_160000023
edu_career_160000023_351016,351016,Derecho,al_hr_pe.edu_inst_160000023
edu_career_160000023_511026,511026,Ingeniería De Sistemas,al_hr_pe.edu_inst_160000023
edu_career_160000023_521046,521046,Ingeniería Industrial,al_hr_pe.edu_inst_160000023
edu_career_160000023_523026,523026,Ingeniería Agroindustrial,al_hr_pe.edu_inst_160000023
edu_career_160000023_531016,531016,Ingeniería Civil,al_hr_pe.edu_inst_160000023
edu_career_160000023_533026,533026,Arquitectura,al_hr_pe.edu_inst_160000023
edu_career_160000023_611016,611016,Agronomía,al_hr_pe.edu_inst_160000023
edu_career_160000023_621016,621016,Medicina Veterinaria,al_hr_pe.edu_inst_160000023
edu_career_160000023_711026,711026,Medicina Humana,al_hr_pe.edu_inst_160000023
edu_career_160000023_713026,713026,Odontología,al_hr_pe.edu_inst_160000023
edu_career_160000023_714016,714016,Enfermería,al_hr_pe.edu_inst_160000023
edu_career_160000023_717016,717016,Obstetricia,al_hr_pe.edu_inst_160000023
edu_career_160000025_111026,111026,Educación Inicial,al_hr_pe.edu_inst_160000025
edu_career_160000025_112016,112016,Educación Primaria,al_hr_pe.edu_inst_160000025
edu_career_160000025_112026,112026,Educación Básica Alternativa,al_hr_pe.edu_inst_160000025
edu_career_160000025_121016,121016,Educación Secundaria,al_hr_pe.edu_inst_160000025
edu_career_160000025_131056,131056,Educación Física Y Deportes,al_hr_pe.edu_inst_160000025
edu_career_160000025_151016,151016,Educación Artística,al_hr_pe.edu_inst_160000025
edu_career_160000025_161996,161996,Educación Tecnológica,al_hr_pe.edu_inst_160000025
edu_career_160000025_331036,331036,Administración De Empresas,al_hr_pe.edu_inst_160000025
edu_career_160000025_332186,332186,Gastronomía,al_hr_pe.edu_inst_160000025
edu_career_160000025_332336,332336,Turismo Y Hotelería,al_hr_pe.edu_inst_160000025
edu_career_160000025_335026,335026,Administración De Negocios Internacionales,al_hr_pe.edu_inst_160000025
edu_career_160000026_111026,111026,Educación Inicial,al_hr_pe.edu_inst_160000026
edu_career_160000026_112016,112016,Educación Primaria,al_hr_pe.edu_inst_160000026
edu_career_160000026_121016,121016,Educación Secundaria,al_hr_pe.edu_inst_160000026
edu_career_160000026_321026,321026,Ciencias De La Comunicación,al_hr_pe.edu_inst_160000026
edu_career_160000026_331016,331016,Administración,al_hr_pe.edu_inst_160000026
edu_career_160000026_341026,341026,Economía,al_hr_pe.edu_inst_160000026
edu_career_160000026_342056,342056,Contabilidad,al_hr_pe.edu_inst_160000026
edu_career_160000026_351056,351056,Derecho Y Ciencias Políticas,al_hr_pe.edu_inst_160000026
edu_career_160000026_412026,412026,Zootecnia,al_hr_pe.edu_inst_160000026
edu_career_160000026_423056,423056,Ingeniería Geológica,al_hr_pe.edu_inst_160000026
edu_career_160000026_511026,511026,Ingeniería De Sistemas,al_hr_pe.edu_inst_160000026
edu_career_160000026_522016,522016,Industrias Alimentarias,al_hr_pe.edu_inst_160000026
edu_career_160000026_527016,527016,Ingeniería De Minas,al_hr_pe.edu_inst_160000026
edu_career_160000026_527056,527056,Ingeniería Metalúrgica,al_hr_pe.edu_inst_160000026
edu_career_160000026_531016,531016,Ingeniería Civil,al_hr_pe.edu_inst_160000026
edu_career_160000026_594056,594056,Ingeniería Ambiental,al_hr_pe.edu_inst_160000026
edu_career_160000026_611016,611016,Agronomía,al_hr_pe.edu_inst_160000026
edu_career_160000026_713026,713026,Odontología,al_hr_pe.edu_inst_160000026
edu_career_160000026_714016,714016,Enfermería,al_hr_pe.edu_inst_160000026
edu_career_160000026_717016,717016,Obstetricia,al_hr_pe.edu_inst_160000026
edu_career_160000027_131016,131016,Educación Física,al_hr_pe.edu_inst_160000027
edu_career_160000027_331016,331016,Administración,al_hr_pe.edu_inst_160000027
edu_career_160000027_341026,341026,Economía,al_hr_pe.edu_inst_160000027
edu_career_160000027_342056,342056,Contabilidad,al_hr_pe.edu_inst_160000027
edu_career_160000027_421026,421026,Física,al_hr_pe.edu_inst_160000027
edu_career_160000027_422026,422026,Ingeniería Química,al_hr_pe.edu_inst_160000027
edu_career_160000027_431016,431016,Matemática,al_hr_pe.edu_inst_160000027
edu_career_160000027_511026,511026,Ingeniería De Sistemas,al_hr_pe.edu_inst_160000027
edu_career_160000027_521046,521046,Ingeniería Industrial,al_hr_pe.edu_inst_160000027
edu_career_160000027_522026,522026,Ingeniería De Alimentos,al_hr_pe.edu_inst_160000027
edu_career_160000027_524026,524026,Ingeniería Eléctrica,al_hr_pe.edu_inst_160000027
edu_career_160000027_524056,524056,Ingeniería En Energía,al_hr_pe.edu_inst_160000027
edu_career_160000027_525016,525016,Ingeniería Electrónica,al_hr_pe.edu_inst_160000027
edu_career_160000027_526036,526036,Ingeniería Mecánica,al_hr_pe.edu_inst_160000027
edu_career_160000027_591026,591026,Ingeniería Pesquera,al_hr_pe.edu_inst_160000027
edu_career_160000027_594066,594066,Ingeniería Ambiental Y De Recursos Naturales,al_hr_pe.edu_inst_160000027
edu_career_160000027_714016,714016,Enfermería,al_hr_pe.edu_inst_160000027
edu_career_160000028_111066,111066,Educación Inicial Y Arte,al_hr_pe.edu_inst_160000028
edu_career_160000028_112076,112076,Educación Primaria Y Problemas De Aprendizaje,al_hr_pe.edu_inst_160000028
edu_career_160000028_121016,121016,Educación Secundaria,al_hr_pe.edu_inst_160000028
edu_career_160000028_131056,131056,Educación Física Y Deportes,al_hr_pe.edu_inst_160000028
edu_career_160000028_161996,161996,Educación Tacnológica,al_hr_pe.edu_inst_160000028
edu_career_160000028_311016,311016,Sociología,al_hr_pe.edu_inst_160000028
edu_career_160000028_312036,312036,Trabajo Social,al_hr_pe.edu_inst_160000028
edu_career_160000028_321026,321026,Ciencias De La Comunicación,al_hr_pe.edu_inst_160000028
edu_career_160000028_331016,331016,Administración,al_hr_pe.edu_inst_160000028
edu_career_160000028_332336,332336,Turismo Y Hotelería,al_hr_pe.edu_inst_160000028
edu_career_160000028_335116,335116,Negocios Internacionales,al_hr_pe.edu_inst_160000028
edu_career_160000028_341076,341076,Economía Y Finanzas,al_hr_pe.edu_inst_160000028
edu_career_160000028_342046,342046,Ciencias Contables Y Financieras,al_hr_pe.edu_inst_160000028
edu_career_160000028_351056,351056,Derecho Y Ciencias Políticas,al_hr_pe.edu_inst_160000028
edu_career_160000028_412026,412026,Zootecnia,al_hr_pe.edu_inst_160000028
edu_career_160000028_421026,421026,Física,al_hr_pe.edu_inst_160000028
edu_career_160000028_422026,422026,Ingeniería Química,al_hr_pe.edu_inst_160000028
edu_career_160000028_431026,431026,Matemática Aplicada,al_hr_pe.edu_inst_160000028
edu_career_160000028_432026,432026,Estadística E Informática,al_hr_pe.edu_inst_160000028
edu_career_160000028_511026,511026,Ingeniería De Sistemas,al_hr_pe.edu_inst_160000028
edu_career_160000028_511156,511156,Ingeniería Informática,al_hr_pe.edu_inst_160000028
edu_career_160000028_521046,521046,Ingeniería Industrial,al_hr_pe.edu_inst_160000028
edu_career_160000028_522036,522036,Ingeniería En Industrias Alimentarias,al_hr_pe.edu_inst_160000028
edu_career_160000028_525016,525016,Ingeniería Electrónica,al_hr_pe.edu_inst_160000028
edu_career_160000028_527056,527056,Ingeniería Metalúrgica,al_hr_pe.edu_inst_160000028
edu_career_160000028_531016,531016,Ingeniería Civil,al_hr_pe.edu_inst_160000028
edu_career_160000028_591026,591026,Ingeniería Pesquera,al_hr_pe.edu_inst_160000028
edu_career_160000028_594056,594056,Ingeniería Ambiental,al_hr_pe.edu_inst_160000028
edu_career_160000028_611016,611016,Agronomía,al_hr_pe.edu_inst_160000028
edu_career_160000028_711026,711026,Medicina Humana,al_hr_pe.edu_inst_160000028
edu_career_160000028_712016,712016,Bromatología Y Nutrición,al_hr_pe.edu_inst_160000028
edu_career_160000028_714016,714016,Enfermería,al_hr_pe.edu_inst_160000028
edu_career_160000031_199016,199016,Educación,al_hr_pe.edu_inst_160000031
edu_career_160000031_211036,211036,Arqueología,al_hr_pe.edu_inst_160000031
edu_career_160000031_311016,311016,Sociología,al_hr_pe.edu_inst_160000031
edu_career_160000031_313016,313016,Psicología,al_hr_pe.edu_inst_160000031
edu_career_160000031_321026,321026,Ciencias De La Comunicación,al_hr_pe.edu_inst_160000031
edu_career_160000031_331016,331016,Administración,al_hr_pe.edu_inst_160000031
edu_career_160000031_335056,335056,Comercio Y Negocios Internacionales,al_hr_pe.edu_inst_160000031
edu_career_160000031_341026,341026,Economía,al_hr_pe.edu_inst_160000031
edu_career_160000031_342056,342056,Contabilidad,al_hr_pe.edu_inst_160000031
edu_career_160000031_351016,351016,Derecho,al_hr_pe.edu_inst_160000031
edu_career_160000031_411076,411076,Ciencias Biológicas,al_hr_pe.edu_inst_160000031
edu_career_160000031_412016,412016,Ingeniería Zootecnia,al_hr_pe.edu_inst_160000031
edu_career_160000031_421026,421026,Física,al_hr_pe.edu_inst_160000031
edu_career_160000031_422026,422026,Ingeniería Química,al_hr_pe.edu_inst_160000031
edu_career_160000031_431016,431016,Matemática,al_hr_pe.edu_inst_160000031
edu_career_160000031_432016,432016,Estadística,al_hr_pe.edu_inst_160000031
edu_career_160000031_441046,441046,Computación E Informática,al_hr_pe.edu_inst_160000031
edu_career_160000031_511026,511026,Ingeniería De Sistemas,al_hr_pe.edu_inst_160000031
edu_career_160000031_522036,522036,Ingeniería De Industrias Alimentarias,al_hr_pe.edu_inst_160000031
edu_career_160000031_525016,525016,Ingeniería Electrónica,al_hr_pe.edu_inst_160000031
edu_career_160000031_526056,526056,Ingeniería Mecánica Eléctrica,al_hr_pe.edu_inst_160000031
edu_career_160000031_531016,531016,Ingeniería Civil,al_hr_pe.edu_inst_160000031
edu_career_160000031_533026,533026,Arquitectura,al_hr_pe.edu_inst_160000031
edu_career_160000031_611016,611016,Agronomía,al_hr_pe.edu_inst_160000031
edu_career_160000031_611076,611076,Ingeniería Agrícola,al_hr_pe.edu_inst_160000031
edu_career_160000031_621016,621016,Medicina Veterinaria,al_hr_pe.edu_inst_160000031
edu_career_160000031_711026,711026,Medicina Humana,al_hr_pe.edu_inst_160000031
edu_career_160000031_714016,714016,Enfermería,al_hr_pe.edu_inst_160000031
edu_career_160000032_199016,199016,Educación,al_hr_pe.edu_inst_160000032
edu_career_160000032_221016,221016,Artes,al_hr_pe.edu_inst_160000032
edu_career_160000032_321026,321026,Ciencias De La Comunicación,al_hr_pe.edu_inst_160000032
edu_career_160000032_331016,331016,Administración,al_hr_pe.edu_inst_160000032
edu_career_160000032_331176,331176,Ingeniería Comercial,al_hr_pe.edu_inst_160000032
edu_career_160000032_341036,341036,Economía Agraria,al_hr_pe.edu_inst_160000032
edu_career_160000032_342046,342046,Ciencias Contables Y Financieras,al_hr_pe.edu_inst_160000032
edu_career_160000032_351056,351056,Derecho Y Ciencias Políticas,al_hr_pe.edu_inst_160000032
edu_career_160000032_411046,411046,Biología Y Microbiología,al_hr_pe.edu_inst_160000032
edu_career_160000032_421036,421036,Física Aplicada,al_hr_pe.edu_inst_160000032
edu_career_160000032_422026,422026,Ingeniería Química,al_hr_pe.edu_inst_160000032
edu_career_160000032_423036,423036,Ingeniería De Geología - Geotécnia,al_hr_pe.edu_inst_160000032
edu_career_160000032_511056,511056,Ingeniería En Informática Y Sistemas,al_hr_pe.edu_inst_160000032
edu_career_160000032_522036,522036,Ingeniería En Industrias Alimentarias,al_hr_pe.edu_inst_160000032
edu_career_160000032_526036,526036,Ingeniería Mecánica,al_hr_pe.edu_inst_160000032
edu_career_160000032_527016,527016,Ingeniería De Minas,al_hr_pe.edu_inst_160000032
edu_career_160000032_527056,527056,Ingeniería Metalúrgica,al_hr_pe.edu_inst_160000032
edu_career_160000032_531016,531016,Ingeniería Civil,al_hr_pe.edu_inst_160000032
edu_career_160000032_533026,533026,Arquitectura,al_hr_pe.edu_inst_160000032
edu_career_160000032_591026,591026,Ingeniería Pesquera,al_hr_pe.edu_inst_160000032
edu_career_160000032_611016,611016,Agronomía,al_hr_pe.edu_inst_160000032
edu_career_160000032_621036,621036,Medicina Veterinaria Y Zootecnia,al_hr_pe.edu_inst_160000032
edu_career_160000032_711026,711026,Medicina Humana,al_hr_pe.edu_inst_160000032
edu_career_160000032_713026,713026,Odontología,al_hr_pe.edu_inst_160000032
edu_career_160000032_714016,714016,Enfermería,al_hr_pe.edu_inst_160000032
edu_career_160000032_716026,716026,Farmacia Y Bioquímica,al_hr_pe.edu_inst_160000032
edu_career_160000032_717016,717016,Obstetricia,al_hr_pe.edu_inst_160000032
edu_career_160000033_111076,111076,Primaria Y Educación Bilingüe Intercultural,al_hr_pe.edu_inst_160000033
edu_career_160000033_199016,199016,Educación,al_hr_pe.edu_inst_160000033
edu_career_160000033_211036,211036,Arqueología,al_hr_pe.edu_inst_160000033
edu_career_160000033_321026,321026,Ciencias De La Comunicación,al_hr_pe.edu_inst_160000033
edu_career_160000033_331016,331016,Administración,al_hr_pe.edu_inst_160000033
edu_career_160000033_332276,332276,Turismo,al_hr_pe.edu_inst_160000033
edu_career_160000033_341026,341026,Economía,al_hr_pe.edu_inst_160000033
edu_career_160000033_342056,342056,Contabilidad,al_hr_pe.edu_inst_160000033
edu_career_160000033_351056,351056,Derecho Y Ciencias Políticas,al_hr_pe.edu_inst_160000033
edu_career_160000033_431016,431016,Matemática,al_hr_pe.edu_inst_160000033
edu_career_160000033_432026,432026,Estadística E Informática,al_hr_pe.edu_inst_160000033
edu_career_160000033_511056,511056,Ingeniería De Sistemas E Informática,al_hr_pe.edu_inst_160000033
edu_career_160000033_522016,522016,Industrias Alimentarias,al_hr_pe.edu_inst_160000033
edu_career_160000033_527016,527016,Ingeniería De Minas,al_hr_pe.edu_inst_160000033
edu_career_160000033_531016,531016,Ingeniería Civil,al_hr_pe.edu_inst_160000033
edu_career_160000033_532016,532016,Ingeniería Sanitaria,al_hr_pe.edu_inst_160000033
edu_career_160000033_594056,594056,Ingeniería Ambiental,al_hr_pe.edu_inst_160000033
edu_career_160000033_611076,611076,Ingeniería Agrícola,al_hr_pe.edu_inst_160000033
edu_career_160000033_611106,611106,Ingeniería Agrónoma,al_hr_pe.edu_inst_160000033
edu_career_160000033_714016,714016,Enfermería,al_hr_pe.edu_inst_160000033
edu_career_160000033_717016,717016,Obstetricia,al_hr_pe.edu_inst_160000033
edu_career_160000034_111026,111026,Educación Inicial,al_hr_pe.edu_inst_160000034
edu_career_160000034_112016,112016,Educación Primaria,al_hr_pe.edu_inst_160000034
edu_career_160000034_121016,121016,Educación Secundaria,al_hr_pe.edu_inst_160000034
edu_career_160000034_214016,214016,Idiomas,al_hr_pe.edu_inst_160000034
edu_career_160000034_331016,331016,Administración,al_hr_pe.edu_inst_160000034
edu_career_160000034_332066,332066,Administración En Turismo,al_hr_pe.edu_inst_160000034
edu_career_160000034_341026,341026,Economía,al_hr_pe.edu_inst_160000034
edu_career_160000034_342056,342056,Contabilidad,al_hr_pe.edu_inst_160000034
edu_career_160000034_351056,351056,Derecho Y Ciencias Políticas,al_hr_pe.edu_inst_160000034
edu_career_160000034_511056,511056,Ingeniería De Sistemas E Informática,al_hr_pe.edu_inst_160000034
edu_career_160000034_523026,523026,Ingeniería Agroindustrial,al_hr_pe.edu_inst_160000034
edu_career_160000034_531016,531016,Ingeniería Civil,al_hr_pe.edu_inst_160000034
edu_career_160000034_532016,532016,Ingeniería Sanitaria,al_hr_pe.edu_inst_160000034
edu_career_160000034_533096,533096,Arquitectura Y Urbanismo,al_hr_pe.edu_inst_160000034
edu_career_160000034_594086,594086,Ingeniería Del Medio Ambiente,al_hr_pe.edu_inst_160000034
edu_career_160000034_611016,611016,Agronomía,al_hr_pe.edu_inst_160000034
edu_career_160000034_621036,621036,Medicina Veterinaria Y Zootecnia,al_hr_pe.edu_inst_160000034
edu_career_160000034_711026,711026,Medicina Humana,al_hr_pe.edu_inst_160000034
edu_career_160000034_714016,714016,Enfermería,al_hr_pe.edu_inst_160000034
edu_career_160000034_717016,717016,Obstetricia,al_hr_pe.edu_inst_160000034
edu_career_160000035_111026,111026,Educación Inicial,al_hr_pe.edu_inst_160000035
edu_career_160000035_112016,112016,Educación Primaria,al_hr_pe.edu_inst_160000035
edu_career_160000035_121016,121016,Educación Secundaria,al_hr_pe.edu_inst_160000035
edu_career_160000035_331146,331146,Ciencias Administrativas,al_hr_pe.edu_inst_160000035
edu_career_160000035_341106,341106,Economía Y Negocios Internacionales,al_hr_pe.edu_inst_160000035
edu_career_160000035_342046,342046,Ciencias Contables Y Financieras,al_hr_pe.edu_inst_160000035
edu_career_160000035_351016,351016,Derecho,al_hr_pe.edu_inst_160000035
edu_career_160000035_511026,511026,Ingeniería De Sistemas,al_hr_pe.edu_inst_160000035
edu_career_160000035_523026,523026,Ingeniería Agroindustrial,al_hr_pe.edu_inst_160000035
edu_career_160000035_531016,531016,Ingeniería Civil,al_hr_pe.edu_inst_160000035
edu_career_160000035_594056,594056,Ingeniería Ambiental,al_hr_pe.edu_inst_160000035
edu_career_160000035_611016,611016,Agronomía,al_hr_pe.edu_inst_160000035
edu_career_160000035_612056,612056,Ingeniería Forestal,al_hr_pe.edu_inst_160000035
edu_career_160000035_711026,711026,Medicina Humana,al_hr_pe.edu_inst_160000035
edu_career_160000035_714016,714016,Enfermería,al_hr_pe.edu_inst_160000035
edu_career_160000041_331016,331016,Administración,al_hr_pe.edu_inst_160000041
edu_career_160000041_332246,332246,Gestión En Hotelería Y Turismo,al_hr_pe.edu_inst_160000041
edu_career_160000041_341026,341026,Economía,al_hr_pe.edu_inst_160000041
edu_career_160000041_342056,342056,Contabilidad,al_hr_pe.edu_inst_160000041
edu_career_160000041_351016,351016,Derecho,al_hr_pe.edu_inst_160000041
edu_career_160000041_523016,523016,Agroindustrias,al_hr_pe.edu_inst_160000041
edu_career_160000041_591026,591026,Ingeniería Pesquera,al_hr_pe.edu_inst_160000041
edu_career_160000041_611076,611076,Ingeniería Agrícola,al_hr_pe.edu_inst_160000041
edu_career_160000041_611106,611106,Ingeniería Agrónoma,al_hr_pe.edu_inst_160000041
edu_career_160000041_612066,612066,Ingeniería Forestal Y Medio Ambiente,al_hr_pe.edu_inst_160000041
edu_career_160000041_621036,621036,Medicina Veterinaria Y Zootecnia,al_hr_pe.edu_inst_160000041
edu_career_160000041_714016,714016,Enfermería,al_hr_pe.edu_inst_160000041
edu_career_160000041_717016,717016,Obstetricia,al_hr_pe.edu_inst_160000041
edu_career_160000042_111026,111026,Educación Inicial,al_hr_pe.edu_inst_160000042
edu_career_160000042_112016,112016,Educación Primaria,al_hr_pe.edu_inst_160000042
edu_career_160000042_121016,121016,Educación Secundaria,al_hr_pe.edu_inst_160000042
edu_career_160000042_321036,321036,Comunicación Social,al_hr_pe.edu_inst_160000042
edu_career_160000042_351056,351056,Derecho Y Ciencias Políticas,al_hr_pe.edu_inst_160000042
edu_career_160000042_411026,411026,Biología En Acuicultura,al_hr_pe.edu_inst_160000042
edu_career_160000042_411056,411056,Biotecnología,al_hr_pe.edu_inst_160000042
edu_career_160000042_511056,511056,Ingeniería De Sistemas E Informática,al_hr_pe.edu_inst_160000042
edu_career_160000042_523026,523026,Ingeniería Agroindustrial,al_hr_pe.edu_inst_160000042
edu_career_160000042_524056,524056,Ingeniería En Energía,al_hr_pe.edu_inst_160000042
edu_career_160000042_526036,526036,Ingeniería Mecánica,al_hr_pe.edu_inst_160000042
edu_career_160000042_531016,531016,Ingeniería Civil,al_hr_pe.edu_inst_160000042
edu_career_160000042_611106,611106,Ingeniería Agrónoma,al_hr_pe.edu_inst_160000042
edu_career_160000042_714016,714016,Enfermería,al_hr_pe.edu_inst_160000042
edu_career_160000051_111026,111026,Educación Inicial,al_hr_pe.edu_inst_160000051
edu_career_160000051_112016,112016,Educación Primaria,al_hr_pe.edu_inst_160000051
edu_career_160000051_121016,121016,Educación Secundaria,al_hr_pe.edu_inst_160000051
edu_career_160000051_141016,141016,Educación Especial,al_hr_pe.edu_inst_160000051
edu_career_160000051_331016,331016,Administración,al_hr_pe.edu_inst_160000051
edu_career_160000051_342056,342056,Contabilidad,al_hr_pe.edu_inst_160000051
edu_career_160000051_351016,351016,Derecho,al_hr_pe.edu_inst_160000051
edu_career_160000051_412026,412026,Zootecnia,al_hr_pe.edu_inst_160000051
edu_career_160000051_511026,511026,Ingeniería De Sistemas,al_hr_pe.edu_inst_160000051
edu_career_160000051_523016,523016,Agroindustrias,al_hr_pe.edu_inst_160000051
edu_career_160000051_525016,525016,Ingeniería Electrónica,al_hr_pe.edu_inst_160000051
edu_career_160000051_527016,527016,Ingeniería De Minas,al_hr_pe.edu_inst_160000051
edu_career_160000051_531016,531016,Ingeniería Civil,al_hr_pe.edu_inst_160000051
edu_career_160000051_532026,532026,Ingeniería Ambiental Sanitaria,al_hr_pe.edu_inst_160000051
edu_career_160000051_611016,611016,Agronomía,al_hr_pe.edu_inst_160000051
edu_career_160000051_714016,714016,Enfermería,al_hr_pe.edu_inst_160000051
edu_career_160000051_717016,717016,Obstetricia,al_hr_pe.edu_inst_160000051
edu_career_160000075_199016,199016,Educación,al_hr_pe.edu_inst_160000075
edu_career_160000075_332176,332176,Ecoturismo,al_hr_pe.edu_inst_160000075
edu_career_160000075_335026,335026,Administración Y Negocios Internacionales,al_hr_pe.edu_inst_160000075
edu_career_160000075_342106,342106,Contabilidad Y Finanzas,al_hr_pe.edu_inst_160000075
edu_career_160000075_351056,351056,Derecho Y Ciencias Políticas,al_hr_pe.edu_inst_160000075
edu_career_160000075_511056,511056,Ingeniería De Sistemas E Informática,al_hr_pe.edu_inst_160000075
edu_career_160000075_523026,523026,Ingeniería Agroindustrial,al_hr_pe.edu_inst_160000075
edu_career_160000075_612066,612066,Ingeniería Forestal Y Medio Ambiente,al_hr_pe.edu_inst_160000075
edu_career_160000075_621036,621036,Medicina Veterinaria Y Zootecnia,al_hr_pe.edu_inst_160000075
edu_career_160000075_714016,714016,Enfermería,al_hr_pe.edu_inst_160000075
edu_career_160000076_112016,112016,Educación Primaria,al_hr_pe.edu_inst_160000076
edu_career_160000076_121016,121016,Educación Secundaria,al_hr_pe.edu_inst_160000076
edu_career_160000076_331036,331036,Administración De Empresas,al_hr_pe.edu_inst_160000076
edu_career_160000076_332336,332336,Turismo Y Hostelería,al_hr_pe.edu_inst_160000076
edu_career_160000076_351056,351056,Derecho Y Ciencias Políticas,al_hr_pe.edu_inst_160000076
edu_career_160000076_412016,412016,Ingeniería Zootecnista,al_hr_pe.edu_inst_160000076
edu_career_160000076_523026,523026,Ingeniería Agroindustrial,al_hr_pe.edu_inst_160000076
edu_career_160000076_531016,531016,Ingeniería Civil,al_hr_pe.edu_inst_160000076
edu_career_160000076_594056,594056,Ingeniería Ambiental,al_hr_pe.edu_inst_160000076
edu_career_160000076_611106,611106,Ingeniería Agrónoma,al_hr_pe.edu_inst_160000076
edu_career_160000076_713016,713016,Estomatología,al_hr_pe.edu_inst_160000076
edu_career_160000076_714016,714016,Enfermería,al_hr_pe.edu_inst_160000076
edu_career_160000077_121486,121486,Educación Matemática E Informática,al_hr_pe.edu_inst_160000077
edu_career_160000077_131046,131046,Educación Física Y Danzas,al_hr_pe.edu_inst_160000077
edu_career_160000077_331036,331036,Administración De Empresas,al_hr_pe.edu_inst_160000077
edu_career_160000077_511056,511056,Ingeniería Informática Y Sistemas,al_hr_pe.edu_inst_160000077
edu_career_160000077_523026,523026,Ingeniería Agroindustrial,al_hr_pe.edu_inst_160000077
edu_career_160000077_527016,527016,Ingeniería De Minas,al_hr_pe.edu_inst_160000077
edu_career_160000077_531016,531016,Ingeniería Civil,al_hr_pe.edu_inst_160000077
edu_career_160000077_611096,611096,Agroecología Y Desarrollo Rural,al_hr_pe.edu_inst_160000077
edu_career_160000077_621036,621036,Medicina Veterinaria Y Zootecnia,al_hr_pe.edu_inst_160000077
edu_career_160000084_111076,111076,Educación Inicial Bilingüe,al_hr_pe.edu_inst_160000084
edu_career_160000084_112056,112056,Educación Primaria Bilingüe,al_hr_pe.edu_inst_160000084
edu_career_160000084_523026,523026,Ingeniería Agroindustrial,al_hr_pe.edu_inst_160000084
edu_career_160000084_612046,612046,Ingeniería Agroforestal Acuícola,al_hr_pe.edu_inst_160000084
edu_career_160000088_331036,331036,Administración De Empresas,al_hr_pe.edu_inst_160000088
edu_career_160000088_511026,511026,Ingeniería De Sistemas,al_hr_pe.edu_inst_160000088
edu_career_160000088_525066,525066,Ingeniería Electrónica Y Telecomunicaciones,al_hr_pe.edu_inst_160000088
edu_career_160000088_526056,526056,Ingeniería Mecánica Y Eléctrica,al_hr_pe.edu_inst_160000088
edu_career_160000088_594056,594056,Ingeniería Ambiental,al_hr_pe.edu_inst_160000088
edu_career_160000089_331036,331036,Administración De Empresas,al_hr_pe.edu_inst_160000089
edu_career_160000089_511026,511026,Ingeniería De Sistemas,al_hr_pe.edu_inst_160000089
edu_career_160000089_523026,523026,Ingeniería Agroindustrial,al_hr_pe.edu_inst_160000089
edu_career_160000095_336046,336046,Gestión Pública Y Desarrollo Social,al_hr_pe.edu_inst_160000095
edu_career_160000095_511056,511056,Ingeniería De Sistemas E Informática,al_hr_pe.edu_inst_160000095
edu_career_160000095_523026,523026,Ingeniería Agroindustrial,al_hr_pe.edu_inst_160000095
edu_career_160000095_527016,527016,Ingeniería De Minas,al_hr_pe.edu_inst_160000095
edu_career_160000095_591026,591026,Ingeniería Pesquera,al_hr_pe.edu_inst_160000095
edu_career_160000095_594056,594056,Ingeniería Ambiental,al_hr_pe.edu_inst_160000095
edu_career_160000098_336046,336046,Gestión Pública Y Desarrollo Social,al_hr_pe.edu_inst_160000098
edu_career_160000098_522036,522036,Ingeniería En Industrias Alimentarías,al_hr_pe.edu_inst_160000098
edu_career_160000098_524066,524066,Ingeniería En Energías Renovables,al_hr_pe.edu_inst_160000098
edu_career_160000098_528026,528026,Ingeniería Textil Y De Confecciones,al_hr_pe.edu_inst_160000098
edu_career_160000098_612066,612066,Ingeniería Ambiental Y Forestal,al_hr_pe.edu_inst_160000098
edu_career_160000101_522036,522036,Ingeniería De Industrias Alimentarias,al_hr_pe.edu_inst_160000101
edu_career_160000101_526056,526056,Ingeniería Mecánica Y Eléctrica,al_hr_pe.edu_inst_160000101
edu_career_160000101_531016,531016,Ingeniería Civil,al_hr_pe.edu_inst_160000101
edu_career_160000101_612066,612066,Ingeniería Forestal Y Ambiental,al_hr_pe.edu_inst_160000101
edu_career_160000101_715056,715056,Tecnología Médica Con Especialidad En Laboratorio Clínico,al_hr_pe.edu_inst_160000101
edu_career_160000106_331016,331016,Administracion,al_hr_pe.edu_inst_160000106
edu_career_160000106_332076,332076,Administracion De Turismo Y Hoteleria,al_hr_pe.edu_inst_160000106
edu_career_160000106_342056,342056,Contabilidad,al_hr_pe.edu_inst_160000106
edu_career_160000106_511026,511026,Ingenieria De Sistemas,al_hr_pe.edu_inst_160000106
edu_career_160000106_611016,611016,Agronomia,al_hr_pe.edu_inst_160000106
edu_career_160000120_342056,342056,Contabilidad,al_hr_pe.edu_inst_160000120
edu_career_160000120_523026,523026,Ingeniería Agroindustrial,al_hr_pe.edu_inst_160000120
edu_career_160000120_531016,531016,Ingeniería Civil,al_hr_pe.edu_inst_160000120
edu_career_160000120_612066,612066,Ingeniería Forestal Y Ambiental,al_hr_pe.edu_inst_160000120
edu_career_160000120_714016,714016,Enfermería,al_hr_pe.edu_inst_160000120
edu_career_160000121_342106,342106,Contabilidad Y Finanzas,al_hr_pe.edu_inst_160000121
edu_career_160000121_351056,351056,Derecho Y Ciencias Políticas,al_hr_pe.edu_inst_160000121
edu_career_160000121_522036,522036,Ingeniería En Industrias Alimentarias,al_hr_pe.edu_inst_160000121
edu_career_160000121_531016,531016,Ingeniería Civil,al_hr_pe.edu_inst_160000121
edu_career_160000121_611106,611106,Ingeniería Agrónoma,al_hr_pe.edu_inst_160000121
edu_career_160000121_714016,714016,Enfermería,al_hr_pe.edu_inst_160000121
edu_career_160000121_717016,717016,Obstetricia,al_hr_pe.edu_inst_160000121
edu_career_160000122_332076,332076,Administración Hotelera Y De Turismo,al_hr_pe.edu_inst_160000122
edu_career_160000122_341116,341116,Ingeniería Económica,al_hr_pe.edu_inst_160000122
edu_career_160000122_522036,522036,Ingeniería De Industrias Alimentarias,al_hr_pe.edu_inst_160000122
edu_career_160000123_335106,335106,Negocios Globales,al_hr_pe.edu_inst_160000123
edu_career_160000123_411056,411056,Biotecnología,al_hr_pe.edu_inst_160000123
edu_career_160000123_412026,412026,Zootecnia,al_hr_pe.edu_inst_160000123
edu_career_160000123_531016,531016,Ingeniería Civil,al_hr_pe.edu_inst_160000123
edu_career_160000123_611076,611076,Ingeniería Agrícola,al_hr_pe.edu_inst_160000123
edu_career_160000124_111076,111076,Educacion Intercultural Bilingüe:Nivel Inicial Y Nivel Primaria,al_hr_pe.edu_inst_160000124
edu_career_160000124_531016,531016,Ingenieria Civil,al_hr_pe.edu_inst_160000124
edu_career_160000124_594056,594056,Ingenieria Ambiental,al_hr_pe.edu_inst_160000124
edu_career_160000125_332176,332176,Ecoturismo,al_hr_pe.edu_inst_160000125
edu_career_160000125_522026,522026,Ingenieria De Alimentos,al_hr_pe.edu_inst_160000125
edu_career_160000125_531016,531016,Ingenieria Civil,al_hr_pe.edu_inst_160000125
edu_career_160000125_611126,611126,Ingenieria Agronomica Tropical,al_hr_pe.edu_inst_160000125
edu_career_160000126_335136,335136,Administración De Negocios Internacionales Y Turismo,al_hr_pe.edu_inst_160000126
edu_career_160000126_342056,342056,Contabilidad,al_hr_pe.edu_inst_160000126
edu_career_160000126_412026,412026,Zootecnia,al_hr_pe.edu_inst_160000126
edu_career_160000126_611016,611016,Agronomía,al_hr_pe.edu_inst_160000126
edu_career_160000126_613016,613016,Acuicultura,al_hr_pe.edu_inst_160000126
edu_career_160000127_331046,331046,Administración De Negocios,al_hr_pe.edu_inst_160000127
edu_career_160000127_332226,332226,"Gerencia De Hotelería, Turismo Y Gastronomía",al_hr_pe.edu_inst_160000127
edu_career_160000127_523026,523026,Ingeniería Agroindustrial,al_hr_pe.edu_inst_160000127
edu_career_160000127_714016,714016,Enfermería,al_hr_pe.edu_inst_160000127
edu_career_160000127_717016,717016,Obstetricia,al_hr_pe.edu_inst_160000127
edu_career_160000128_332056,332056,Administración De Turismo Sostenible Y Hotelería,al_hr_pe.edu_inst_160000128
edu_career_160000128_411056,411056,Biotecnología,al_hr_pe.edu_inst_160000128
edu_career_160000128_412026,412026,Zootecnia,al_hr_pe.edu_inst_160000128
edu_career_160000128_594116,594116,Ingeniería De Gestión Ambiental,al_hr_pe.edu_inst_160000128
edu_career_160000128_611146,611146,Ingeniería De Negocios Agronómicos Y Forestales,al_hr_pe.edu_inst_160000128
edu_career_160000129_331016,331016,Administracion,al_hr_pe.edu_inst_160000129
edu_career_160000129_342056,342056,Contabilidad,al_hr_pe.edu_inst_160000129
edu_career_160000129_511056,511056,Ingenieria Informatica Y Sistemas,al_hr_pe.edu_inst_160000129
edu_career_160000129_521046,521046,Ingenieria Industrial,al_hr_pe.edu_inst_160000129
edu_career_160000129_526036,526036,Ingenieria Mecanica,al_hr_pe.edu_inst_160000129
edu_career_160000130_331166,331166,Ingeniería Administrativa,al_hr_pe.edu_inst_160000130
edu_career_160000130_511126,511126,Ingeniería De Software,al_hr_pe.edu_inst_160000130
edu_career_160000130_525026,525026,Ingeniería Electrónica Con Mencion En Biomédica,al_hr_pe.edu_inst_160000130
edu_career_160000130_525036,525036,Ingeniería Electrónica Con Mencion En Mecatrónica,al_hr_pe.edu_inst_160000130
edu_career_160000130_525046,525046,Ingeniería Electrónica Con Mencion En Telecomunicaciones,al_hr_pe.edu_inst_160000130
edu_career_160000138_521046,521046,Ingenieria Industrial,al_hr_pe.edu_inst_160000138
edu_career_160000138_522016,522016,Industrias Alimentarias,al_hr_pe.edu_inst_160000138
edu_career_160000138_531016,531016,Ingenieria Civil,al_hr_pe.edu_inst_160000138
edu_career_160000138_612066,612066,Ingenieria Forestal Y Ambiental,al_hr_pe.edu_inst_160000138
edu_career_160000138_714016,714016,Enfermeria,al_hr_pe.edu_inst_160000138
edu_career_160000139_332226,332226,"Gestión Turística, Hotelería Y Gastronomía",al_hr_pe.edu_inst_160000139
edu_career_160000139_524066,524066,Ingeniería En Energías Renovables Y Gestión Ambiental,al_hr_pe.edu_inst_160000139
edu_career_160000139_527026,527026,Ingeniería De Minas Y Maquinaria Pesada,al_hr_pe.edu_inst_160000139
edu_career_160000139_531046,531046,Ingeniería Civil Y Diseño Arquitectónico,al_hr_pe.edu_inst_160000139
edu_career_160000139_611086,611086,Ingeniería Agrícola Y Forestal,al_hr_pe.edu_inst_160000139
edu_career_170209858_223015,223015,Danza,al_hr_pe.edu_inst_170209858
edu_career_170240135_151015,151015,Educación Artística,al_hr_pe.edu_inst_170240135
edu_career_170240135_221015,221015,Artes Plásticas Y Visuales,al_hr_pe.edu_inst_170240135
edu_career_170240135_224045,224045,Música,al_hr_pe.edu_inst_170240135
edu_career_170276352_221015,221015,Artes Plásticas Y Visuales,al_hr_pe.edu_inst_170276352
edu_career_170285973_151015,151015,Educación Artística,al_hr_pe.edu_inst_170285973
edu_career_170285973_224045,224045,Música,al_hr_pe.edu_inst_170285973
edu_career_170326108_151015,151015,Educación Artística,al_hr_pe.edu_inst_170326108
edu_career_170326108_221015,221015,Artes Plásticas Y Visuales,al_hr_pe.edu_inst_170326108
edu_career_170326124_151045,151045,Educación Musical,al_hr_pe.edu_inst_170326124
edu_career_170326124_224015,224015,Composición,al_hr_pe.edu_inst_170326124
edu_career_170326124_224035,224035,Interpretación Musical,al_hr_pe.edu_inst_170326124
edu_career_170326124_224065,224065,Musicología,al_hr_pe.edu_inst_170326124
edu_career_170326132_151035,151035,Educación En Danza Clásica,al_hr_pe.edu_inst_170326132
edu_career_170326132_223025,223025,Interprete En Danza Clásica,al_hr_pe.edu_inst_170326132
edu_career_170394098_151045,151045,Educación Musical,al_hr_pe.edu_inst_170394098
edu_career_170394098_224045,224045,Música,al_hr_pe.edu_inst_170394098
edu_career_170394106_151015,151015,Educación Artística,al_hr_pe.edu_inst_170394106
edu_career_170394106_225015,225015,Actuación,al_hr_pe.edu_inst_170394106
edu_career_170419960_151015,151015,Educación Artística,al_hr_pe.edu_inst_170419960
edu_career_170419978_151015,151015,Educación Artística,al_hr_pe.edu_inst_170419978
edu_career_170419978_221015,221015,Artes Plásticas Y Visuales,al_hr_pe.edu_inst_170419978
edu_career_170673061_151045,151045,Educación Musical,al_hr_pe.edu_inst_170673061
edu_career_170673061_224045,224045,Música,al_hr_pe.edu_inst_170673061
edu_career_170679746_151015,151015,Educación Artística,al_hr_pe.edu_inst_170679746
edu_career_170679746_221015,221015,Artes Plásticas Y Visuales,al_hr_pe.edu_inst_170679746
edu_career_170685164_221015,221015,Artes Plásticas Y Visuales,al_hr_pe.edu_inst_170685164
edu_career_170695528_221015,221015,Artes Plásticas Y Visuales,al_hr_pe.edu_inst_170695528
edu_career_170695536_151045,151045,Educación Musical,al_hr_pe.edu_inst_170695536
edu_career_170695536_224035,224035,Interpretación Musical,al_hr_pe.edu_inst_170695536
edu_career_170696005_221015,221015,Artes Plásticas Y Visuales,al_hr_pe.edu_inst_170696005
edu_career_170696005_224045,224045,Música,al_hr_pe.edu_inst_170696005
edu_career_170699702_151015,151015,Educación Artística,al_hr_pe.edu_inst_170699702
edu_career_170699702_221015,221015,Artes Plásticas Y Visuales,al_hr_pe.edu_inst_170699702
edu_career_170699702_224035,224035,Interpretación Musical,al_hr_pe.edu_inst_170699702
edu_career_170702605_151045,151045,Educación Musical,al_hr_pe.edu_inst_170702605
edu_career_170702605_224045,224045,Música,al_hr_pe.edu_inst_170702605
edu_career_170702829_151015,151015,Educación Artística,al_hr_pe.edu_inst_170702829
edu_career_170702829_221015,221015,Artes Plásticas Y Visuales,al_hr_pe.edu_inst_170702829
edu_career_170702837_151015,151015,Educación Artística,al_hr_pe.edu_inst_170702837
edu_career_170702837_221015,221015,Artes Plásticas Y Visuales,al_hr_pe.edu_inst_170702837
edu_career_170702837_223015,223015,Danza,al_hr_pe.edu_inst_170702837
edu_career_170702837_224045,224045,Música,al_hr_pe.edu_inst_170702837
edu_career_170768630_221015,221015,Artes Plásticas Y Visuales,al_hr_pe.edu_inst_170768630
edu_career_170768630_224045,224045,Música,al_hr_pe.edu_inst_170768630
edu_career_170768630_225015,225015,Actuación,al_hr_pe.edu_inst_170768630
edu_career_170817544_221015,221015,Artes Plásticas Y Visuales,al_hr_pe.edu_inst_170817544
edu_career_170817544_224045,224045,Música,al_hr_pe.edu_inst_170817544
edu_career_170817544_225015,225015,Actuación,al_hr_pe.edu_inst_170817544
edu_career_170886549_151045,151045,Educación Musical,al_hr_pe.edu_inst_170886549
edu_career_170886549_224035,224035,Interpretación Musical,al_hr_pe.edu_inst_170886549
edu_career_170925057_221015,221015,Artes Plásticas Y Visuales,al_hr_pe.edu_inst_170925057
edu_career_171025584_224045,224045,Música,al_hr_pe.edu_inst_171025584
edu_career_171027564_223015,223015,Danza,al_hr_pe.edu_inst_171027564
edu_career_171027564_224045,224045,Música,al_hr_pe.edu_inst_171027564
edu_career_171061894_151015,151015,Educación Artística,al_hr_pe.edu_inst_171061894
edu_career_171061894_221015,221015,Artes Plásticas Y Visuales,al_hr_pe.edu_inst_171061894
edu_career_171061928_151015,151015,Educación Artística,al_hr_pe.edu_inst_171061928
edu_career_171062439_151015,151015,Educación Artística,al_hr_pe.edu_inst_171062439
edu_career_171062439_221015,221015,Artes Plásticas Y Visuales,al_hr_pe.edu_inst_171062439
edu_career_171062439_221035,221035,Restauración Y Conservación De Obras De Arte,al_hr_pe.edu_inst_171062439
edu_career_171114693_151015,151015,Educación Artística,al_hr_pe.edu_inst_171114693
edu_career_171114693_223015,223015,Danza,al_hr_pe.edu_inst_171114693
edu_career_171114693_224045,224045,Música,al_hr_pe.edu_inst_171114693
edu_career_171114776_222115,222115,Diseño Escenográfico,al_hr_pe.edu_inst_171114776
edu_career_171114776_225015,225015,Actuación,al_hr_pe.edu_inst_171114776
edu_career_171114776_225025,225025,Arte Dramático,al_hr_pe.edu_inst_171114776
edu_career_171125723_151025,151025,Educación Danza,al_hr_pe.edu_inst_171125723
edu_career_171125723_221015,221015,Artes Plásticas Y Visuales,al_hr_pe.edu_inst_171125723
edu_career_171130210_151015,151015,Educación Artística,al_hr_pe.edu_inst_171130210
edu_career_171130210_224035,224035,Interpretación Musical,al_hr_pe.edu_inst_171130210
edu_career_171148485_224045,224045,Música,al_hr_pe.edu_inst_171148485
edu_career_171187368_151015,151015,Educación Artística,al_hr_pe.edu_inst_171187368
edu_career_171187368_222125,222125,Diseño Gráfico,al_hr_pe.edu_inst_171187368
edu_career_171345198_221015,221015,Artes Plásticas Y Visuales,al_hr_pe.edu_inst_171345198
edu_career_171637859_221015,221015,Artes Plásticas Y Visuales,al_hr_pe.edu_inst_171637859
edu_career_171637859_224045,224045,Música,al_hr_pe.edu_inst_171637859
edu_career_181000001_011026,011026,Ciencias Militares,al_hr_pe.edu_inst_181000001
edu_career_181000002_011036,011036,Ciencias Administrativas Marítimas,al_hr_pe.edu_inst_181000002
edu_career_181000003_011016,011016,Ciencias De La Administracion Aeroespacial,al_hr_pe.edu_inst_181000003
edu_career_181000004_021016,021016,Administración Y Ciencias Policiales,al_hr_pe.edu_inst_181000004
edu_career_182000001_011015,011015,Armas Submarinas,al_hr_pe.edu_inst_182000001
edu_career_182000001_011025,011025,Artillería,al_hr_pe.edu_inst_182000001
edu_career_182000001_011035,011035,Capitanía Y Guardacostas,al_hr_pe.edu_inst_182000001
edu_career_182000001_011065,011065,Infantería De Marina,al_hr_pe.edu_inst_182000001
edu_career_182000001_011075,011075,Inteligencia,al_hr_pe.edu_inst_182000001
edu_career_182000001_011085,011085,Maniobras,al_hr_pe.edu_inst_182000001
edu_career_182000001_011095,011095,Operaciones Especiales,al_hr_pe.edu_inst_182000001
edu_career_182000001_011105,011105,Policía Naval,al_hr_pe.edu_inst_182000001
edu_career_182000001_011125,011125,Sensores,al_hr_pe.edu_inst_182000001
edu_career_182000001_337025,337025,Secretariado Ejecutivo,al_hr_pe.edu_inst_182000001
edu_career_182000001_413015,413015,Hidrografía Y Navegación,al_hr_pe.edu_inst_182000001
edu_career_182000001_441145,441145,Procesamiento De Datos,al_hr_pe.edu_inst_182000001
edu_career_182000001_512075,512075,Telemática,al_hr_pe.edu_inst_182000001
edu_career_182000001_524015,524015,Electricidad,al_hr_pe.edu_inst_182000001
edu_career_182000001_525015,525015,Electrónica,al_hr_pe.edu_inst_182000001
edu_career_182000001_526125,526125,Máquinas Navales,al_hr_pe.edu_inst_182000001
edu_career_182000001_526145,526145,Mecánica Aeronaval,al_hr_pe.edu_inst_182000001
edu_career_182000001_526205,526205,Motores,al_hr_pe.edu_inst_182000001
edu_career_182000001_714035,714035,Enfermería Técnica,al_hr_pe.edu_inst_182000001
edu_career_182000002_224045,224045,Música,al_hr_pe.edu_inst_182000002
edu_career_182000002_321015,321015,Ciencias De La Comunicación,al_hr_pe.edu_inst_182000002
edu_career_182000002_331025,331025,Administración,al_hr_pe.edu_inst_182000002
edu_career_182000002_332125,332125,Gastronomía Y Arte Culinario,al_hr_pe.edu_inst_182000002
edu_career_182000002_441095,441095,Computación E Informática,al_hr_pe.edu_inst_182000002
edu_career_182000002_512065,512065,Telecomunicaciones,al_hr_pe.edu_inst_182000002
edu_career_182000002_526035,526035,Aviónica,al_hr_pe.edu_inst_182000002
edu_career_182000002_526085,526085,Mantenimiento De Maquinaria Pesada,al_hr_pe.edu_inst_182000002
edu_career_182000002_526135,526135,Mecánica Aeronáutica,al_hr_pe.edu_inst_182000002
edu_career_182000002_526165,526165,Mecánica Automotriz,al_hr_pe.edu_inst_182000002
edu_career_182000002_526185,526185,Mecánica De Producción,al_hr_pe.edu_inst_182000002
edu_career_182000002_531055,531055,Geomática,al_hr_pe.edu_inst_182000002
edu_career_182000002_611035,611035,Agropecuaria,al_hr_pe.edu_inst_182000002
edu_career_182000002_714035,714035,Enfermería Técnica,al_hr_pe.edu_inst_182000002
edu_career_182000003_011045,011045,Defensa Aérea,al_hr_pe.edu_inst_182000003
edu_career_182000003_011055,011055,Fuerzas Especiales,al_hr_pe.edu_inst_182000003
edu_career_182000003_011075,011075,Inteligencia,al_hr_pe.edu_inst_182000003
edu_career_182000003_011115,011115,Seguridad E Instrucción Militar,al_hr_pe.edu_inst_182000003
edu_career_182000003_224045,224045,Música,al_hr_pe.edu_inst_182000003
edu_career_182000003_331015,331015,Abastecimiento,al_hr_pe.edu_inst_182000003
edu_career_182000003_331025,331025,Administración,al_hr_pe.edu_inst_182000003
edu_career_182000003_342075,342075,Finanzas,al_hr_pe.edu_inst_182000003
edu_career_182000003_414015,414015,Meteorología,al_hr_pe.edu_inst_182000003
edu_career_182000003_441125,441125,Informática,al_hr_pe.edu_inst_182000003
edu_career_182000003_512025,512025,Sistemas De Telecomunicaciones,al_hr_pe.edu_inst_182000003
edu_career_182000003_525025,525025,Electronica Aeronáutica,al_hr_pe.edu_inst_182000003
edu_career_182000003_526045,526045,Mantenimiento De Aeronaves,al_hr_pe.edu_inst_182000003
edu_career_182000003_526055,526055,Mantenimiento De Estructuras,al_hr_pe.edu_inst_182000003
edu_career_182000003_526095,526095,"Mantenimiento De Motores, Hélices Y Unidades De Potencia Auxiliar",al_hr_pe.edu_inst_182000003
edu_career_182000003_526105,526105,"Mantenimiento De Equipos De Apoyo Terrestre, Vehículos Motorizados Y Contraincendio",al_hr_pe.edu_inst_182000003
edu_career_182000003_526115,526115,Mantenimiento Y Operación De Armamento Y Equipos Auxiliares,al_hr_pe.edu_inst_182000003
edu_career_182000003_531015,531015,Aerofotografía,al_hr_pe.edu_inst_182000003
edu_career_182000003_531025,531025,Construcción Civil,al_hr_pe.edu_inst_182000003
edu_career_182000003_714035,714035,Enfermería Técnica,al_hr_pe.edu_inst_182000003
edu_career_182000003_716015,716015,Farmacia,al_hr_pe.edu_inst_182000003
edu_career_182000004_021015,021015,Administración Y Ciencias Policiales,al_hr_pe.edu_inst_182000004
edu_career_199999999_999999,999999,Carrera No Especificada,al_hr_pe.edu_inst_199999999
edu_career_240332510_342025,342025,Contabilidad,al_hr_pe.edu_inst_240332510
edu_career_240332510_524035,524035,Electrotécnia Industrial,al_hr_pe.edu_inst_240332510
edu_career_240332510_525065,525065,Electrónica Industrial,al_hr_pe.edu_inst_240332510
edu_career_240332510_526165,526165,Mecánica Automotriz,al_hr_pe.edu_inst_240332510
edu_career_240332510_526185,526185,Mecánica De Producción,al_hr_pe.edu_inst_240332510
edu_career_240332510_714035,714035,Enfermería Técnica,al_hr_pe.edu_inst_240332510
edu_career_240332510_715025,715025,Laboratorio Clínico,al_hr_pe.edu_inst_240332510
edu_career_240332510_716015,716015,Farmacia,al_hr_pe.edu_inst_240332510
edu_career_240356931_331095,331095,Administración De Empresas,al_hr_pe.edu_inst_240356931
edu_career_240356931_337025,337025,Secretariado Ejecutivo,al_hr_pe.edu_inst_240356931
edu_career_240356931_342025,342025,Contabilidad,al_hr_pe.edu_inst_240356931
edu_career_240356931_441095,441095,Computación E Informática,al_hr_pe.edu_inst_240356931
edu_career_240356931_524035,524035,Electrotécnia Industrial,al_hr_pe.edu_inst_240356931
edu_career_240356931_811055,811055,Guía Oficial De Turismo,al_hr_pe.edu_inst_240356931
edu_career_240356949_222055,222055,Ciencias Publicitarias,al_hr_pe.edu_inst_240356949
edu_career_240356949_331035,331035,Administración Bancaria,al_hr_pe.edu_inst_240356949
edu_career_240356949_331095,331095,Administración De Empresas,al_hr_pe.edu_inst_240356949
edu_career_240356949_337025,337025,Secretariado Ejecutivo,al_hr_pe.edu_inst_240356949
edu_career_240356949_342025,342025,Contabilidad,al_hr_pe.edu_inst_240356949
edu_career_240356949_441095,441095,Computación E Informática,al_hr_pe.edu_inst_240356949
edu_career_240356949_811055,811055,Guía Oficial De Turismo,al_hr_pe.edu_inst_240356949
edu_career_240393702_342025,342025,Contabilidad,al_hr_pe.edu_inst_240393702
edu_career_240393702_526165,526165,Mecánica Automotriz,al_hr_pe.edu_inst_240393702
edu_career_240393702_714035,714035,Enfermería Técnica,al_hr_pe.edu_inst_240393702
edu_career_240393702_715015,715015,Fisioterapia Y Rehabilitación,al_hr_pe.edu_inst_240393702
edu_career_240393702_715025,715025,Laboratorio Clínico,al_hr_pe.edu_inst_240393702
edu_career_240413518_337025,337025,Secretariado Ejecutivo,al_hr_pe.edu_inst_240413518
edu_career_240413518_342025,342025,Contabilidad,al_hr_pe.edu_inst_240413518
edu_career_240413518_441095,441095,Computación E Informática,al_hr_pe.edu_inst_240413518
edu_career_240416123_713015,713015,Prótesis Dental,al_hr_pe.edu_inst_240416123
edu_career_240416123_714035,714035,Enfermería Técnica,al_hr_pe.edu_inst_240416123
edu_career_240416123_715015,715015,Fisioterapia Y Rehabilitación,al_hr_pe.edu_inst_240416123
edu_career_240416123_715025,715025,Laboratorio Clínico,al_hr_pe.edu_inst_240416123
edu_career_240416123_811055,811055,Guía Oficial De Turismo,al_hr_pe.edu_inst_240416123
edu_career_240454033_331095,331095,Administración De Empresas,al_hr_pe.edu_inst_240454033
edu_career_240454033_337025,337025,Secretariado Ejecutivo,al_hr_pe.edu_inst_240454033
edu_career_240454033_342025,342025,Contabilidad,al_hr_pe.edu_inst_240454033
edu_career_240454033_441095,441095,Computación E Informática,al_hr_pe.edu_inst_240454033
edu_career_240466425_713015,713015,Prótesis Dental,al_hr_pe.edu_inst_240466425
edu_career_240466425_714035,714035,Enfermería Técnica,al_hr_pe.edu_inst_240466425
edu_career_240466425_715015,715015,Fisioterapia Y Rehabilitación,al_hr_pe.edu_inst_240466425
edu_career_240466425_715025,715025,Laboratorio Clínico,al_hr_pe.edu_inst_240466425
edu_career_240466425_716015,716015,Farmacia,al_hr_pe.edu_inst_240466425
edu_career_240493791_441095,441095,Computación E Informática,al_hr_pe.edu_inst_240493791
edu_career_240570234_337025,337025,Secretariado Ejecutivo,al_hr_pe.edu_inst_240570234
edu_career_240570234_342025,342025,Contabilidad,al_hr_pe.edu_inst_240570234
edu_career_240570234_714035,714035,Enfermería Técnica,al_hr_pe.edu_inst_240570234
edu_career_240570234_715025,715025,Laboratorio Clínico,al_hr_pe.edu_inst_240570234
edu_career_240605147_331095,331095,Administración De Empresas,al_hr_pe.edu_inst_240605147
edu_career_240605147_332125,332125,Gastronomía Y Arte Culinario,al_hr_pe.edu_inst_240605147
edu_career_240605147_333015,333015,Marketing,al_hr_pe.edu_inst_240605147
edu_career_240605147_337025,337025,Secretariado Ejecutivo,al_hr_pe.edu_inst_240605147
edu_career_240605147_342025,342025,Contabilidad,al_hr_pe.edu_inst_240605147
edu_career_240605147_441095,441095,Computación E Informática,al_hr_pe.edu_inst_240605147
edu_career_240605147_714035,714035,Enfermería Técnica,al_hr_pe.edu_inst_240605147
edu_career_240605188_711015,711015,Anestesiología,al_hr_pe.edu_inst_240605188
edu_career_240605188_714035,714035,Enfermería Técnica,al_hr_pe.edu_inst_240605188
edu_career_240605188_715025,715025,Laboratorio Clínico,al_hr_pe.edu_inst_240605188
edu_career_240605188_716015,716015,Farmacia,al_hr_pe.edu_inst_240605188
edu_career_240605238_337025,337025,Secretariado Ejecutivo,al_hr_pe.edu_inst_240605238
edu_career_240605238_342025,342025,Contabilidad,al_hr_pe.edu_inst_240605238
edu_career_240605238_441095,441095,Computación E Informática,al_hr_pe.edu_inst_240605238
edu_career_240605253_332125,332125,Gastronomía Y Arte Culinario,al_hr_pe.edu_inst_240605253
edu_career_240605253_335015,335015,Administración De Negocios Internacionales,al_hr_pe.edu_inst_240605253
edu_career_240605253_337025,337025,Secretariado Ejecutivo,al_hr_pe.edu_inst_240605253
edu_career_240605253_342025,342025,Contabilidad,al_hr_pe.edu_inst_240605253
edu_career_240605253_441095,441095,Computación E Informática,al_hr_pe.edu_inst_240605253
edu_career_240605253_713015,713015,Prótesis Dental,al_hr_pe.edu_inst_240605253
edu_career_240605253_714035,714035,Enfermería Técnica,al_hr_pe.edu_inst_240605253
edu_career_240605253_715015,715015,Fisioterapia Y Rehabilitación,al_hr_pe.edu_inst_240605253
edu_career_240605253_715025,715025,Laboratorio Clínico,al_hr_pe.edu_inst_240605253
edu_career_240605253_716015,716015,Farmacia,al_hr_pe.edu_inst_240605253
edu_career_240607325_342025,342025,Contabilidad,al_hr_pe.edu_inst_240607325
edu_career_240607325_422025,422025,Química Industrial,al_hr_pe.edu_inst_240607325
edu_career_240607325_441095,441095,Computación E Informática,al_hr_pe.edu_inst_240607325
edu_career_240607325_714035,714035,Enfermería Técnica,al_hr_pe.edu_inst_240607325
edu_career_240607325_715025,715025,Laboratorio Clínico,al_hr_pe.edu_inst_240607325
edu_career_240607325_716015,716015,Farmacia,al_hr_pe.edu_inst_240607325
edu_career_240607341_331095,331095,Administración De Empresas,al_hr_pe.edu_inst_240607341
edu_career_240607341_333015,333015,Marketing,al_hr_pe.edu_inst_240607341
edu_career_240607341_337025,337025,Secretariado Ejecutivo,al_hr_pe.edu_inst_240607341
edu_career_240607341_342025,342025,Contabilidad,al_hr_pe.edu_inst_240607341
edu_career_240607341_441095,441095,Computación E Informática,al_hr_pe.edu_inst_240607341
edu_career_240607341_714035,714035,Enfermería Técnica,al_hr_pe.edu_inst_240607341
edu_career_240607341_715025,715025,Laboratorio Clínico,al_hr_pe.edu_inst_240607341
edu_career_240607341_716015,716015,Farmacia,al_hr_pe.edu_inst_240607341
edu_career_240607341_811055,811055,Guía Oficial De Turismo,al_hr_pe.edu_inst_240607341
edu_career_240608232_331095,331095,Administración De Empresas,al_hr_pe.edu_inst_240608232
edu_career_240608232_337025,337025,Secretariado Ejecutivo,al_hr_pe.edu_inst_240608232
edu_career_240608232_342025,342025,Contabilidad,al_hr_pe.edu_inst_240608232
edu_career_240608232_441095,441095,Computación E Informática,al_hr_pe.edu_inst_240608232
edu_career_240608232_528015,528015,Diseño De Modas,al_hr_pe.edu_inst_240608232
edu_career_240608232_713015,713015,Prótesis Dental,al_hr_pe.edu_inst_240608232
edu_career_240608232_714035,714035,Enfermería Técnica,al_hr_pe.edu_inst_240608232
edu_career_240608232_715025,715025,Laboratorio Clínico,al_hr_pe.edu_inst_240608232
edu_career_240608232_716015,716015,Farmacia,al_hr_pe.edu_inst_240608232
edu_career_240608232_812015,812015,Cosmética Dermatológica,al_hr_pe.edu_inst_240608232
edu_career_240669291_337025,337025,Secretariado Ejecutivo,al_hr_pe.edu_inst_240669291
edu_career_240669291_441095,441095,Computación E Informática,al_hr_pe.edu_inst_240669291
edu_career_240669291_714035,714035,Enfermería Técnica,al_hr_pe.edu_inst_240669291
edu_career_240669309_331095,331095,Administración De Empresas,al_hr_pe.edu_inst_240669309
edu_career_240669309_333085,333085,Ventas,al_hr_pe.edu_inst_240669309
edu_career_240669309_337025,337025,Secretariado Ejecutivo,al_hr_pe.edu_inst_240669309
edu_career_240669309_342025,342025,Contabilidad,al_hr_pe.edu_inst_240669309
edu_career_240669309_441095,441095,Computación E Informática,al_hr_pe.edu_inst_240669309
edu_career_240669309_531025,531025,Construcción Civil,al_hr_pe.edu_inst_240669309
edu_career_240669317_333015,333015,Marketing,al_hr_pe.edu_inst_240669317
edu_career_240669317_335015,335015,Administración De Negocios Internacionales,al_hr_pe.edu_inst_240669317
edu_career_240669317_337025,337025,Secretariado Ejecutivo,al_hr_pe.edu_inst_240669317
edu_career_240669317_441095,441095,Computación E Informática,al_hr_pe.edu_inst_240669317
edu_career_240669317_521015,521015,Procesos Industriales Y De Sistemas,al_hr_pe.edu_inst_240669317
edu_career_240669317_525065,525065,Electrónica Industrial,al_hr_pe.edu_inst_240669317
edu_career_240695445_713015,713015,Prótesis Dental,al_hr_pe.edu_inst_240695445
edu_career_240695445_714035,714035,Enfermería Técnica,al_hr_pe.edu_inst_240695445
edu_career_240695445_715015,715015,Fisioterapia Y Rehabilitación,al_hr_pe.edu_inst_240695445
edu_career_240695445_715025,715025,Laboratorio Clínico,al_hr_pe.edu_inst_240695445
edu_career_240695445_716015,716015,Farmacia,al_hr_pe.edu_inst_240695445
edu_career_240695460_332025,332025,Administración De Empresas Turísticas Y Hoteleras,al_hr_pe.edu_inst_240695460
edu_career_240695460_337025,337025,Secretariado Ejecutivo,al_hr_pe.edu_inst_240695460
edu_career_240695460_342025,342025,Contabilidad,al_hr_pe.edu_inst_240695460
edu_career_240695460_441095,441095,Computación E Informática,al_hr_pe.edu_inst_240695460
edu_career_240695460_526165,526165,Mecánica Automotriz,al_hr_pe.edu_inst_240695460
edu_career_240695460_531025,531025,Construcción Civil,al_hr_pe.edu_inst_240695460
edu_career_240695460_611115,611115,Producción Agropecuaria,al_hr_pe.edu_inst_240695460
edu_career_240695460_811055,811055,Guía Oficial De Turismo,al_hr_pe.edu_inst_240695460
edu_career_240695486_331095,331095,Administración De Empresas,al_hr_pe.edu_inst_240695486
edu_career_240695486_333015,333015,Marketing,al_hr_pe.edu_inst_240695486
edu_career_240695486_335015,335015,Administración De Negocios Internacionales,al_hr_pe.edu_inst_240695486
edu_career_240695486_337025,337025,Secretariado Ejecutivo,al_hr_pe.edu_inst_240695486
edu_career_240695486_342025,342025,Contabilidad,al_hr_pe.edu_inst_240695486
edu_career_240695486_441095,441095,Computación E Informática,al_hr_pe.edu_inst_240695486
edu_career_240695486_525065,525065,Electrónica Industrial,al_hr_pe.edu_inst_240695486
edu_career_240695502_331095,331095,Administración De Empresas,al_hr_pe.edu_inst_240695502
edu_career_240695502_337025,337025,Secretariado Ejecutivo,al_hr_pe.edu_inst_240695502
edu_career_240695502_342025,342025,Contabilidad,al_hr_pe.edu_inst_240695502
edu_career_240695502_441095,441095,Computación E Informática,al_hr_pe.edu_inst_240695502
edu_career_240695502_525065,525065,Electrónica Industrial,al_hr_pe.edu_inst_240695502
edu_career_240695502_714035,714035,Enfermería Técnica,al_hr_pe.edu_inst_240695502
edu_career_240695510_441095,441095,Computación E Informática,al_hr_pe.edu_inst_240695510
edu_career_240697961_342025,342025,Contabilidad,al_hr_pe.edu_inst_240697961
edu_career_240697961_441095,441095,Computación E Informática,al_hr_pe.edu_inst_240697961
edu_career_240697961_714035,714035,Enfermería Técnica,al_hr_pe.edu_inst_240697961
edu_career_240699595_321025,321025,Comunicación Audiovisual,al_hr_pe.edu_inst_240699595
edu_career_240699595_331095,331095,Administración De Empresas,al_hr_pe.edu_inst_240699595
edu_career_240699595_337025,337025,Secretariado Ejecutivo,al_hr_pe.edu_inst_240699595
edu_career_240699595_441095,441095,Computación E Informática,al_hr_pe.edu_inst_240699595
edu_career_240699595_714035,714035,Enfermería Técnica,al_hr_pe.edu_inst_240699595
edu_career_240699595_715025,715025,Laboratorio Clínico,al_hr_pe.edu_inst_240699595
edu_career_240702365_331115,331115,Administración De Negocios,al_hr_pe.edu_inst_240702365
edu_career_240702365_331255,331255,Gestión Del Emprendimiento,al_hr_pe.edu_inst_240702365
edu_career_240702365_333015,333015,Marketing,al_hr_pe.edu_inst_240702365
edu_career_240702365_335015,335015,Administración De Negocios Internacionales,al_hr_pe.edu_inst_240702365
edu_career_240702373_222135,222135,Diseño Gráfico Y Publicidad Digital,al_hr_pe.edu_inst_240702373
edu_career_240702373_331195,331195,Administración Y Gestión Empresarial,al_hr_pe.edu_inst_240702373
edu_career_240702373_332125,332125,Gastronomía Y Arte Culinario,al_hr_pe.edu_inst_240702373
edu_career_240702373_333025,333025,Marketing Empresarial,al_hr_pe.edu_inst_240702373
edu_career_240702373_337025,337025,Secretariado Ejecutivo,al_hr_pe.edu_inst_240702373
edu_career_240702373_342025,342025,Contabilidad,al_hr_pe.edu_inst_240702373
edu_career_240702373_342045,342045,Contabilidad Y Finanzas,al_hr_pe.edu_inst_240702373
edu_career_240702373_441055,441055,Análisis De Sistemas Y Modelación De Base De Datos,al_hr_pe.edu_inst_240702373
edu_career_240702373_441085,441085,Computación,al_hr_pe.edu_inst_240702373
edu_career_240702373_441095,441095,Computación E Informática,al_hr_pe.edu_inst_240702373
edu_career_240702373_524035,524035,Electrotécnia Industrial,al_hr_pe.edu_inst_240702373
edu_career_240702373_525065,525065,Electrónica Industrial,al_hr_pe.edu_inst_240702373
edu_career_240702373_526025,526025,Autotrónica,al_hr_pe.edu_inst_240702373
edu_career_240702373_526165,526165,Mecánica Automotriz,al_hr_pe.edu_inst_240702373
edu_career_240702373_713015,713015,Prótesis Dental,al_hr_pe.edu_inst_240702373
edu_career_240702373_714035,714035,Enfermería Técnica,al_hr_pe.edu_inst_240702373
edu_career_240702373_715015,715015,Fisioterapia Y Rehabilitación,al_hr_pe.edu_inst_240702373
edu_career_240702373_715025,715025,Laboratorio Clínico,al_hr_pe.edu_inst_240702373
edu_career_240702373_716015,716015,Farmacia,al_hr_pe.edu_inst_240702373
edu_career_240702407_222075,222075,Dirección Y Diseño Gráfico,al_hr_pe.edu_inst_240702407
edu_career_240702407_222125,222125,Diseño Gráfico,al_hr_pe.edu_inst_240702407
edu_career_240702407_225015,225015,Actuación,al_hr_pe.edu_inst_240702407
edu_career_240702407_321055,321055,Comunicación Integral,al_hr_pe.edu_inst_240702407
edu_career_240702407_321075,321075,Dirección Y Guionización,al_hr_pe.edu_inst_240702407
edu_career_240702407_321105,321105,Producción De Espectáculos,al_hr_pe.edu_inst_240702407
edu_career_240702407_331035,331035,Administración Bancaria,al_hr_pe.edu_inst_240702407
edu_career_240702407_331095,331095,Administración De Empresas,al_hr_pe.edu_inst_240702407
edu_career_240702407_332045,332045,Administración De Hoteles Y Restaurantes,al_hr_pe.edu_inst_240702407
edu_career_240702407_332055,332055,"Administración De Hoteles, Restaurantes Y Afines",al_hr_pe.edu_inst_240702407
edu_career_240702407_332065,332065,Administración De Servicios De Hostelería,al_hr_pe.edu_inst_240702407
edu_career_240702407_332085,332085,Administración Hotelera,al_hr_pe.edu_inst_240702407
edu_career_240702407_333015,333015,Marketing,al_hr_pe.edu_inst_240702407
edu_career_240702407_335015,335015,Administración De Negocios Internacionales,al_hr_pe.edu_inst_240702407
edu_career_240702407_337025,337025,Secretariado Ejecutivo,al_hr_pe.edu_inst_240702407
edu_career_240702407_342025,342025,Contabilidad,al_hr_pe.edu_inst_240702407
edu_career_240702407_441095,441095,Computación E Informática,al_hr_pe.edu_inst_240702407
edu_career_240702423_222165,222165,Diseño Publicitario,al_hr_pe.edu_inst_240702423
edu_career_240702423_222175,222175,Diseño Técnico,al_hr_pe.edu_inst_240702423
edu_career_240702423_337025,337025,Secretariado Ejecutivo,al_hr_pe.edu_inst_240702423
edu_career_240702423_342025,342025,Contabilidad,al_hr_pe.edu_inst_240702423
edu_career_240702423_441095,441095,Computación E Informática,al_hr_pe.edu_inst_240702423
edu_career_240702423_525065,525065,Electrónica Industrial,al_hr_pe.edu_inst_240702423
edu_career_240702423_526165,526165,Mecánica Automotriz,al_hr_pe.edu_inst_240702423
edu_career_240702423_714035,714035,Enfermería Técnica,al_hr_pe.edu_inst_240702423
edu_career_240702423_811055,811055,Guía Oficial De Turismo,al_hr_pe.edu_inst_240702423
edu_career_240702456_222055,222055,Ciencias Publicitarias,al_hr_pe.edu_inst_240702456
edu_career_240702456_222125,222125,Diseño Gráfico,al_hr_pe.edu_inst_240702456
edu_career_240702456_331035,331035,Administración Bancaria,al_hr_pe.edu_inst_240702456
edu_career_240702456_331095,331095,Administración De Empresas,al_hr_pe.edu_inst_240702456
edu_career_240702456_333015,333015,Marketing,al_hr_pe.edu_inst_240702456
edu_career_240702456_335015,335015,Administración De Negocios Internacionales,al_hr_pe.edu_inst_240702456
edu_career_240702456_337025,337025,Secretariado Ejecutivo,al_hr_pe.edu_inst_240702456
edu_career_240702456_342025,342025,Contabilidad,al_hr_pe.edu_inst_240702456
edu_career_240702456_441095,441095,Computación E Informática,al_hr_pe.edu_inst_240702456
edu_career_240702456_441175,441175,Redes Y Comunicaciones,al_hr_pe.edu_inst_240702456
edu_career_240702456_525065,525065,Electrónica Industrial,al_hr_pe.edu_inst_240702456
edu_career_240702456_715025,715025,Laboratorio Clínico,al_hr_pe.edu_inst_240702456
edu_career_240702456_716015,716015,Farmacia,al_hr_pe.edu_inst_240702456
edu_career_240702464_331035,331035,Administración Bancaria,al_hr_pe.edu_inst_240702464
edu_career_240702464_342025,342025,Contabilidad,al_hr_pe.edu_inst_240702464
edu_career_240702464_441095,441095,Computación E Informática,al_hr_pe.edu_inst_240702464
edu_career_240702464_712015,712015,Nutrición Y Dietética,al_hr_pe.edu_inst_240702464
edu_career_240702464_713015,713015,Prótesis Dental,al_hr_pe.edu_inst_240702464
edu_career_240702464_714035,714035,Enfermería Técnica,al_hr_pe.edu_inst_240702464
edu_career_240702464_715015,715015,Fisioterapia Y Rehabilitación,al_hr_pe.edu_inst_240702464
edu_career_240702464_715025,715025,Laboratorio Clínico,al_hr_pe.edu_inst_240702464
edu_career_240702472_337025,337025,Secretariado Ejecutivo,al_hr_pe.edu_inst_240702472
edu_career_240702472_342025,342025,Contabilidad,al_hr_pe.edu_inst_240702472
edu_career_240702472_713015,713015,Prótesis Dental,al_hr_pe.edu_inst_240702472
edu_career_240702472_714035,714035,Enfermería Técnica,al_hr_pe.edu_inst_240702472
edu_career_240702472_715025,715025,Laboratorio Clínico,al_hr_pe.edu_inst_240702472
edu_career_240702472_811055,811055,Guía Oficial De Turismo,al_hr_pe.edu_inst_240702472
edu_career_240702571_311035,311035,Relaciones Públicas,al_hr_pe.edu_inst_240702571
edu_career_240702571_331095,331095,Administración De Empresas,al_hr_pe.edu_inst_240702571
edu_career_240702571_333015,333015,Marketing,al_hr_pe.edu_inst_240702571
edu_career_240702571_337025,337025,Secretariado Ejecutivo,al_hr_pe.edu_inst_240702571
edu_career_240702571_342025,342025,Contabilidad,al_hr_pe.edu_inst_240702571
edu_career_240702571_522025,522025,Industrias Alimentarias,al_hr_pe.edu_inst_240702571
edu_career_240702571_811055,811055,Guía Oficial De Turismo,al_hr_pe.edu_inst_240702571
edu_career_240702654_337025,337025,Secretariado Ejecutivo,al_hr_pe.edu_inst_240702654
edu_career_240702654_441095,441095,Computación E Informática,al_hr_pe.edu_inst_240702654
edu_career_240702654_525065,525065,Electrónica Industrial,al_hr_pe.edu_inst_240702654
edu_career_240702654_713015,713015,Prótesis Dental,al_hr_pe.edu_inst_240702654
edu_career_240702654_714035,714035,Enfermería Técnica,al_hr_pe.edu_inst_240702654
edu_career_240702654_715025,715025,Laboratorio Clínico,al_hr_pe.edu_inst_240702654
edu_career_240702688_332065,332065,Administración De Servicios De Hostelería,al_hr_pe.edu_inst_240702688
edu_career_240702688_811055,811055,Guía Oficial De Turismo,al_hr_pe.edu_inst_240702688
edu_career_240702696_321015,321015,Ciencias De La Comunicación,al_hr_pe.edu_inst_240702696
edu_career_240702696_331095,331095,Administración De Empresas,al_hr_pe.edu_inst_240702696
edu_career_240702696_332065,332065,Administración De Servicios De Hostelería,al_hr_pe.edu_inst_240702696
edu_career_240702696_337025,337025,Secretariado Ejecutivo,al_hr_pe.edu_inst_240702696
edu_career_240702696_342025,342025,Contabilidad,al_hr_pe.edu_inst_240702696
edu_career_240702696_441095,441095,Computación E Informática,al_hr_pe.edu_inst_240702696
edu_career_240702696_525065,525065,Electrónica Industrial,al_hr_pe.edu_inst_240702696
edu_career_240702696_714035,714035,Enfermería Técnica,al_hr_pe.edu_inst_240702696
edu_career_240702696_715025,715025,Laboratorio Clínico,al_hr_pe.edu_inst_240702696
edu_career_240702696_811055,811055,Guía Oficial De Turismo,al_hr_pe.edu_inst_240702696
edu_career_240702704_222125,222125,Diseño Gráfico,al_hr_pe.edu_inst_240702704
edu_career_240702704_331095,331095,Administración De Empresas,al_hr_pe.edu_inst_240702704
edu_career_240702704_333015,333015,Marketing,al_hr_pe.edu_inst_240702704
edu_career_240702704_333025,333025,Marketing Empresarial,al_hr_pe.edu_inst_240702704
edu_career_240702704_335015,335015,Administración De Negocios Internacionales,al_hr_pe.edu_inst_240702704
edu_career_240702704_337025,337025,Secretariado Ejecutivo,al_hr_pe.edu_inst_240702704
edu_career_240702704_342025,342025,Contabilidad,al_hr_pe.edu_inst_240702704
edu_career_240702704_441095,441095,Computación E Informática,al_hr_pe.edu_inst_240702704
edu_career_240702704_521015,521015,Procesos Industriales Y De Sistemas,al_hr_pe.edu_inst_240702704
edu_career_240702704_524035,524035,Electrotécnia Industrial,al_hr_pe.edu_inst_240702704
edu_career_240702704_525065,525065,Electrónica Industrial,al_hr_pe.edu_inst_240702704
edu_career_240702704_713015,713015,Prótesis Dental,al_hr_pe.edu_inst_240702704
edu_career_240702704_714035,714035,Enfermería Técnica,al_hr_pe.edu_inst_240702704
edu_career_240702704_715025,715025,Laboratorio Clínico,al_hr_pe.edu_inst_240702704
edu_career_240702704_716015,716015,Farmacia,al_hr_pe.edu_inst_240702704
edu_career_240702761_331095,331095,Administración De Empresas,al_hr_pe.edu_inst_240702761
edu_career_240702761_337025,337025,Secretariado Ejecutivo,al_hr_pe.edu_inst_240702761
edu_career_240702761_342025,342025,Contabilidad,al_hr_pe.edu_inst_240702761
edu_career_240702761_441095,441095,Computación E Informática,al_hr_pe.edu_inst_240702761
edu_career_240702761_714035,714035,Enfermería Técnica,al_hr_pe.edu_inst_240702761
edu_career_240702803_331095,331095,Administración De Empresas,al_hr_pe.edu_inst_240702803
edu_career_240702803_337025,337025,Secretariado Ejecutivo,al_hr_pe.edu_inst_240702803
edu_career_240702803_342025,342025,Contabilidad,al_hr_pe.edu_inst_240702803
edu_career_240702803_441095,441095,Computación E Informática,al_hr_pe.edu_inst_240702803
edu_career_240702803_714035,714035,Enfermería Técnica,al_hr_pe.edu_inst_240702803
edu_career_240702803_715025,715025,Laboratorio Clínico,al_hr_pe.edu_inst_240702803
edu_career_240702803_716015,716015,Farmacia,al_hr_pe.edu_inst_240702803
edu_career_240702811_331095,331095,Administración De Empresas,al_hr_pe.edu_inst_240702811
edu_career_240702811_333015,333015,Marketing,al_hr_pe.edu_inst_240702811
edu_career_240702811_342025,342025,Contabilidad,al_hr_pe.edu_inst_240702811
edu_career_240702811_811055,811055,Guía Oficial De Turismo,al_hr_pe.edu_inst_240702811
edu_career_240702894_441095,441095,Computación E Informática,al_hr_pe.edu_inst_240702894
edu_career_240702894_714035,714035,Enfermería Técnica,al_hr_pe.edu_inst_240702894
edu_career_240702894_715025,715025,Laboratorio Clínico,al_hr_pe.edu_inst_240702894
edu_career_240702894_716015,716015,Farmacia,al_hr_pe.edu_inst_240702894
edu_career_240709550_214025,214025,Traducción De Idiomas,al_hr_pe.edu_inst_240709550
edu_career_240709550_331035,331035,Administración Bancaria,al_hr_pe.edu_inst_240709550
edu_career_240709550_333015,333015,Marketing,al_hr_pe.edu_inst_240709550
edu_career_240709550_337025,337025,Secretariado Ejecutivo,al_hr_pe.edu_inst_240709550
edu_career_240709550_342025,342025,Contabilidad,al_hr_pe.edu_inst_240709550
edu_career_240709550_441095,441095,Computación E Informática,al_hr_pe.edu_inst_240709550
edu_career_240709550_714035,714035,Enfermería Técnica,al_hr_pe.edu_inst_240709550
edu_career_240709550_716015,716015,Farmacia,al_hr_pe.edu_inst_240709550
edu_career_240724518_333015,333015,Marketing,al_hr_pe.edu_inst_240724518
edu_career_240724518_342025,342025,Contabilidad,al_hr_pe.edu_inst_240724518
edu_career_240724518_441095,441095,Computación E Informática,al_hr_pe.edu_inst_240724518
edu_career_240724518_525065,525065,Electrónica Industrial,al_hr_pe.edu_inst_240724518
edu_career_240736264_332125,332125,Gastronomía Y Arte Culinario,al_hr_pe.edu_inst_240736264
edu_career_240736264_337025,337025,Secretariado Ejecutivo,al_hr_pe.edu_inst_240736264
edu_career_240736264_441095,441095,Computación E Informática,al_hr_pe.edu_inst_240736264
edu_career_240736264_522025,522025,Industrias Alimentarias,al_hr_pe.edu_inst_240736264
edu_career_240736264_531025,531025,Construcción Civil,al_hr_pe.edu_inst_240736264
edu_career_240736272_222125,222125,Diseño Gráfico,al_hr_pe.edu_inst_240736272
edu_career_240736272_331035,331035,Administración Bancaria,al_hr_pe.edu_inst_240736272
edu_career_240736272_331095,331095,Administración De Empresas,al_hr_pe.edu_inst_240736272
edu_career_240736272_332125,332125,Gastronomía Y Arte Culinario,al_hr_pe.edu_inst_240736272
edu_career_240736272_333015,333015,Marketing,al_hr_pe.edu_inst_240736272
edu_career_240736272_335015,335015,Administración De Negocios Internacionales,al_hr_pe.edu_inst_240736272
edu_career_240736272_337025,337025,Secretariado Ejecutivo,al_hr_pe.edu_inst_240736272
edu_career_240736272_342025,342025,Contabilidad,al_hr_pe.edu_inst_240736272
edu_career_240736272_441095,441095,Computación E Informática,al_hr_pe.edu_inst_240736272
edu_career_240736272_528015,528015,Diseño De Modas,al_hr_pe.edu_inst_240736272
edu_career_240737544_711015,711015,Anestesiología,al_hr_pe.edu_inst_240737544
edu_career_240737544_713015,713015,Prótesis Dental,al_hr_pe.edu_inst_240737544
edu_career_240737544_714035,714035,Enfermería Técnica,al_hr_pe.edu_inst_240737544
edu_career_240737544_715015,715015,Fisioterapia Y Rehabilitación,al_hr_pe.edu_inst_240737544
edu_career_240737544_715025,715025,Laboratorio Clínico,al_hr_pe.edu_inst_240737544
edu_career_240737544_716015,716015,Farmacia,al_hr_pe.edu_inst_240737544
edu_career_240745679_441095,441095,Computación E Informática,al_hr_pe.edu_inst_240745679
edu_career_240745679_528015,528015,Diseño De Modas,al_hr_pe.edu_inst_240745679
edu_career_240745679_713015,713015,Prótesis Dental,al_hr_pe.edu_inst_240745679
edu_career_240745679_714035,714035,Enfermería Técnica,al_hr_pe.edu_inst_240745679
edu_career_240745679_715015,715015,Fisioterapia Y Rehabilitación,al_hr_pe.edu_inst_240745679
edu_career_240745679_715025,715025,Laboratorio Clínico,al_hr_pe.edu_inst_240745679
edu_career_240745679_716015,716015,Farmacia,al_hr_pe.edu_inst_240745679
edu_career_240745687_441095,441095,Computación E Informática,al_hr_pe.edu_inst_240745687
edu_career_240745687_524035,524035,Electrotécnia Industrial,al_hr_pe.edu_inst_240745687
edu_career_240745687_526185,526185,Mecánica De Producción,al_hr_pe.edu_inst_240745687
edu_career_240758276_342025,342025,Contabilidad,al_hr_pe.edu_inst_240758276
edu_career_240758276_713015,713015,Prótesis Dental,al_hr_pe.edu_inst_240758276
edu_career_240758276_714035,714035,Enfermería Técnica,al_hr_pe.edu_inst_240758276
edu_career_240758276_716015,716015,Farmacia,al_hr_pe.edu_inst_240758276
edu_career_240780502_337025,337025,Secretariado Ejecutivo,al_hr_pe.edu_inst_240780502
edu_career_240780502_342025,342025,Contabilidad,al_hr_pe.edu_inst_240780502
edu_career_240780502_441095,441095,Computación E Informática,al_hr_pe.edu_inst_240780502
edu_career_240780502_524035,524035,Electrotécnia Industrial,al_hr_pe.edu_inst_240780502
edu_career_240785907_222055,222055,Ciencias Publicitarias,al_hr_pe.edu_inst_240785907
edu_career_240785907_322015,322015,"Locución, Comunicación Radial Y Televisiva",al_hr_pe.edu_inst_240785907
edu_career_240785907_339055,339055,Comercio,al_hr_pe.edu_inst_240785907
edu_career_240794602_441095,441095,Computación E Informática,al_hr_pe.edu_inst_240794602
edu_career_240794602_713015,713015,Prótesis Dental,al_hr_pe.edu_inst_240794602
edu_career_240794602_714035,714035,Enfermería Técnica,al_hr_pe.edu_inst_240794602
edu_career_240814285_611115,611115,Producción Agropecuaria,al_hr_pe.edu_inst_240814285
edu_career_240814657_332065,332065,Administración De Servicios De Hostelería,al_hr_pe.edu_inst_240814657
edu_career_240814657_811055,811055,Guía Oficial De Turismo,al_hr_pe.edu_inst_240814657
edu_career_240814699_714035,714035,Enfermería Técnica,al_hr_pe.edu_inst_240814699
edu_career_240814699_715015,715015,Fisioterapia Y Rehabilitación,al_hr_pe.edu_inst_240814699
edu_career_240815001_331055,331055,Administración Bancaria Y Financiera,al_hr_pe.edu_inst_240815001
edu_career_240815001_332065,332065,Administración De Servicios De Hostelería,al_hr_pe.edu_inst_240815001
edu_career_240815001_332105,332105,Cocina,al_hr_pe.edu_inst_240815001
edu_career_240815001_332125,332125,Gastronomía Y Arte Culinario,al_hr_pe.edu_inst_240815001
edu_career_240815001_333025,333025,Marketing Empresarial,al_hr_pe.edu_inst_240815001
edu_career_240815001_335015,335015,Administración De Negocios Internacionales,al_hr_pe.edu_inst_240815001
edu_career_240815001_441035,441035,Administración Y Sistemas,al_hr_pe.edu_inst_240815001
edu_career_240815001_441095,441095,Computación E Informática,al_hr_pe.edu_inst_240815001
edu_career_240815001_811055,811055,Guía Oficial De Turismo,al_hr_pe.edu_inst_240815001
edu_career_240815043_331035,331035,Administración Bancaria,al_hr_pe.edu_inst_240815043
edu_career_240815043_331095,331095,Administración De Empresas,al_hr_pe.edu_inst_240815043
edu_career_240815043_332065,332065,Administración De Servicios De Hostelería,al_hr_pe.edu_inst_240815043
edu_career_240815043_332105,332105,Cocina,al_hr_pe.edu_inst_240815043
edu_career_240815043_333015,333015,Marketing,al_hr_pe.edu_inst_240815043
edu_career_240815043_335015,335015,Administración De Negocios Internacionales,al_hr_pe.edu_inst_240815043
edu_career_240815043_342025,342025,Contabilidad,al_hr_pe.edu_inst_240815043
edu_career_240815043_441095,441095,Computación E Informática,al_hr_pe.edu_inst_240815043
edu_career_240815043_521015,521015,Procesos Industriales Y De Sistemas,al_hr_pe.edu_inst_240815043
edu_career_240815142_331095,331095,Administración De Empresas,al_hr_pe.edu_inst_240815142
edu_career_240815142_332065,332065,Administración De Servicios De Hostelería,al_hr_pe.edu_inst_240815142
edu_career_240815142_332105,332105,Cocina,al_hr_pe.edu_inst_240815142
edu_career_240815142_337025,337025,Secretariado Ejecutivo,al_hr_pe.edu_inst_240815142
edu_career_240815142_342025,342025,Contabilidad,al_hr_pe.edu_inst_240815142
edu_career_240815142_441095,441095,Computación E Informática,al_hr_pe.edu_inst_240815142
edu_career_240815142_713015,713015,Prótesis Dental,al_hr_pe.edu_inst_240815142
edu_career_240815142_714035,714035,Enfermería Técnica,al_hr_pe.edu_inst_240815142
edu_career_240815142_715015,715015,Fisioterapia Y Rehabilitación,al_hr_pe.edu_inst_240815142
edu_career_240815142_715025,715025,Laboratorio Clínico,al_hr_pe.edu_inst_240815142
edu_career_240815142_716015,716015,Farmacia,al_hr_pe.edu_inst_240815142
edu_career_240815142_811055,811055,Guía Oficial De Turismo,al_hr_pe.edu_inst_240815142
edu_career_240815159_331095,331095,Administración De Empresas,al_hr_pe.edu_inst_240815159
edu_career_240815159_332065,332065,Administración De Servicios De Hostelería,al_hr_pe.edu_inst_240815159
edu_career_240815159_342025,342025,Contabilidad,al_hr_pe.edu_inst_240815159
edu_career_240815175_332025,332025,Administración De Empresas Turísticas Y Hoteleras,al_hr_pe.edu_inst_240815175
edu_career_240815175_332115,332115,Ecoturismo Y Gestión Ambiental,al_hr_pe.edu_inst_240815175
edu_career_240815175_332125,332125,Gastronomía Y Arte Culinario,al_hr_pe.edu_inst_240815175
edu_career_240815175_333025,333025,Marketing Empresarial,al_hr_pe.edu_inst_240815175
edu_career_240815175_335015,335015,Administración De Negocios Internacionales,al_hr_pe.edu_inst_240815175
edu_career_240815175_337025,337025,Secretariado Ejecutivo,al_hr_pe.edu_inst_240815175
edu_career_240815175_342025,342025,Contabilidad,al_hr_pe.edu_inst_240815175
edu_career_240815175_441095,441095,Computación E Informática,al_hr_pe.edu_inst_240815175
edu_career_240815175_512055,512055,Técnica En Ingeniería De Telemática,al_hr_pe.edu_inst_240815175
edu_career_240815175_525065,525065,Electrónica Industrial,al_hr_pe.edu_inst_240815175
edu_career_240815175_811055,811055,Guía Oficial De Turismo,al_hr_pe.edu_inst_240815175
edu_career_240815183_713015,713015,Prótesis Dental,al_hr_pe.edu_inst_240815183
edu_career_240815183_714035,714035,Enfermería Técnica,al_hr_pe.edu_inst_240815183
edu_career_240815183_716015,716015,Farmacia,al_hr_pe.edu_inst_240815183
edu_career_240815191_342025,342025,Contabilidad,al_hr_pe.edu_inst_240815191
edu_career_240815191_441095,441095,Computación E Informática,al_hr_pe.edu_inst_240815191
edu_career_240815191_714035,714035,Enfermería Técnica,al_hr_pe.edu_inst_240815191
edu_career_240815191_715015,715015,Fisioterapia Y Rehabilitación,al_hr_pe.edu_inst_240815191
edu_career_240815191_716015,716015,Farmacia,al_hr_pe.edu_inst_240815191
edu_career_240817577_337025,337025,Secretariado Ejecutivo,al_hr_pe.edu_inst_240817577
edu_career_240817577_342025,342025,Contabilidad,al_hr_pe.edu_inst_240817577
edu_career_240817577_441095,441095,Computación E Informática,al_hr_pe.edu_inst_240817577
edu_career_240817577_714035,714035,Enfermería Técnica,al_hr_pe.edu_inst_240817577
edu_career_240846709_342025,342025,Contabilidad,al_hr_pe.edu_inst_240846709
edu_career_240846709_714035,714035,Enfermería Técnica,al_hr_pe.edu_inst_240846709
edu_career_240847277_713015,713015,Prótesis Dental,al_hr_pe.edu_inst_240847277
edu_career_240847277_714035,714035,Enfermería Técnica,al_hr_pe.edu_inst_240847277
edu_career_240847277_715025,715025,Laboratorio Clínico,al_hr_pe.edu_inst_240847277
edu_career_240847277_716015,716015,Farmacia,al_hr_pe.edu_inst_240847277
edu_career_240886523_441095,441095,Computación E Informática,al_hr_pe.edu_inst_240886523
edu_career_240886523_528015,528015,Diseño De Modas,al_hr_pe.edu_inst_240886523
edu_career_240886523_713015,713015,Prótesis Dental,al_hr_pe.edu_inst_240886523
edu_career_240886523_714035,714035,Enfermería Técnica,al_hr_pe.edu_inst_240886523
edu_career_240886523_715015,715015,Fisioterapia Y Rehabilitación,al_hr_pe.edu_inst_240886523
edu_career_240886580_337025,337025,Secretariado Ejecutivo,al_hr_pe.edu_inst_240886580
edu_career_240886580_342025,342025,Contabilidad,al_hr_pe.edu_inst_240886580
edu_career_240886580_441095,441095,Computación E Informática,al_hr_pe.edu_inst_240886580
edu_career_240886580_521015,521015,Procesos Industriales Y De Sistemas,al_hr_pe.edu_inst_240886580
edu_career_240886986_337025,337025,Secretariado Ejecutivo,al_hr_pe.edu_inst_240886986
edu_career_240886986_342025,342025,Contabilidad,al_hr_pe.edu_inst_240886986
edu_career_240886986_441095,441095,Computación E Informática,al_hr_pe.edu_inst_240886986
edu_career_240891440_331095,331095,Administración De Empresas,al_hr_pe.edu_inst_240891440
edu_career_240891440_337025,337025,Secretariado Ejecutivo,al_hr_pe.edu_inst_240891440
edu_career_240891440_342025,342025,Contabilidad,al_hr_pe.edu_inst_240891440
edu_career_240891440_441095,441095,Computación E Informática,al_hr_pe.edu_inst_240891440
edu_career_240891531_332065,332065,Administración De Servicios De Hostelería,al_hr_pe.edu_inst_240891531
edu_career_240891531_342025,342025,Contabilidad,al_hr_pe.edu_inst_240891531
edu_career_240891531_811055,811055,Guía Oficial De Turismo,al_hr_pe.edu_inst_240891531
edu_career_240891598_333015,333015,Marketing,al_hr_pe.edu_inst_240891598
edu_career_240891598_335015,335015,Administración De Negocios Internacionales,al_hr_pe.edu_inst_240891598
edu_career_240891598_337025,337025,Secretariado Ejecutivo,al_hr_pe.edu_inst_240891598
edu_career_240891598_441095,441095,Computación E Informática,al_hr_pe.edu_inst_240891598
edu_career_240891622_441095,441095,Computación E Informática,al_hr_pe.edu_inst_240891622
edu_career_240891622_526165,526165,Mecánica Automotriz,al_hr_pe.edu_inst_240891622
edu_career_240891622_714035,714035,Enfermería Técnica,al_hr_pe.edu_inst_240891622
edu_career_240891689_441165,441165,Redes Y Comunicación De Datos,al_hr_pe.edu_inst_240891689
edu_career_240891689_524035,524035,Electrotécnia Industrial,al_hr_pe.edu_inst_240891689
edu_career_240891689_525085,525085,Electrónica De Sistemas Computarizados,al_hr_pe.edu_inst_240891689
edu_career_240891689_526075,526075,Mantenimiento De Maquinaria De Planta,al_hr_pe.edu_inst_240891689
edu_career_240891689_526085,526085,Mantenimiento De Maquinaria Pesada,al_hr_pe.edu_inst_240891689
edu_career_240891895_337025,337025,Secretariado Ejecutivo,al_hr_pe.edu_inst_240891895
edu_career_240891895_441095,441095,Computación E Informática,al_hr_pe.edu_inst_240891895
edu_career_240891895_611115,611115,Producción Agropecuaria,al_hr_pe.edu_inst_240891895
edu_career_240892257_412015,412015,Zootecnia,al_hr_pe.edu_inst_240892257
edu_career_240892257_611025,611025,Administración Rural,al_hr_pe.edu_inst_240892257
edu_career_240892257_611115,611115,Producción Agropecuaria,al_hr_pe.edu_inst_240892257
edu_career_240892281_525065,525065,Electrónica Industrial,al_hr_pe.edu_inst_240892281
edu_career_240892281_526165,526165,Mecánica Automotriz,al_hr_pe.edu_inst_240892281
edu_career_240892281_714035,714035,Enfermería Técnica,al_hr_pe.edu_inst_240892281
edu_career_240892315_526165,526165,Mecánica Automotriz,al_hr_pe.edu_inst_240892315
edu_career_240892315_526185,526185,Mecánica De Producción,al_hr_pe.edu_inst_240892315
edu_career_240898189_342025,342025,Contabilidad,al_hr_pe.edu_inst_240898189
edu_career_240898189_611115,611115,Producción Agropecuaria,al_hr_pe.edu_inst_240898189
edu_career_240898189_714035,714035,Enfermería Técnica,al_hr_pe.edu_inst_240898189
edu_career_240898213_222055,222055,Ciencias Publicitarias,al_hr_pe.edu_inst_240898213
edu_career_240898213_331035,331035,Administración Bancaria,al_hr_pe.edu_inst_240898213
edu_career_240898213_333015,333015,Marketing,al_hr_pe.edu_inst_240898213
edu_career_240898213_335015,335015,Administración De Negocios Internacionales,al_hr_pe.edu_inst_240898213
edu_career_240898213_342025,342025,Contabilidad,al_hr_pe.edu_inst_240898213
edu_career_240898452_342025,342025,Contabilidad,al_hr_pe.edu_inst_240898452
edu_career_240898452_441095,441095,Computación E Informática,al_hr_pe.edu_inst_240898452
edu_career_240898452_526165,526165,Mecánica Automotriz,al_hr_pe.edu_inst_240898452
edu_career_240909697_332065,332065,Administración De Servicios De Hostelería,al_hr_pe.edu_inst_240909697
edu_career_240909697_441095,441095,Computación E Informática,al_hr_pe.edu_inst_240909697
edu_career_240909697_531105,531105,Topografía Superficial Y Minera,al_hr_pe.edu_inst_240909697
edu_career_240911768_337025,337025,Secretariado Ejecutivo,al_hr_pe.edu_inst_240911768
edu_career_240911768_441095,441095,Computación E Informática,al_hr_pe.edu_inst_240911768
edu_career_240914325_441095,441095,Computación E Informática,al_hr_pe.edu_inst_240914325
edu_career_240914325_525065,525065,Electrónica Industrial,al_hr_pe.edu_inst_240914325
edu_career_240914358_331095,331095,Administración De Empresas,al_hr_pe.edu_inst_240914358
edu_career_240914358_333015,333015,Marketing,al_hr_pe.edu_inst_240914358
edu_career_240914358_335015,335015,Administración De Negocios Internacionales,al_hr_pe.edu_inst_240914358
edu_career_240914358_337025,337025,Secretariado Ejecutivo,al_hr_pe.edu_inst_240914358
edu_career_240914358_342025,342025,Contabilidad,al_hr_pe.edu_inst_240914358
edu_career_240914358_441095,441095,Computación E Informática,al_hr_pe.edu_inst_240914358
edu_career_240914382_337025,337025,Secretariado Ejecutivo,al_hr_pe.edu_inst_240914382
edu_career_240914382_441095,441095,Computación E Informática,al_hr_pe.edu_inst_240914382
edu_career_240914473_441095,441095,Computación E Informática,al_hr_pe.edu_inst_240914473
edu_career_240914473_526165,526165,Mecánica Automotriz,al_hr_pe.edu_inst_240914473
edu_career_240920512_337025,337025,Secretariado Ejecutivo,al_hr_pe.edu_inst_240920512
edu_career_240920512_441095,441095,Computación E Informática,al_hr_pe.edu_inst_240920512
edu_career_240920579_713015,713015,Prótesis Dental,al_hr_pe.edu_inst_240920579
edu_career_240920579_714035,714035,Enfermería Técnica,al_hr_pe.edu_inst_240920579
edu_career_240920579_715025,715025,Laboratorio Clínico,al_hr_pe.edu_inst_240920579
edu_career_240920579_716015,716015,Farmacia,al_hr_pe.edu_inst_240920579
edu_career_240920637_331095,331095,Administración De Empresas,al_hr_pe.edu_inst_240920637
edu_career_240920637_337025,337025,Secretariado Ejecutivo,al_hr_pe.edu_inst_240920637
edu_career_240920637_441095,441095,Computación E Informática,al_hr_pe.edu_inst_240920637
edu_career_240920694_528015,528015,Diseño De Modas,al_hr_pe.edu_inst_240920694
edu_career_240920694_713015,713015,Prótesis Dental,al_hr_pe.edu_inst_240920694
edu_career_240920694_812015,812015,Cosmética Dermatológica,al_hr_pe.edu_inst_240920694
edu_career_240920751_331095,331095,Administración De Empresas,al_hr_pe.edu_inst_240920751
edu_career_240920751_333015,333015,Marketing,al_hr_pe.edu_inst_240920751
edu_career_240920751_441095,441095,Computación E Informática,al_hr_pe.edu_inst_240920751
edu_career_240920751_525065,525065,Electrónica Industrial,al_hr_pe.edu_inst_240920751
edu_career_240920785_812015,812015,Cosmética Dermatológica,al_hr_pe.edu_inst_240920785
edu_career_240921767_714035,714035,Enfermería Técnica,al_hr_pe.edu_inst_240921767
edu_career_240921866_332065,332065,Administración De Servicios De Hostelería,al_hr_pe.edu_inst_240921866
edu_career_240921866_811055,811055,Guía Oficial De Turismo,al_hr_pe.edu_inst_240921866
edu_career_240925065_337025,337025,Secretariado Ejecutivo,al_hr_pe.edu_inst_240925065
edu_career_240925065_441095,441095,Computación E Informática,al_hr_pe.edu_inst_240925065
edu_career_240925065_714035,714035,Enfermería Técnica,al_hr_pe.edu_inst_240925065
edu_career_240928689_342025,342025,Contabilidad,al_hr_pe.edu_inst_240928689
edu_career_240928689_441095,441095,Computación E Informática,al_hr_pe.edu_inst_240928689
edu_career_240928689_525065,525065,Electrónica Industrial,al_hr_pe.edu_inst_240928689
edu_career_240928689_713015,713015,Prótesis Dental,al_hr_pe.edu_inst_240928689
edu_career_240928689_714035,714035,Enfermería Técnica,al_hr_pe.edu_inst_240928689
edu_career_240928689_811055,811055,Guía Oficial De Turismo,al_hr_pe.edu_inst_240928689
edu_career_240928903_342025,342025,Contabilidad,al_hr_pe.edu_inst_240928903
edu_career_240928903_441095,441095,Computación E Informática,al_hr_pe.edu_inst_240928903
edu_career_240931543_332125,332125,Gastronomía Y Arte Culinario,al_hr_pe.edu_inst_240931543
edu_career_240931543_342025,342025,Contabilidad,al_hr_pe.edu_inst_240931543
edu_career_240931543_441095,441095,Computación E Informática,al_hr_pe.edu_inst_240931543
edu_career_240931543_611115,611115,Producción Agropecuaria,al_hr_pe.edu_inst_240931543
edu_career_240931543_713015,713015,Prótesis Dental,al_hr_pe.edu_inst_240931543
edu_career_240931543_714035,714035,Enfermería Técnica,al_hr_pe.edu_inst_240931543
edu_career_240931543_715015,715015,Fisioterapia Y Rehabilitación,al_hr_pe.edu_inst_240931543
edu_career_240933994_331095,331095,Administración De Empresas,al_hr_pe.edu_inst_240933994
edu_career_240933994_342025,342025,Contabilidad,al_hr_pe.edu_inst_240933994
edu_career_240933994_441095,441095,Computación E Informática,al_hr_pe.edu_inst_240933994
edu_career_240933994_714035,714035,Enfermería Técnica,al_hr_pe.edu_inst_240933994
edu_career_240933994_716015,716015,Farmacia,al_hr_pe.edu_inst_240933994
edu_career_240933994_811055,811055,Guía Oficial De Turismo,al_hr_pe.edu_inst_240933994
edu_career_240934182_332085,332085,Administración Hotelera,al_hr_pe.edu_inst_240934182
edu_career_240934182_332095,332095,Administración Y Gerencia En Hotelería Internacional,al_hr_pe.edu_inst_240934182
edu_career_240934182_332105,332105,Cocina,al_hr_pe.edu_inst_240934182
edu_career_240934182_333015,333015,Marketing,al_hr_pe.edu_inst_240934182
edu_career_240934182_335015,335015,Administración De Negocios Internacionales,al_hr_pe.edu_inst_240934182
edu_career_240934182_441095,441095,Computación E Informática,al_hr_pe.edu_inst_240934182
edu_career_240934182_526165,526165,Mecánica Automotriz,al_hr_pe.edu_inst_240934182
edu_career_240934182_531025,531025,Construcción Civil,al_hr_pe.edu_inst_240934182
edu_career_240934182_811055,811055,Guía Oficial De Turismo,al_hr_pe.edu_inst_240934182
edu_career_241000736_331095,331095,Administración De Empresas,al_hr_pe.edu_inst_241000736
edu_career_241000736_337025,337025,Secretariado Ejecutivo,al_hr_pe.edu_inst_241000736
edu_career_241000736_342025,342025,Contabilidad,al_hr_pe.edu_inst_241000736
edu_career_241000736_441095,441095,Computación E Informática,al_hr_pe.edu_inst_241000736
edu_career_241000736_714035,714035,Enfermería Técnica,al_hr_pe.edu_inst_241000736
edu_career_241000777_441095,441095,Computación E Informática,al_hr_pe.edu_inst_241000777
edu_career_241000777_524035,524035,Electrotécnia Industrial,al_hr_pe.edu_inst_241000777
edu_career_241000777_526165,526165,Mecánica Automotriz,al_hr_pe.edu_inst_241000777
edu_career_241000777_611115,611115,Producción Agropecuaria,al_hr_pe.edu_inst_241000777
edu_career_241000777_713015,713015,Prótesis Dental,al_hr_pe.edu_inst_241000777
edu_career_241000777_716015,716015,Farmacia,al_hr_pe.edu_inst_241000777
edu_career_241000777_717015,717015,Obstetricia,al_hr_pe.edu_inst_241000777
edu_career_241000785_337025,337025,Secretariado Ejecutivo,al_hr_pe.edu_inst_241000785
edu_career_241000785_342025,342025,Contabilidad,al_hr_pe.edu_inst_241000785
edu_career_241000785_591014,591014,Navegación Y Pesca,al_hr_pe.edu_inst_241000785
edu_career_241000819_214035,214035,Traducción E Interpretación,al_hr_pe.edu_inst_241000819
edu_career_241000819_322045,322045,Periodismo Audiovisual,al_hr_pe.edu_inst_241000819
edu_career_241000819_337025,337025,Secretariado Ejecutivo,al_hr_pe.edu_inst_241000819
edu_career_241000819_441095,441095,Computación E Informática,al_hr_pe.edu_inst_241000819
edu_career_241000819_714035,714035,Enfermería Técnica,al_hr_pe.edu_inst_241000819
edu_career_241000850_222055,222055,Ciencias Publicitarias,al_hr_pe.edu_inst_241000850
edu_career_241000850_337025,337025,Secretariado Ejecutivo,al_hr_pe.edu_inst_241000850
edu_career_241000850_342025,342025,Contabilidad,al_hr_pe.edu_inst_241000850
edu_career_241000850_441095,441095,Computación E Informática,al_hr_pe.edu_inst_241000850
edu_career_241000850_811055,811055,Guía Oficial De Turismo,al_hr_pe.edu_inst_241000850
edu_career_241003763_331095,331095,Administración De Empresas,al_hr_pe.edu_inst_241003763
edu_career_241003763_337025,337025,Secretariado Ejecutivo,al_hr_pe.edu_inst_241003763
edu_career_241003763_441095,441095,Computación E Informática,al_hr_pe.edu_inst_241003763
edu_career_241024470_337025,337025,Secretariado Ejecutivo,al_hr_pe.edu_inst_241024470
edu_career_241024470_441095,441095,Computación E Informática,al_hr_pe.edu_inst_241024470
edu_career_241024470_525065,525065,Electrónica Industrial,al_hr_pe.edu_inst_241024470
edu_career_241024470_714035,714035,Enfermería Técnica,al_hr_pe.edu_inst_241024470
edu_career_241024512_611115,611115,Producción Agropecuaria,al_hr_pe.edu_inst_241024512
edu_career_241024512_713015,713015,Prótesis Dental,al_hr_pe.edu_inst_241024512
edu_career_241024512_714035,714035,Enfermería Técnica,al_hr_pe.edu_inst_241024512
edu_career_241024553_337025,337025,Secretariado Ejecutivo,al_hr_pe.edu_inst_241024553
edu_career_241024553_342025,342025,Contabilidad,al_hr_pe.edu_inst_241024553
edu_career_241024553_441095,441095,Computación E Informática,al_hr_pe.edu_inst_241024553
edu_career_241024553_713015,713015,Prótesis Dental,al_hr_pe.edu_inst_241024553
edu_career_241024553_714035,714035,Enfermería Técnica,al_hr_pe.edu_inst_241024553
edu_career_241024553_715025,715025,Laboratorio Clínico,al_hr_pe.edu_inst_241024553
edu_career_241024553_716015,716015,Farmacia,al_hr_pe.edu_inst_241024553
edu_career_241026533_337025,337025,Secretariado Ejecutivo,al_hr_pe.edu_inst_241026533
edu_career_241026533_441095,441095,Computación E Informática,al_hr_pe.edu_inst_241026533
edu_career_241026533_714035,714035,Enfermería Técnica,al_hr_pe.edu_inst_241026533
edu_career_241026541_331095,331095,Administración De Empresas,al_hr_pe.edu_inst_241026541
edu_career_241026541_337025,337025,Secretariado Ejecutivo,al_hr_pe.edu_inst_241026541
edu_career_241026541_441095,441095,Computación E Informática,al_hr_pe.edu_inst_241026541
edu_career_241026541_525065,525065,Electrónica Industrial,al_hr_pe.edu_inst_241026541
edu_career_241026541_714035,714035,Enfermería Técnica,al_hr_pe.edu_inst_241026541
edu_career_241026822_441095,441095,Computación E Informática,al_hr_pe.edu_inst_241026822
edu_career_241026822_525065,525065,Electrónica Industrial,al_hr_pe.edu_inst_241026822
edu_career_241026822_714035,714035,Enfermería Técnica,al_hr_pe.edu_inst_241026822
edu_career_241027549_337025,337025,Secretariado Ejecutivo,al_hr_pe.edu_inst_241027549
edu_career_241027549_441095,441095,Computación E Informática,al_hr_pe.edu_inst_241027549
edu_career_241027549_611115,611115,Producción Agropecuaria,al_hr_pe.edu_inst_241027549
edu_career_241027549_714035,714035,Enfermería Técnica,al_hr_pe.edu_inst_241027549
edu_career_241027622_441095,441095,Computación E Informática,al_hr_pe.edu_inst_241027622
edu_career_241031236_222055,222055,Ciencias Publicitarias,al_hr_pe.edu_inst_241031236
edu_career_241031236_222095,222095,Diseño De Interiores,al_hr_pe.edu_inst_241031236
edu_career_241031236_222165,222165,Diseño Publicitario,al_hr_pe.edu_inst_241031236
edu_career_241031236_337025,337025,Secretariado Ejecutivo,al_hr_pe.edu_inst_241031236
edu_career_241031236_528015,528015,Diseño De Modas,al_hr_pe.edu_inst_241031236
edu_career_241031236_811055,811055,Guía Oficial De Turismo,al_hr_pe.edu_inst_241031236
edu_career_241060979_441095,441095,Computación E Informática,al_hr_pe.edu_inst_241060979
edu_career_241060979_714035,714035,Enfermería Técnica,al_hr_pe.edu_inst_241060979
edu_career_241061407_441095,441095,Computación E Informática,al_hr_pe.edu_inst_241061407
edu_career_241061407_525065,525065,Electrónica Industrial,al_hr_pe.edu_inst_241061407
edu_career_241061407_526165,526165,Mecánica Automotriz,al_hr_pe.edu_inst_241061407
edu_career_241061407_526185,526185,Mecánica De Producción,al_hr_pe.edu_inst_241061407
edu_career_241061407_714035,714035,Enfermería Técnica,al_hr_pe.edu_inst_241061407
edu_career_241062371_611025,611025,Administración Rural,al_hr_pe.edu_inst_241062371
edu_career_241062496_332105,332105,Cocina,al_hr_pe.edu_inst_241062496
edu_career_241062496_441095,441095,Computación E Informática,al_hr_pe.edu_inst_241062496
edu_career_241062496_811055,811055,Guía Oficial De Turismo,al_hr_pe.edu_inst_241062496
edu_career_241064443_331115,331115,Administración De Negocios,al_hr_pe.edu_inst_241064443
edu_career_241064443_337025,337025,Secretariado Ejecutivo,al_hr_pe.edu_inst_241064443
edu_career_241064443_342025,342025,Contabilidad,al_hr_pe.edu_inst_241064443
edu_career_241064443_441095,441095,Computación E Informática,al_hr_pe.edu_inst_241064443
edu_career_241064443_714035,714035,Enfermería Técnica,al_hr_pe.edu_inst_241064443
edu_career_241064450_337025,337025,Secretariado Ejecutivo,al_hr_pe.edu_inst_241064450
edu_career_241064450_441095,441095,Computación E Informática,al_hr_pe.edu_inst_241064450
edu_career_241064450_525065,525065,Electrónica Industrial,al_hr_pe.edu_inst_241064450
edu_career_241064476_337025,337025,Secretariado Ejecutivo,al_hr_pe.edu_inst_241064476
edu_career_241064476_441095,441095,Computación E Informática,al_hr_pe.edu_inst_241064476
edu_career_241064476_714035,714035,Enfermería Técnica,al_hr_pe.edu_inst_241064476
edu_career_241064476_716015,716015,Farmacia,al_hr_pe.edu_inst_241064476
edu_career_241064922_611025,611025,Administración Rural,al_hr_pe.edu_inst_241064922
edu_career_241065770_333015,333015,Marketing,al_hr_pe.edu_inst_241065770
edu_career_241065770_337025,337025,Secretariado Ejecutivo,al_hr_pe.edu_inst_241065770
edu_career_241065770_342025,342025,Contabilidad,al_hr_pe.edu_inst_241065770
edu_career_241065770_441095,441095,Computación E Informática,al_hr_pe.edu_inst_241065770
edu_career_241065770_713015,713015,Prótesis Dental,al_hr_pe.edu_inst_241065770
edu_career_241065770_714035,714035,Enfermería Técnica,al_hr_pe.edu_inst_241065770
edu_career_241065770_715025,715025,Laboratorio Clínico,al_hr_pe.edu_inst_241065770
edu_career_241065770_716015,716015,Farmacia,al_hr_pe.edu_inst_241065770
edu_career_241065895_441095,441095,Computación E Informática,al_hr_pe.edu_inst_241065895
edu_career_241065895_714035,714035,Enfermería Técnica,al_hr_pe.edu_inst_241065895
edu_career_241065937_331095,331095,Administración De Empresas,al_hr_pe.edu_inst_241065937
edu_career_241065937_342025,342025,Contabilidad,al_hr_pe.edu_inst_241065937
edu_career_241065937_441095,441095,Computación E Informática,al_hr_pe.edu_inst_241065937
edu_career_241066018_333015,333015,Marketing,al_hr_pe.edu_inst_241066018
edu_career_241066018_337025,337025,Secretariado Ejecutivo,al_hr_pe.edu_inst_241066018
edu_career_241066018_342025,342025,Contabilidad,al_hr_pe.edu_inst_241066018
edu_career_241066018_441095,441095,Computación E Informática,al_hr_pe.edu_inst_241066018
edu_career_241066018_713015,713015,Prótesis Dental,al_hr_pe.edu_inst_241066018
edu_career_241066018_714035,714035,Enfermería Técnica,al_hr_pe.edu_inst_241066018
edu_career_241066018_715015,715015,Fisioterapia Y Rehabilitación,al_hr_pe.edu_inst_241066018
edu_career_241066018_715025,715025,Laboratorio Clínico,al_hr_pe.edu_inst_241066018
edu_career_241066018_716015,716015,Farmacia,al_hr_pe.edu_inst_241066018
edu_career_241066091_337025,337025,Secretariado Ejecutivo,al_hr_pe.edu_inst_241066091
edu_career_241066091_342025,342025,Contabilidad,al_hr_pe.edu_inst_241066091
edu_career_241066091_714035,714035,Enfermería Técnica,al_hr_pe.edu_inst_241066091
edu_career_241066091_715025,715025,Laboratorio Clínico,al_hr_pe.edu_inst_241066091
edu_career_241066257_713015,713015,Prótesis Dental,al_hr_pe.edu_inst_241066257
edu_career_241066257_714035,714035,Enfermería Técnica,al_hr_pe.edu_inst_241066257
edu_career_241066257_715025,715025,Laboratorio Clínico,al_hr_pe.edu_inst_241066257
edu_career_241066257_716015,716015,Farmacia,al_hr_pe.edu_inst_241066257
edu_career_241066570_331095,331095,Administración De Empresas,al_hr_pe.edu_inst_241066570
edu_career_241066570_333015,333015,Marketing,al_hr_pe.edu_inst_241066570
edu_career_241066570_337025,337025,Secretariado Ejecutivo,al_hr_pe.edu_inst_241066570
edu_career_241066570_342025,342025,Contabilidad,al_hr_pe.edu_inst_241066570
edu_career_241066570_441095,441095,Computación E Informática,al_hr_pe.edu_inst_241066570
edu_career_241066695_714035,714035,Enfermería Técnica,al_hr_pe.edu_inst_241066695
edu_career_241066737_713015,713015,Prótesis Dental,al_hr_pe.edu_inst_241066737
edu_career_241066737_714035,714035,Enfermería Técnica,al_hr_pe.edu_inst_241066737
edu_career_241066737_715015,715015,Fisioterapia Y Rehabilitación,al_hr_pe.edu_inst_241066737
edu_career_241066737_715025,715025,Laboratorio Clínico,al_hr_pe.edu_inst_241066737
edu_career_241066737_716015,716015,Farmacia,al_hr_pe.edu_inst_241066737
edu_career_241066778_531025,531025,Construcción Civil,al_hr_pe.edu_inst_241066778
edu_career_241066778_531035,531035,Dibujo En Construcción Civil,al_hr_pe.edu_inst_241066778
edu_career_241066935_337025,337025,Secretariado Ejecutivo,al_hr_pe.edu_inst_241066935
edu_career_241066935_342025,342025,Contabilidad,al_hr_pe.edu_inst_241066935
edu_career_241066935_441095,441095,Computación E Informática,al_hr_pe.edu_inst_241066935
edu_career_241067099_332125,332125,Gastronomía Y Arte Culinario,al_hr_pe.edu_inst_241067099
edu_career_241067099_441095,441095,Computación E Informática,al_hr_pe.edu_inst_241067099
edu_career_241067099_713015,713015,Prótesis Dental,al_hr_pe.edu_inst_241067099
edu_career_241067099_714035,714035,Enfermería Técnica,al_hr_pe.edu_inst_241067099
edu_career_241067099_716015,716015,Farmacia,al_hr_pe.edu_inst_241067099
edu_career_241100031_337025,337025,Secretariado Ejecutivo,al_hr_pe.edu_inst_241100031
edu_career_241100031_441095,441095,Computación E Informática,al_hr_pe.edu_inst_241100031
edu_career_241100031_713015,713015,Prótesis Dental,al_hr_pe.edu_inst_241100031
edu_career_241100031_714035,714035,Enfermería Técnica,al_hr_pe.edu_inst_241100031
edu_career_241100031_715025,715025,Laboratorio Clínico,al_hr_pe.edu_inst_241100031
edu_career_241101674_221025,221025,Construcción De Arte En Madera,al_hr_pe.edu_inst_241101674
edu_career_241101674_524035,524035,Electrotécnia Industrial,al_hr_pe.edu_inst_241101674
edu_career_241101674_526165,526165,Mecánica Automotriz,al_hr_pe.edu_inst_241101674
edu_career_241101674_534015,534015,Conservación De Bienes Arqueológicos,al_hr_pe.edu_inst_241101674
edu_career_241101674_534025,534025,Conservación Y Restauración,al_hr_pe.edu_inst_241101674
edu_career_241101674_714035,714035,Enfermería Técnica,al_hr_pe.edu_inst_241101674
edu_career_241101674_811045,811045,Guía Oficial De Montaña,al_hr_pe.edu_inst_241101674
edu_career_241101880_214025,214025,Traducción De Idiomas,al_hr_pe.edu_inst_241101880
edu_career_241101880_441095,441095,Computación E Informática,al_hr_pe.edu_inst_241101880
edu_career_241101880_525065,525065,Electrónica Industrial,al_hr_pe.edu_inst_241101880
edu_career_241111921_337025,337025,Secretariado Ejecutivo,al_hr_pe.edu_inst_241111921
edu_career_241111921_441095,441095,Computación E Informática,al_hr_pe.edu_inst_241111921
edu_career_241111921_531025,531025,Construcción Civil,al_hr_pe.edu_inst_241111921
edu_career_241111921_714035,714035,Enfermería Técnica,al_hr_pe.edu_inst_241111921
edu_career_241111921_715015,715015,Fisioterapia Y Rehabilitación,al_hr_pe.edu_inst_241111921
edu_career_241111921_716015,716015,Farmacia,al_hr_pe.edu_inst_241111921
edu_career_241111962_342025,342025,Contabilidad,al_hr_pe.edu_inst_241111962
edu_career_241111962_713015,713015,Prótesis Dental,al_hr_pe.edu_inst_241111962
edu_career_241111962_714035,714035,Enfermería Técnica,al_hr_pe.edu_inst_241111962
edu_career_241111962_716015,716015,Farmacia,al_hr_pe.edu_inst_241111962
edu_career_241113687_222025,222025,Artes Gráficas,al_hr_pe.edu_inst_241113687
edu_career_241113687_524035,524035,Electrotécnia Industrial,al_hr_pe.edu_inst_241113687
edu_career_241113687_525065,525065,Electrónica Industrial,al_hr_pe.edu_inst_241113687
edu_career_241113687_526165,526165,Mecánica Automotriz,al_hr_pe.edu_inst_241113687
edu_career_241113687_526185,526185,Mecánica De Producción,al_hr_pe.edu_inst_241113687
edu_career_241113687_535034,535034,Ebanistería,al_hr_pe.edu_inst_241113687
edu_career_241113695_337025,337025,Secretariado Ejecutivo,al_hr_pe.edu_inst_241113695
edu_career_241113695_342025,342025,Contabilidad,al_hr_pe.edu_inst_241113695
edu_career_241113695_441095,441095,Computación E Informática,al_hr_pe.edu_inst_241113695
edu_career_241113778_331095,331095,Administración De Empresas,al_hr_pe.edu_inst_241113778
edu_career_241113778_332025,332025,Administración De Empresas Turísticas Y Hoteleras,al_hr_pe.edu_inst_241113778
edu_career_241113778_332065,332065,Administración De Servicios De Hostelería,al_hr_pe.edu_inst_241113778
edu_career_241113778_332095,332095,Administración Y Gerencia En Hotelería Internacional,al_hr_pe.edu_inst_241113778
edu_career_241113778_332105,332105,Cocina,al_hr_pe.edu_inst_241113778
edu_career_241113778_332155,332155,Pastelería,al_hr_pe.edu_inst_241113778
edu_career_241113778_337025,337025,Secretariado Ejecutivo,al_hr_pe.edu_inst_241113778
edu_career_241113778_811055,811055,Guía Oficial De Turismo,al_hr_pe.edu_inst_241113778
edu_career_241113851_222095,222095,Diseño De Interiores,al_hr_pe.edu_inst_241113851
edu_career_241113851_528015,528015,Diseño De Modas,al_hr_pe.edu_inst_241113851
edu_career_241113851_812015,812015,Cosmética Dermatológica,al_hr_pe.edu_inst_241113851
edu_career_241113927_713015,713015,Prótesis Dental,al_hr_pe.edu_inst_241113927
edu_career_241114123_131024,131024,Dirección Técnica En Futbol,al_hr_pe.edu_inst_241114123
edu_career_241114206_422025,422025,Química Industrial,al_hr_pe.edu_inst_241114206
edu_career_241114206_713015,713015,Prótesis Dental,al_hr_pe.edu_inst_241114206
edu_career_241114206_714035,714035,Enfermería Técnica,al_hr_pe.edu_inst_241114206
edu_career_241114206_715015,715015,Fisioterapia Y Rehabilitación,al_hr_pe.edu_inst_241114206
edu_career_241114206_715025,715025,Laboratorio Clínico,al_hr_pe.edu_inst_241114206
edu_career_241114206_716015,716015,Farmacia,al_hr_pe.edu_inst_241114206
edu_career_241114214_333015,333015,Marketing,al_hr_pe.edu_inst_241114214
edu_career_241114214_335015,335015,Administración De Negocios Internacionales,al_hr_pe.edu_inst_241114214
edu_career_241114339_331095,331095,Administración De Empresas,al_hr_pe.edu_inst_241114339
edu_career_241114339_333065,333065,Marketing Y Ventas,al_hr_pe.edu_inst_241114339
edu_career_241114339_337025,337025,Secretariado Ejecutivo,al_hr_pe.edu_inst_241114339
edu_career_241114339_342025,342025,Contabilidad,al_hr_pe.edu_inst_241114339
edu_career_241114339_441035,441035,Administración Y Sistemas,al_hr_pe.edu_inst_241114339
edu_career_241114339_441095,441095,Computación E Informática,al_hr_pe.edu_inst_241114339
edu_career_241114370_713015,713015,Prótesis Dental,al_hr_pe.edu_inst_241114370
edu_career_241114370_714035,714035,Enfermería Técnica,al_hr_pe.edu_inst_241114370
edu_career_241114370_715015,715015,Fisioterapia Y Rehabilitación,al_hr_pe.edu_inst_241114370
edu_career_241114370_715025,715025,Laboratorio Clínico,al_hr_pe.edu_inst_241114370
edu_career_241114370_716015,716015,Farmacia,al_hr_pe.edu_inst_241114370
edu_career_241114487_713015,713015,Prótesis Dental,al_hr_pe.edu_inst_241114487
edu_career_241114487_714035,714035,Enfermería Técnica,al_hr_pe.edu_inst_241114487
edu_career_241114487_715025,715025,Laboratorio Clínico,al_hr_pe.edu_inst_241114487
edu_career_241114495_216035,216035,Teología - Evangélica,al_hr_pe.edu_inst_241114495
edu_career_241114495_216045,216045,Teología - Formación Religiosa,al_hr_pe.edu_inst_241114495
edu_career_241114529_331095,331095,Administración De Empresas,al_hr_pe.edu_inst_241114529
edu_career_241114529_337025,337025,Secretariado Ejecutivo,al_hr_pe.edu_inst_241114529
edu_career_241114529_441095,441095,Computación E Informática,al_hr_pe.edu_inst_241114529
edu_career_241114560_331095,331095,Administración De Empresas,al_hr_pe.edu_inst_241114560
edu_career_241114560_337025,337025,Secretariado Ejecutivo,al_hr_pe.edu_inst_241114560
edu_career_241114560_342025,342025,Contabilidad,al_hr_pe.edu_inst_241114560
edu_career_241114560_441095,441095,Computación E Informática,al_hr_pe.edu_inst_241114560
edu_career_241114651_222075,222075,Dirección Y Diseño Gráfico,al_hr_pe.edu_inst_241114651
edu_career_241114651_342025,342025,Contabilidad,al_hr_pe.edu_inst_241114651
edu_career_241114651_441095,441095,Computación E Informática,al_hr_pe.edu_inst_241114651
edu_career_241114651_533015,533015,Arquitectura De Interiores,al_hr_pe.edu_inst_241114651
edu_career_241114685_331095,331095,Administración De Empresas,al_hr_pe.edu_inst_241114685
edu_career_241114685_332065,332065,Administración De Servicios De Hostelería,al_hr_pe.edu_inst_241114685
edu_career_241114685_333015,333015,Marketing,al_hr_pe.edu_inst_241114685
edu_career_241114685_337025,337025,Secretariado Ejecutivo,al_hr_pe.edu_inst_241114685
edu_career_241114685_342025,342025,Contabilidad,al_hr_pe.edu_inst_241114685
edu_career_241114685_441095,441095,Computación E Informática,al_hr_pe.edu_inst_241114685
edu_career_241114685_714035,714035,Enfermería Técnica,al_hr_pe.edu_inst_241114685
edu_career_241114685_812015,812015,Cosmética Dermatológica,al_hr_pe.edu_inst_241114685
edu_career_241114743_331095,331095,Administración De Empresas,al_hr_pe.edu_inst_241114743
edu_career_241114743_332105,332105,Cocina,al_hr_pe.edu_inst_241114743
edu_career_241114743_342025,342025,Contabilidad,al_hr_pe.edu_inst_241114743
edu_career_241114743_611115,611115,Producción Agropecuaria,al_hr_pe.edu_inst_241114743
edu_career_241114743_714035,714035,Enfermería Técnica,al_hr_pe.edu_inst_241114743
edu_career_241114768_222055,222055,Ciencias Publicitarias,al_hr_pe.edu_inst_241114768
edu_career_241114768_222125,222125,Diseño Gráfico,al_hr_pe.edu_inst_241114768
edu_career_241114768_321025,321025,Comunicación Audiovisual,al_hr_pe.edu_inst_241114768
edu_career_241114768_322015,322015,"Locución, Comunicación Radial Y Televisiva",al_hr_pe.edu_inst_241114768
edu_career_241114768_322045,322045,Periodismo Audiovisual,al_hr_pe.edu_inst_241114768
edu_career_241114768_331055,331055,Administración Bancaria Y Financiera,al_hr_pe.edu_inst_241114768
edu_career_241114768_331115,331115,Administración De Negocios,al_hr_pe.edu_inst_241114768
edu_career_241114768_332105,332105,Cocina,al_hr_pe.edu_inst_241114768
edu_career_241114768_333015,333015,Marketing,al_hr_pe.edu_inst_241114768
edu_career_241114768_335015,335015,Administración De Negocios Internacionales,al_hr_pe.edu_inst_241114768
edu_career_241114768_337025,337025,Secretariado Ejecutivo,al_hr_pe.edu_inst_241114768
edu_career_241114768_342025,342025,Contabilidad,al_hr_pe.edu_inst_241114768
edu_career_241114768_441095,441095,Computación E Informática,al_hr_pe.edu_inst_241114768
edu_career_241114818_333015,333015,Marketing,al_hr_pe.edu_inst_241114818
edu_career_241114818_342025,342025,Contabilidad,al_hr_pe.edu_inst_241114818
edu_career_241114818_525065,525065,Electrónica Industrial,al_hr_pe.edu_inst_241114818
edu_career_241114842_222015,222015,Animación Digital,al_hr_pe.edu_inst_241114842
edu_career_241114842_222075,222075,Dirección Y Diseño Gráfico,al_hr_pe.edu_inst_241114842
edu_career_241114842_222085,222085,Dirección Y Diseño Publicitario,al_hr_pe.edu_inst_241114842
edu_career_241114842_222095,222095,Diseño De Interiores,al_hr_pe.edu_inst_241114842
edu_career_241114842_222105,222105,Diseño De Producto,al_hr_pe.edu_inst_241114842
edu_career_241114842_222125,222125,Diseño Gráfico,al_hr_pe.edu_inst_241114842
edu_career_241114842_222165,222165,Diseño Publicitario,al_hr_pe.edu_inst_241114842
edu_career_241114842_222185,222185,Diseño Web & Multimedia,al_hr_pe.edu_inst_241114842
edu_career_241114842_222205,222205,Publicidad,al_hr_pe.edu_inst_241114842
edu_career_241114842_321025,321025,Comunicación Audiovisual,al_hr_pe.edu_inst_241114842
edu_career_241114842_321035,321035,Comunicación Audiovisual Multimedia,al_hr_pe.edu_inst_241114842
edu_career_241114842_322045,322045,Periodismo Audiovisual,al_hr_pe.edu_inst_241114842
edu_career_241114842_323035,323035,Fotografía,al_hr_pe.edu_inst_241114842
edu_career_241114842_528015,528015,Diseño De Modas,al_hr_pe.edu_inst_241114842
edu_career_241114842_533015,533015,Arquitectura De Interiores,al_hr_pe.edu_inst_241114842
edu_career_241114974_222165,222165,Diseño Publicitario,al_hr_pe.edu_inst_241114974
edu_career_241114974_331095,331095,Administración De Empresas,al_hr_pe.edu_inst_241114974
edu_career_241114974_333015,333015,Marketing,al_hr_pe.edu_inst_241114974
edu_career_241114974_342025,342025,Contabilidad,al_hr_pe.edu_inst_241114974
edu_career_241114974_441095,441095,Computación E Informática,al_hr_pe.edu_inst_241114974
edu_career_241114974_525065,525065,Electrónica Industrial,al_hr_pe.edu_inst_241114974
edu_career_241114974_713015,713015,Prótesis Dental,al_hr_pe.edu_inst_241114974
edu_career_241114974_714035,714035,Enfermería Técnica,al_hr_pe.edu_inst_241114974
edu_career_241115096_441165,441165,Redes Y Comunicación De Datos,al_hr_pe.edu_inst_241115096
edu_career_241115096_441235,441235,Sistemas Informáticos Para La Productividad,al_hr_pe.edu_inst_241115096
edu_career_241115096_521035,521035,Tecnología De La Producción,al_hr_pe.edu_inst_241115096
edu_career_241115096_524035,524035,Electrotécnia Industrial,al_hr_pe.edu_inst_241115096
edu_career_241115096_526085,526085,Mantenimiento De Maquinaria Pesada,al_hr_pe.edu_inst_241115096
edu_career_241115096_527075,527075,Procesos Químicos Y Metalúrgicos,al_hr_pe.edu_inst_241115096
edu_career_241115179_222095,222095,Diseño De Interiores,al_hr_pe.edu_inst_241115179
edu_career_241115179_222125,222125,Diseño Gráfico,al_hr_pe.edu_inst_241115179
edu_career_241115179_222165,222165,Diseño Publicitario,al_hr_pe.edu_inst_241115179
edu_career_241115179_331095,331095,Administración De Empresas,al_hr_pe.edu_inst_241115179
edu_career_241115179_332105,332105,Cocina,al_hr_pe.edu_inst_241115179
edu_career_241115179_528015,528015,Diseño De Modas,al_hr_pe.edu_inst_241115179
edu_career_241115203_222125,222125,Diseño Gráfico,al_hr_pe.edu_inst_241115203
edu_career_241115203_342025,342025,Contabilidad,al_hr_pe.edu_inst_241115203
edu_career_241115203_441095,441095,Computación E Informática,al_hr_pe.edu_inst_241115203
edu_career_241115203_714035,714035,Enfermería Técnica,al_hr_pe.edu_inst_241115203
edu_career_241115203_715025,715025,Laboratorio Clínico,al_hr_pe.edu_inst_241115203
edu_career_241115286_611135,611135,Producción Y Gestión Pecuaria,al_hr_pe.edu_inst_241115286
edu_career_241115336_216035,216035,Teología - Evangélica,al_hr_pe.edu_inst_241115336
edu_career_241115419_222055,222055,Ciencias Publicitarias,al_hr_pe.edu_inst_241115419
edu_career_241115419_321025,321025,Comunicación Audiovisual,al_hr_pe.edu_inst_241115419
edu_career_241115419_321045,321045,Comunicación Escénica,al_hr_pe.edu_inst_241115419
edu_career_241115419_321095,321095,"Dirección, Realización De Cine Y Tv",al_hr_pe.edu_inst_241115419
edu_career_241115419_322045,322045,Periodismo Audiovisual,al_hr_pe.edu_inst_241115419
edu_career_241115492_222125,222125,Diseño Gráfico,al_hr_pe.edu_inst_241115492
edu_career_241115492_222165,222165,Diseño Publicitario,al_hr_pe.edu_inst_241115492
edu_career_241115492_332065,332065,Administración De Servicios De Hostelería,al_hr_pe.edu_inst_241115492
edu_career_241115492_441095,441095,Computación E Informática,al_hr_pe.edu_inst_241115492
edu_career_241115567_713015,713015,Prótesis Dental,al_hr_pe.edu_inst_241115567
edu_career_241115567_714035,714035,Enfermería Técnica,al_hr_pe.edu_inst_241115567
edu_career_241115567_715015,715015,Fisioterapia Y Rehabilitación,al_hr_pe.edu_inst_241115567
edu_career_241115567_715025,715025,Laboratorio Clínico,al_hr_pe.edu_inst_241115567
edu_career_241115567_716015,716015,Farmacia,al_hr_pe.edu_inst_241115567
edu_career_241115575_534025,534025,Conservación Y Restauración,al_hr_pe.edu_inst_241115575
edu_career_241115575_811055,811055,Guía Oficial De Turismo,al_hr_pe.edu_inst_241115575
edu_career_241115609_331095,331095,Administración De Empresas,al_hr_pe.edu_inst_241115609
edu_career_241115609_337025,337025,Secretariado Ejecutivo,al_hr_pe.edu_inst_241115609
edu_career_241115609_342025,342025,Contabilidad,al_hr_pe.edu_inst_241115609
edu_career_241115609_441095,441095,Computación E Informática,al_hr_pe.edu_inst_241115609
edu_career_241115609_525065,525065,Electrónica Industrial,al_hr_pe.edu_inst_241115609
edu_career_241115609_714035,714035,Enfermería Técnica,al_hr_pe.edu_inst_241115609
edu_career_241115658_321065,321065,Comunicación Social,al_hr_pe.edu_inst_241115658
edu_career_241115658_322035,322035,Periodismo,al_hr_pe.edu_inst_241115658
edu_career_241115682_337025,337025,Secretariado Ejecutivo,al_hr_pe.edu_inst_241115682
edu_career_241115682_342025,342025,Contabilidad,al_hr_pe.edu_inst_241115682
edu_career_241115682_441095,441095,Computación E Informática,al_hr_pe.edu_inst_241115682
edu_career_241115690_214025,214025,Traducción De Idiomas,al_hr_pe.edu_inst_241115690
edu_career_241115690_333015,333015,Marketing,al_hr_pe.edu_inst_241115690
edu_career_241115690_335015,335015,Administración De Negocios Internacionales,al_hr_pe.edu_inst_241115690
edu_career_241115690_337025,337025,Secretariado Ejecutivo,al_hr_pe.edu_inst_241115690
edu_career_241115690_342025,342025,Contabilidad,al_hr_pe.edu_inst_241115690
edu_career_241115690_441095,441095,Computación E Informática,al_hr_pe.edu_inst_241115690
edu_career_241115807_715055,715055,Optometría,al_hr_pe.edu_inst_241115807
edu_career_241115849_321025,321025,Comunicación Audiovisual,al_hr_pe.edu_inst_241115849
edu_career_241115849_321095,321095,"Dirección, Realización De Cine Y Tv",al_hr_pe.edu_inst_241115849
edu_career_241115849_512035,512035,Técnica En Ingeniería De Sonidos,al_hr_pe.edu_inst_241115849
edu_career_241115856_333015,333015,Marketing,al_hr_pe.edu_inst_241115856
edu_career_241115856_335015,335015,Administración De Negocios Internacionales,al_hr_pe.edu_inst_241115856
edu_career_241115880_222055,222055,Ciencias Publicitarias,al_hr_pe.edu_inst_241115880
edu_career_241115880_222165,222165,Diseño Publicitario,al_hr_pe.edu_inst_241115880
edu_career_241115880_321025,321025,Comunicación Audiovisual,al_hr_pe.edu_inst_241115880
edu_career_241115880_333015,333015,Marketing,al_hr_pe.edu_inst_241115880
edu_career_241115922_222055,222055,Ciencias Publicitarias,al_hr_pe.edu_inst_241115922
edu_career_241115922_222165,222165,Diseño Publicitario,al_hr_pe.edu_inst_241115922
edu_career_241115922_321025,321025,Comunicación Audiovisual,al_hr_pe.edu_inst_241115922
edu_career_241115922_322015,322015,"Locución, Comunicación Radial Y Televisiva",al_hr_pe.edu_inst_241115922
edu_career_241115922_322065,322065,Periodismo Radial Y Televisivo,al_hr_pe.edu_inst_241115922
edu_career_241115963_441095,441095,Computación E Informática,al_hr_pe.edu_inst_241115963
edu_career_241117431_331095,331095,Administración De Empresas,al_hr_pe.edu_inst_241117431
edu_career_241117431_337025,337025,Secretariado Ejecutivo,al_hr_pe.edu_inst_241117431
edu_career_241117431_342025,342025,Contabilidad,al_hr_pe.edu_inst_241117431
edu_career_241117431_441095,441095,Computación E Informática,al_hr_pe.edu_inst_241117431
edu_career_241117548_342025,342025,Contabilidad,al_hr_pe.edu_inst_241117548
edu_career_241117548_441095,441095,Computación E Informática,al_hr_pe.edu_inst_241117548
edu_career_241117670_214025,214025,Traducción De Idiomas,al_hr_pe.edu_inst_241117670
edu_career_241117670_337025,337025,Secretariado Ejecutivo,al_hr_pe.edu_inst_241117670
edu_career_241117670_441095,441095,Computación E Informática,al_hr_pe.edu_inst_241117670
edu_career_241119577_331095,331095,Administración De Empresas,al_hr_pe.edu_inst_241119577
edu_career_241119577_337025,337025,Secretariado Ejecutivo,al_hr_pe.edu_inst_241119577
edu_career_241119577_342025,342025,Contabilidad,al_hr_pe.edu_inst_241119577
edu_career_241119577_441095,441095,Computación E Informática,al_hr_pe.edu_inst_241119577
edu_career_241122951_337025,337025,Secretariado Ejecutivo,al_hr_pe.edu_inst_241122951
edu_career_241122951_342025,342025,Contabilidad,al_hr_pe.edu_inst_241122951
edu_career_241122951_441095,441095,Computación E Informática,al_hr_pe.edu_inst_241122951
edu_career_241123033_524035,524035,Electrotécnia Industrial,al_hr_pe.edu_inst_241123033
edu_career_241123033_526135,526135,Mecánica Aeronáutica,al_hr_pe.edu_inst_241123033
edu_career_241123041_524045,524045,Técnicas De Ingeniería Eléctrica,al_hr_pe.edu_inst_241123041
edu_career_241123041_525105,525105,Técnicas De Ingeniería Electrónica,al_hr_pe.edu_inst_241123041
edu_career_241123041_526225,526225,Técnica En Ingeniería Mecánica De Mantenimiento,al_hr_pe.edu_inst_241123041
edu_career_241123041_526235,526235,Técnica En Ingeniería Mecánica De Producción,al_hr_pe.edu_inst_241123041
edu_career_241123116_214015,214015,Interpretación De Idiomas,al_hr_pe.edu_inst_241123116
edu_career_241123116_214025,214025,Traducción De Idiomas,al_hr_pe.edu_inst_241123116
edu_career_241123157_222125,222125,Diseño Gráfico,al_hr_pe.edu_inst_241123157
edu_career_241123157_222165,222165,Diseño Publicitario,al_hr_pe.edu_inst_241123157
edu_career_241123157_323035,323035,Fotografía,al_hr_pe.edu_inst_241123157
edu_career_241123157_528015,528015,Diseño De Modas,al_hr_pe.edu_inst_241123157
edu_career_241123314_214035,214035,Traducción E Interpretación,al_hr_pe.edu_inst_241123314
edu_career_241123314_222125,222125,Diseño Gráfico,al_hr_pe.edu_inst_241123314
edu_career_241123314_331085,331085,Administración De Banca Y Finanzas,al_hr_pe.edu_inst_241123314
edu_career_241123314_331095,331095,Administración De Empresas,al_hr_pe.edu_inst_241123314
edu_career_241123314_331245,331245,Gestión Comercial,al_hr_pe.edu_inst_241123314
edu_career_241123314_333015,333015,Marketing,al_hr_pe.edu_inst_241123314
edu_career_241123314_335015,335015,Administración De Negocios Internacionales,al_hr_pe.edu_inst_241123314
edu_career_241123314_342025,342025,Contabilidad,al_hr_pe.edu_inst_241123314
edu_career_241123314_342075,342075,Finanzas,al_hr_pe.edu_inst_241123314
edu_career_241123314_441035,441035,Administración Y Sistemas,al_hr_pe.edu_inst_241123314
edu_career_241123314_441095,441095,Computación E Informática,al_hr_pe.edu_inst_241123314
edu_career_241123314_441215,441215,Seguridad Informática,al_hr_pe.edu_inst_241123314
edu_career_241123314_521015,521015,Procesos Industriales Y De Sistemas,al_hr_pe.edu_inst_241123314
edu_career_241123314_525065,525065,Electrónica Industrial,al_hr_pe.edu_inst_241123314
edu_career_241123405_331035,331035,Administración Bancaria,al_hr_pe.edu_inst_241123405
edu_career_241123405_331045,331045,Administración Bancaria Por Competencias,al_hr_pe.edu_inst_241123405
edu_career_241123405_335015,335015,Administración De Negocios Internacionales,al_hr_pe.edu_inst_241123405
edu_career_241123405_342025,342025,Contabilidad,al_hr_pe.edu_inst_241123405
edu_career_241123439_214015,214015,Interpretación De Idiomas,al_hr_pe.edu_inst_241123439
edu_career_241123439_214025,214025,Traducción De Idiomas,al_hr_pe.edu_inst_241123439
edu_career_241123447_528015,528015,Diseño De Modas,al_hr_pe.edu_inst_241123447
edu_career_241123447_812015,812015,Cosmética Dermatológica,al_hr_pe.edu_inst_241123447
edu_career_241123470_222065,222065,Dirección De Artes Gráficos Y Publicitarias,al_hr_pe.edu_inst_241123470
edu_career_241123470_533015,533015,Arquitectura De Interiores,al_hr_pe.edu_inst_241123470
edu_career_241123512_222095,222095,Diseño De Interiores,al_hr_pe.edu_inst_241123512
edu_career_241123512_441095,441095,Computación E Informática,al_hr_pe.edu_inst_241123512
edu_career_241123512_531035,531035,Dibujo En Construcción Civil,al_hr_pe.edu_inst_241123512
edu_career_241123512_531045,531045,Edificaciones,al_hr_pe.edu_inst_241123512
edu_career_241123512_531055,531055,Geomática,al_hr_pe.edu_inst_241123512
edu_career_241123512_531095,531095,Topografía,al_hr_pe.edu_inst_241123512
edu_career_241123561_715055,715055,Optometría,al_hr_pe.edu_inst_241123561
edu_career_241123603_342025,342025,Contabilidad,al_hr_pe.edu_inst_241123603
edu_career_241123637_214015,214015,Interpretación De Idiomas,al_hr_pe.edu_inst_241123637
edu_career_241123637_214025,214025,Traducción De Idiomas,al_hr_pe.edu_inst_241123637
edu_career_241123637_333015,333015,Marketing,al_hr_pe.edu_inst_241123637
edu_career_241123637_337025,337025,Secretariado Ejecutivo,al_hr_pe.edu_inst_241123637
edu_career_241123637_342025,342025,Contabilidad,al_hr_pe.edu_inst_241123637
edu_career_241123637_441095,441095,Computación E Informática,al_hr_pe.edu_inst_241123637
edu_career_241123637_531025,531025,Construcción Civil,al_hr_pe.edu_inst_241123637
edu_career_241123637_714035,714035,Enfermería Técnica,al_hr_pe.edu_inst_241123637
edu_career_241123637_811055,811055,Guía Oficial De Turismo,al_hr_pe.edu_inst_241123637
edu_career_241123686_222095,222095,Diseño De Interiores,al_hr_pe.edu_inst_241123686
edu_career_241123686_222165,222165,Diseño Publicitario,al_hr_pe.edu_inst_241123686
edu_career_241123686_222175,222175,Diseño Técnico,al_hr_pe.edu_inst_241123686
edu_career_241123686_337025,337025,Secretariado Ejecutivo,al_hr_pe.edu_inst_241123686
edu_career_241123686_441095,441095,Computación E Informática,al_hr_pe.edu_inst_241123686
edu_career_241123710_441095,441095,Computación E Informática,al_hr_pe.edu_inst_241123710
edu_career_241123710_525055,525055,Electrónica Digital,al_hr_pe.edu_inst_241123710
edu_career_241123751_332065,332065,Administración De Servicios De Hostelería,al_hr_pe.edu_inst_241123751
edu_career_241123751_337025,337025,Secretariado Ejecutivo,al_hr_pe.edu_inst_241123751
edu_career_241123751_342025,342025,Contabilidad,al_hr_pe.edu_inst_241123751
edu_career_241123751_441095,441095,Computación E Informática,al_hr_pe.edu_inst_241123751
edu_career_241123751_811055,811055,Guía Oficial De Turismo,al_hr_pe.edu_inst_241123751
edu_career_241123769_337025,337025,Secretariado Ejecutivo,al_hr_pe.edu_inst_241123769
edu_career_241123769_441095,441095,Computación E Informática,al_hr_pe.edu_inst_241123769
edu_career_241123793_331265,331265,Gestión Y Administración De Negocios,al_hr_pe.edu_inst_241123793
edu_career_241123843_342025,342025,Contabilidad,al_hr_pe.edu_inst_241123843
edu_career_241123843_441095,441095,Computación E Informática,al_hr_pe.edu_inst_241123843
edu_career_241123918_335015,335015,Administración De Negocios Internacionales,al_hr_pe.edu_inst_241123918
edu_career_241123926_321115,321115,Producción De Programas De Televisión,al_hr_pe.edu_inst_241123926
edu_career_241123926_337025,337025,Secretariado Ejecutivo,al_hr_pe.edu_inst_241123926
edu_career_241123926_342025,342025,Contabilidad,al_hr_pe.edu_inst_241123926
edu_career_241123926_441095,441095,Computación E Informática,al_hr_pe.edu_inst_241123926
edu_career_241124114_333035,333035,Marketing Integral,al_hr_pe.edu_inst_241124114
edu_career_241124163_335015,335015,Administración De Negocios Internacionales,al_hr_pe.edu_inst_241124163
edu_career_241124163_337025,337025,Secretariado Ejecutivo,al_hr_pe.edu_inst_241124163
edu_career_241124163_342025,342025,Contabilidad,al_hr_pe.edu_inst_241124163
edu_career_241124163_441095,441095,Computación E Informática,al_hr_pe.edu_inst_241124163
edu_career_241124205_333015,333015,Marketing,al_hr_pe.edu_inst_241124205
edu_career_241124205_337025,337025,Secretariado Ejecutivo,al_hr_pe.edu_inst_241124205
edu_career_241124205_441095,441095,Computación E Informática,al_hr_pe.edu_inst_241124205
edu_career_241124296_713015,713015,Prótesis Dental,al_hr_pe.edu_inst_241124296
edu_career_241124296_714035,714035,Enfermería Técnica,al_hr_pe.edu_inst_241124296
edu_career_241124296_715025,715025,Laboratorio Clínico,al_hr_pe.edu_inst_241124296
edu_career_241124296_716015,716015,Farmacia,al_hr_pe.edu_inst_241124296
edu_career_241124312_337025,337025,Secretariado Ejecutivo,al_hr_pe.edu_inst_241124312
edu_career_241124312_441095,441095,Computación E Informática,al_hr_pe.edu_inst_241124312
edu_career_241124312_714035,714035,Enfermería Técnica,al_hr_pe.edu_inst_241124312
edu_career_241124312_715025,715025,Laboratorio Clínico,al_hr_pe.edu_inst_241124312
edu_career_241124312_716015,716015,Farmacia,al_hr_pe.edu_inst_241124312
edu_career_241124338_342025,342025,Contabilidad,al_hr_pe.edu_inst_241124338
edu_career_241124338_441095,441095,Computación E Informática,al_hr_pe.edu_inst_241124338
edu_career_241124338_526165,526165,Mecánica Automotriz,al_hr_pe.edu_inst_241124338
edu_career_241124338_714035,714035,Enfermería Técnica,al_hr_pe.edu_inst_241124338
edu_career_241124353_331095,331095,Administración De Empresas,al_hr_pe.edu_inst_241124353
edu_career_241124353_332065,332065,Administración De Servicios De Hostelería,al_hr_pe.edu_inst_241124353
edu_career_241124353_337025,337025,Secretariado Ejecutivo,al_hr_pe.edu_inst_241124353
edu_career_241124353_342025,342025,Contabilidad,al_hr_pe.edu_inst_241124353
edu_career_241124353_528015,528015,Diseño De Modas,al_hr_pe.edu_inst_241124353
edu_career_241124361_333015,333015,Marketing,al_hr_pe.edu_inst_241124361
edu_career_241124361_335015,335015,Administración De Negocios Internacionales,al_hr_pe.edu_inst_241124361
edu_career_241124361_441095,441095,Computación E Informática,al_hr_pe.edu_inst_241124361
edu_career_241124379_337025,337025,Secretariado Ejecutivo,al_hr_pe.edu_inst_241124379
edu_career_241124379_441095,441095,Computación E Informática,al_hr_pe.edu_inst_241124379
edu_career_241124379_611105,611105,Producción Agrícola,al_hr_pe.edu_inst_241124379
edu_career_241124403_528015,528015,Diseño De Modas,al_hr_pe.edu_inst_241124403
edu_career_241124403_714035,714035,Enfermería Técnica,al_hr_pe.edu_inst_241124403
edu_career_241124403_812015,812015,Cosmética Dermatológica,al_hr_pe.edu_inst_241124403
edu_career_241124411_331095,331095,Administración De Empresas,al_hr_pe.edu_inst_241124411
edu_career_241124411_528015,528015,Diseño De Modas,al_hr_pe.edu_inst_241124411
edu_career_241124411_714035,714035,Enfermería Técnica,al_hr_pe.edu_inst_241124411
edu_career_241124411_812015,812015,Cosmética Dermatológica,al_hr_pe.edu_inst_241124411
edu_career_241124437_611095,611095,Producción Agraria,al_hr_pe.edu_inst_241124437
edu_career_241124486_222165,222165,Diseño Publicitario,al_hr_pe.edu_inst_241124486
edu_career_241124486_333015,333015,Marketing,al_hr_pe.edu_inst_241124486
edu_career_241124510_522025,522025,Industrias Alimentarias,al_hr_pe.edu_inst_241124510
edu_career_241124510_524035,524035,Electrotécnia Industrial,al_hr_pe.edu_inst_241124510
edu_career_241124510_714035,714035,Enfermería Técnica,al_hr_pe.edu_inst_241124510
edu_career_241124528_332065,332065,Administración De Servicios De Hostelería,al_hr_pe.edu_inst_241124528
edu_career_241124528_337025,337025,Secretariado Ejecutivo,al_hr_pe.edu_inst_241124528
edu_career_241124528_441095,441095,Computación E Informática,al_hr_pe.edu_inst_241124528
edu_career_241124528_811055,811055,Guía Oficial De Turismo,al_hr_pe.edu_inst_241124528
edu_career_241124569_337025,337025,Secretariado Ejecutivo,al_hr_pe.edu_inst_241124569
edu_career_241124569_441095,441095,Computación E Informática,al_hr_pe.edu_inst_241124569
edu_career_241124593_335015,335015,Administración De Negocios Internacionales,al_hr_pe.edu_inst_241124593
edu_career_241124593_337025,337025,Secretariado Ejecutivo,al_hr_pe.edu_inst_241124593
edu_career_241124593_342025,342025,Contabilidad,al_hr_pe.edu_inst_241124593
edu_career_241124593_441095,441095,Computación E Informática,al_hr_pe.edu_inst_241124593
edu_career_241124593_611115,611115,Producción Agropecuaria,al_hr_pe.edu_inst_241124593
edu_career_241124593_714035,714035,Enfermería Técnica,al_hr_pe.edu_inst_241124593
edu_career_241124627_342025,342025,Contabilidad,al_hr_pe.edu_inst_241124627
edu_career_241124627_441095,441095,Computación E Informática,al_hr_pe.edu_inst_241124627
edu_career_241124627_714035,714035,Enfermería Técnica,al_hr_pe.edu_inst_241124627
edu_career_241124643_441095,441095,Computación E Informática,al_hr_pe.edu_inst_241124643
edu_career_241124684_441095,441095,Computación E Informática,al_hr_pe.edu_inst_241124684
edu_career_241124684_714035,714035,Enfermería Técnica,al_hr_pe.edu_inst_241124684
edu_career_241124767_528015,528015,Diseño De Modas,al_hr_pe.edu_inst_241124767
edu_career_241124791_714035,714035,Enfermería Técnica,al_hr_pe.edu_inst_241124791
edu_career_241124791_715025,715025,Laboratorio Clínico,al_hr_pe.edu_inst_241124791
edu_career_241124791_716015,716015,Farmacia,al_hr_pe.edu_inst_241124791
edu_career_241125848_331095,331095,Administración De Empresas,al_hr_pe.edu_inst_241125848
edu_career_241125848_335025,335025,Comercio Exterior,al_hr_pe.edu_inst_241125848
edu_career_241125848_441095,441095,Computación E Informática,al_hr_pe.edu_inst_241125848
edu_career_241125889_713015,713015,Prótesis Dental,al_hr_pe.edu_inst_241125889
edu_career_241125889_714035,714035,Enfermería Técnica,al_hr_pe.edu_inst_241125889
edu_career_241125889_716015,716015,Farmacia,al_hr_pe.edu_inst_241125889
edu_career_241126002_335015,335015,Administración De Negocios Internacionales,al_hr_pe.edu_inst_241126002
edu_career_241126135_214035,214035,Traducción E Interpretación,al_hr_pe.edu_inst_241126135
edu_career_241126135_337025,337025,Secretariado Ejecutivo,al_hr_pe.edu_inst_241126135
edu_career_241126135_441095,441095,Computación E Informática,al_hr_pe.edu_inst_241126135
edu_career_241126549_441075,441075,Analista Programador,al_hr_pe.edu_inst_241126549
edu_career_241126606_335015,335015,Administración De Negocios Internacionales,al_hr_pe.edu_inst_241126606
edu_career_241126606_342025,342025,Contabilidad,al_hr_pe.edu_inst_241126606
edu_career_241126606_441095,441095,Computación E Informática,al_hr_pe.edu_inst_241126606
edu_career_241127240_333015,333015,Marketing,al_hr_pe.edu_inst_241127240
edu_career_241127240_342085,342085,Operaciones Bancarias Y Financieras,al_hr_pe.edu_inst_241127240
edu_career_241127281_337025,337025,Secretariado Ejecutivo,al_hr_pe.edu_inst_241127281
edu_career_241127281_441095,441095,Computación E Informática,al_hr_pe.edu_inst_241127281
edu_career_241127364_337025,337025,Secretariado Ejecutivo,al_hr_pe.edu_inst_241127364
edu_career_241127364_441095,441095,Computación E Informática,al_hr_pe.edu_inst_241127364
edu_career_241135334_331095,331095,Administración De Empresas,al_hr_pe.edu_inst_241135334
edu_career_241135334_342025,342025,Contabilidad,al_hr_pe.edu_inst_241135334
edu_career_241135334_531025,531025,Construcción Civil,al_hr_pe.edu_inst_241135334
edu_career_241135334_714035,714035,Enfermería Técnica,al_hr_pe.edu_inst_241135334
edu_career_241135342_714035,714035,Enfermería Técnica,al_hr_pe.edu_inst_241135342
edu_career_241135342_715025,715025,Laboratorio Clínico,al_hr_pe.edu_inst_241135342
edu_career_241135342_716015,716015,Farmacia,al_hr_pe.edu_inst_241135342
edu_career_241140185_214025,214025,Traducción De Idiomas,al_hr_pe.edu_inst_241140185
edu_career_241140185_337025,337025,Secretariado Ejecutivo,al_hr_pe.edu_inst_241140185
edu_career_241140185_342025,342025,Contabilidad,al_hr_pe.edu_inst_241140185
edu_career_241140185_441095,441095,Computación E Informática,al_hr_pe.edu_inst_241140185
edu_career_241140185_714035,714035,Enfermería Técnica,al_hr_pe.edu_inst_241140185
edu_career_241140227_331095,331095,Administración De Empresas,al_hr_pe.edu_inst_241140227
edu_career_241140227_333015,333015,Marketing,al_hr_pe.edu_inst_241140227
edu_career_241140227_337025,337025,Secretariado Ejecutivo,al_hr_pe.edu_inst_241140227
edu_career_241140227_342025,342025,Contabilidad,al_hr_pe.edu_inst_241140227
edu_career_241140227_441095,441095,Computación E Informática,al_hr_pe.edu_inst_241140227
edu_career_241140268_337025,337025,Secretariado Ejecutivo,al_hr_pe.edu_inst_241140268
edu_career_241140268_441095,441095,Computación E Informática,al_hr_pe.edu_inst_241140268
edu_career_241140268_714035,714035,Enfermería Técnica,al_hr_pe.edu_inst_241140268
edu_career_241141241_441095,441095,Computación E Informática,al_hr_pe.edu_inst_241141241
edu_career_241141282_337025,337025,Secretariado Ejecutivo,al_hr_pe.edu_inst_241141282
edu_career_241141282_441095,441095,Computación E Informática,al_hr_pe.edu_inst_241141282
edu_career_241143023_337025,337025,Secretariado Ejecutivo,al_hr_pe.edu_inst_241143023
edu_career_241143023_342025,342025,Contabilidad,al_hr_pe.edu_inst_241143023
edu_career_241143023_441095,441095,Computación E Informática,al_hr_pe.edu_inst_241143023
edu_career_241147180_331035,331035,Administración Bancaria,al_hr_pe.edu_inst_241147180
edu_career_241147180_332125,332125,Gastronomía Y Arte Culinario,al_hr_pe.edu_inst_241147180
edu_career_241147180_337025,337025,Secretariado Ejecutivo,al_hr_pe.edu_inst_241147180
edu_career_241147180_441095,441095,Computación E Informática,al_hr_pe.edu_inst_241147180
edu_career_241147222_337025,337025,Secretariado Ejecutivo,al_hr_pe.edu_inst_241147222
edu_career_241147222_441095,441095,Computación E Informática,al_hr_pe.edu_inst_241147222
edu_career_241147222_714035,714035,Enfermería Técnica,al_hr_pe.edu_inst_241147222
edu_career_241147222_715025,715025,Laboratorio Clínico,al_hr_pe.edu_inst_241147222
edu_career_241147222_717015,717015,Obstetricia,al_hr_pe.edu_inst_241147222
edu_career_241153550_337025,337025,Secretariado Ejecutivo,al_hr_pe.edu_inst_241153550
edu_career_241153550_441095,441095,Computación E Informática,al_hr_pe.edu_inst_241153550
edu_career_241153931_522025,522025,Industrias Alimentarias,al_hr_pe.edu_inst_241153931
edu_career_241153931_527055,527055,Metalurgia,al_hr_pe.edu_inst_241153931
edu_career_241156884_337025,337025,Secretariado Ejecutivo,al_hr_pe.edu_inst_241156884
edu_career_241156884_441095,441095,Computación E Informática,al_hr_pe.edu_inst_241156884
edu_career_241156884_713015,713015,Prótesis Dental,al_hr_pe.edu_inst_241156884
edu_career_241157437_332065,332065,Administración De Servicios De Hostelería,al_hr_pe.edu_inst_241157437
edu_career_241157437_337025,337025,Secretariado Ejecutivo,al_hr_pe.edu_inst_241157437
edu_career_241157437_441095,441095,Computación E Informática,al_hr_pe.edu_inst_241157437
edu_career_241157437_522025,522025,Industrias Alimentarias,al_hr_pe.edu_inst_241157437
edu_career_241157437_525065,525065,Electrónica Industrial,al_hr_pe.edu_inst_241157437
edu_career_241157437_531025,531025,Construcción Civil,al_hr_pe.edu_inst_241157437
edu_career_241157437_611115,611115,Producción Agropecuaria,al_hr_pe.edu_inst_241157437
edu_career_241158534_331095,331095,Administración De Empresas,al_hr_pe.edu_inst_241158534
edu_career_241158534_441095,441095,Computación E Informática,al_hr_pe.edu_inst_241158534
edu_career_241158534_525065,525065,Electrónica Industrial,al_hr_pe.edu_inst_241158534
edu_career_241158807_331095,331095,Administración De Empresas,al_hr_pe.edu_inst_241158807
edu_career_241159680_337025,337025,Secretariado Ejecutivo,al_hr_pe.edu_inst_241159680
edu_career_241159680_441095,441095,Computación E Informática,al_hr_pe.edu_inst_241159680
edu_career_241159680_525065,525065,Electrónica Industrial,al_hr_pe.edu_inst_241159680
edu_career_241159680_714035,714035,Enfermería Técnica,al_hr_pe.edu_inst_241159680
edu_career_241159680_716015,716015,Farmacia,al_hr_pe.edu_inst_241159680
edu_career_241160134_337025,337025,Secretariado Ejecutivo,al_hr_pe.edu_inst_241160134
edu_career_241160134_441095,441095,Computación E Informática,al_hr_pe.edu_inst_241160134
edu_career_241160134_714035,714035,Enfermería Técnica,al_hr_pe.edu_inst_241160134
edu_career_241162726_332065,332065,Administración De Servicios De Hostelería,al_hr_pe.edu_inst_241162726
edu_career_241162726_811055,811055,Guía Oficial De Turismo,al_hr_pe.edu_inst_241162726
edu_career_241162841_611115,611115,Producción Agropecuaria,al_hr_pe.edu_inst_241162841
edu_career_241162841_713015,713015,Prótesis Dental,al_hr_pe.edu_inst_241162841
edu_career_241162841_714035,714035,Enfermería Técnica,al_hr_pe.edu_inst_241162841
edu_career_241174929_333015,333015,Marketing,al_hr_pe.edu_inst_241174929
edu_career_241174929_335015,335015,Administración De Negocios Internacionales,al_hr_pe.edu_inst_241174929
edu_career_241174929_337025,337025,Secretariado Ejecutivo,al_hr_pe.edu_inst_241174929
edu_career_241174929_441095,441095,Computación E Informática,al_hr_pe.edu_inst_241174929
edu_career_241174960_337025,337025,Secretariado Ejecutivo,al_hr_pe.edu_inst_241174960
edu_career_241174960_713015,713015,Prótesis Dental,al_hr_pe.edu_inst_241174960
edu_career_241174960_714035,714035,Enfermería Técnica,al_hr_pe.edu_inst_241174960
edu_career_241174960_715025,715025,Laboratorio Clínico,al_hr_pe.edu_inst_241174960
edu_career_241174960_716015,716015,Farmacia,al_hr_pe.edu_inst_241174960
edu_career_241175009_332065,332065,Administración De Servicios De Hostelería,al_hr_pe.edu_inst_241175009
edu_career_241175009_811055,811055,Guía Oficial De Turismo,al_hr_pe.edu_inst_241175009
edu_career_241175082_337025,337025,Secretariado Ejecutivo,al_hr_pe.edu_inst_241175082
edu_career_241175082_342025,342025,Contabilidad,al_hr_pe.edu_inst_241175082
edu_career_241175082_714035,714035,Enfermería Técnica,al_hr_pe.edu_inst_241175082
edu_career_241175124_331095,331095,Administración De Empresas,al_hr_pe.edu_inst_241175124
edu_career_241175124_342025,342025,Contabilidad,al_hr_pe.edu_inst_241175124
edu_career_241175124_441095,441095,Computación E Informática,al_hr_pe.edu_inst_241175124
edu_career_241175207_713015,713015,Prótesis Dental,al_hr_pe.edu_inst_241175207
edu_career_241175207_714035,714035,Enfermería Técnica,al_hr_pe.edu_inst_241175207
edu_career_241179191_331095,331095,Administración De Empresas,al_hr_pe.edu_inst_241179191
edu_career_241179191_441095,441095,Computación E Informática,al_hr_pe.edu_inst_241179191
edu_career_241180520_713015,713015,Prótesis Dental,al_hr_pe.edu_inst_241180520
edu_career_241180520_714035,714035,Enfermería Técnica,al_hr_pe.edu_inst_241180520
edu_career_241180520_715025,715025,Laboratorio Clínico,al_hr_pe.edu_inst_241180520
edu_career_241180520_716015,716015,Farmacia,al_hr_pe.edu_inst_241180520
edu_career_241180884_321025,321025,Comunicación Audiovisual,al_hr_pe.edu_inst_241180884
edu_career_241180884_714035,714035,Enfermería Técnica,al_hr_pe.edu_inst_241180884
edu_career_241182625_342025,342025,Contabilidad,al_hr_pe.edu_inst_241182625
edu_career_241182625_441095,441095,Computación E Informática,al_hr_pe.edu_inst_241182625
edu_career_241182625_714035,714035,Enfermería Técnica,al_hr_pe.edu_inst_241182625
edu_career_241182625_716015,716015,Farmacia,al_hr_pe.edu_inst_241182625
edu_career_241182666_321095,321095,"Dirección, Realización De Cine Y Tv",al_hr_pe.edu_inst_241182666
edu_career_241182666_713015,713015,Prótesis Dental,al_hr_pe.edu_inst_241182666
edu_career_241182823_337025,337025,Secretariado Ejecutivo,al_hr_pe.edu_inst_241182823
edu_career_241182823_342025,342025,Contabilidad,al_hr_pe.edu_inst_241182823
edu_career_241182823_441095,441095,Computación E Informática,al_hr_pe.edu_inst_241182823
edu_career_241182823_714035,714035,Enfermería Técnica,al_hr_pe.edu_inst_241182823
edu_career_241183243_331095,331095,Administración De Empresas,al_hr_pe.edu_inst_241183243
edu_career_241183243_333015,333015,Marketing,al_hr_pe.edu_inst_241183243
edu_career_241183243_342025,342025,Contabilidad,al_hr_pe.edu_inst_241183243
edu_career_241183243_441095,441095,Computación E Informática,al_hr_pe.edu_inst_241183243
edu_career_241183284_335015,335015,Administración De Negocios Internacionales,al_hr_pe.edu_inst_241183284
edu_career_241183284_441095,441095,Computación E Informática,al_hr_pe.edu_inst_241183284
edu_career_241183326_441095,441095,Computación E Informática,al_hr_pe.edu_inst_241183326
edu_career_241183326_524035,524035,Electrotécnia Industrial,al_hr_pe.edu_inst_241183326
edu_career_241183326_525065,525065,Electrónica Industrial,al_hr_pe.edu_inst_241183326
edu_career_241183326_526165,526165,Mecánica Automotriz,al_hr_pe.edu_inst_241183326
edu_career_241183326_714035,714035,Enfermería Técnica,al_hr_pe.edu_inst_241183326
edu_career_241183391_332085,332085,Administración Hotelera,al_hr_pe.edu_inst_241183391
edu_career_241183391_811055,811055,Guía Oficial De Turismo,al_hr_pe.edu_inst_241183391
edu_career_241183409_332065,332065,Administración De Servicios De Hostelería,al_hr_pe.edu_inst_241183409
edu_career_241183409_333015,333015,Marketing,al_hr_pe.edu_inst_241183409
edu_career_241183409_335015,335015,Administración De Negocios Internacionales,al_hr_pe.edu_inst_241183409
edu_career_241183433_337025,337025,Secretariado Ejecutivo,al_hr_pe.edu_inst_241183433
edu_career_241183433_441095,441095,Computación E Informática,al_hr_pe.edu_inst_241183433
edu_career_241183433_714035,714035,Enfermería Técnica,al_hr_pe.edu_inst_241183433
edu_career_241183714_331095,331095,Administración De Empresas,al_hr_pe.edu_inst_241183714
edu_career_241183714_337025,337025,Secretariado Ejecutivo,al_hr_pe.edu_inst_241183714
edu_career_241183714_441095,441095,Computación E Informática,al_hr_pe.edu_inst_241183714
edu_career_241185503_342025,342025,Contabilidad,al_hr_pe.edu_inst_241185503
edu_career_241185503_441095,441095,Computación E Informática,al_hr_pe.edu_inst_241185503
edu_career_241185503_714035,714035,Enfermería Técnica,al_hr_pe.edu_inst_241185503
edu_career_241185669_337025,337025,Secretariado Ejecutivo,al_hr_pe.edu_inst_241185669
edu_career_241185669_441095,441095,Computación E Informática,al_hr_pe.edu_inst_241185669
edu_career_241185669_714035,714035,Enfermería Técnica,al_hr_pe.edu_inst_241185669
edu_career_241185701_333015,333015,Marketing,al_hr_pe.edu_inst_241185701
edu_career_241185701_335015,335015,Administración De Negocios Internacionales,al_hr_pe.edu_inst_241185701
edu_career_241185701_441095,441095,Computación E Informática,al_hr_pe.edu_inst_241185701
edu_career_241185743_322015,322015,"Locución, Comunicación Radial Y Televisiva",al_hr_pe.edu_inst_241185743
edu_career_241185743_714035,714035,Enfermería Técnica,al_hr_pe.edu_inst_241185743
edu_career_241185784_222055,222055,Ciencias Publicitarias,al_hr_pe.edu_inst_241185784
edu_career_241185784_441095,441095,Computación E Informática,al_hr_pe.edu_inst_241185784
edu_career_241185784_528015,528015,Diseño De Modas,al_hr_pe.edu_inst_241185784
edu_career_241185826_337025,337025,Secretariado Ejecutivo,al_hr_pe.edu_inst_241185826
edu_career_241185826_342025,342025,Contabilidad,al_hr_pe.edu_inst_241185826
edu_career_241185826_525065,525065,Electrónica Industrial,al_hr_pe.edu_inst_241185826
edu_career_241185826_526165,526165,Mecánica Automotriz,al_hr_pe.edu_inst_241185826
edu_career_241185826_714035,714035,Enfermería Técnica,al_hr_pe.edu_inst_241185826
edu_career_241185867_331035,331035,Administración Bancaria,al_hr_pe.edu_inst_241185867
edu_career_241185867_337025,337025,Secretariado Ejecutivo,al_hr_pe.edu_inst_241185867
edu_career_241185867_441095,441095,Computación E Informática,al_hr_pe.edu_inst_241185867
edu_career_241185909_333015,333015,Marketing,al_hr_pe.edu_inst_241185909
edu_career_241185909_335015,335015,Administración De Negocios Internacionales,al_hr_pe.edu_inst_241185909
edu_career_241185909_337025,337025,Secretariado Ejecutivo,al_hr_pe.edu_inst_241185909
edu_career_241185909_441095,441095,Computación E Informática,al_hr_pe.edu_inst_241185909
edu_career_241185941_214015,214015,Interpretación De Idiomas,al_hr_pe.edu_inst_241185941
edu_career_241185941_214025,214025,Traducción De Idiomas,al_hr_pe.edu_inst_241185941
edu_career_241185941_441095,441095,Computación E Informática,al_hr_pe.edu_inst_241185941
edu_career_241185941_441105,441105,Computación Y Administración De Sistemas,al_hr_pe.edu_inst_241185941
edu_career_241185941_525055,525055,Electrónica Digital,al_hr_pe.edu_inst_241185941
edu_career_241185982_333015,333015,Marketing,al_hr_pe.edu_inst_241185982
edu_career_241185982_337025,337025,Secretariado Ejecutivo,al_hr_pe.edu_inst_241185982
edu_career_241185982_342025,342025,Contabilidad,al_hr_pe.edu_inst_241185982
edu_career_241185982_716015,716015,Farmacia,al_hr_pe.edu_inst_241185982
edu_career_241185982_811055,811055,Guía Oficial De Turismo,al_hr_pe.edu_inst_241185982
edu_career_241186022_131014,131014,Deportes,al_hr_pe.edu_inst_241186022
edu_career_241186022_331095,331095,Administración De Empresas,al_hr_pe.edu_inst_241186022
edu_career_241186022_337025,337025,Secretariado Ejecutivo,al_hr_pe.edu_inst_241186022
edu_career_241186022_342025,342025,Contabilidad,al_hr_pe.edu_inst_241186022
edu_career_241186022_441095,441095,Computación E Informática,al_hr_pe.edu_inst_241186022
edu_career_241186022_714035,714035,Enfermería Técnica,al_hr_pe.edu_inst_241186022
edu_career_241186022_715025,715025,Laboratorio Clínico,al_hr_pe.edu_inst_241186022
edu_career_241186147_331095,331095,Administración De Empresas,al_hr_pe.edu_inst_241186147
edu_career_241186147_337025,337025,Secretariado Ejecutivo,al_hr_pe.edu_inst_241186147
edu_career_241186147_342025,342025,Contabilidad,al_hr_pe.edu_inst_241186147
edu_career_241186147_441095,441095,Computación E Informática,al_hr_pe.edu_inst_241186147
edu_career_241186147_714035,714035,Enfermería Técnica,al_hr_pe.edu_inst_241186147
edu_career_241186147_811055,811055,Guía Oficial De Turismo,al_hr_pe.edu_inst_241186147
edu_career_241186188_222055,222055,Ciencias Publicitarias,al_hr_pe.edu_inst_241186188
edu_career_241186188_331095,331095,Administración De Empresas,al_hr_pe.edu_inst_241186188
edu_career_241186188_335015,335015,Administración De Negocios Internacionales,al_hr_pe.edu_inst_241186188
edu_career_241191030_337025,337025,Secretariado Ejecutivo,al_hr_pe.edu_inst_241191030
edu_career_241191030_441095,441095,Computación E Informática,al_hr_pe.edu_inst_241191030
edu_career_241193093_311035,311035,Relaciones Públicas,al_hr_pe.edu_inst_241193093
edu_career_241193093_335015,335015,Administración De Negocios Internacionales,al_hr_pe.edu_inst_241193093
edu_career_241193093_441095,441095,Computación E Informática,al_hr_pe.edu_inst_241193093
edu_career_241193093_811055,811055,Guía Oficial De Turismo,al_hr_pe.edu_inst_241193093
edu_career_241195676_331095,331095,Administración De Empresas,al_hr_pe.edu_inst_241195676
edu_career_241200856_332015,332015,Administración De Empresas Turísticas,al_hr_pe.edu_inst_241200856
edu_career_241200856_441095,441095,Computación E Informática,al_hr_pe.edu_inst_241200856
edu_career_241200864_222095,222095,Diseño De Interiores,al_hr_pe.edu_inst_241200864
edu_career_241200864_531045,531045,Edificaciones,al_hr_pe.edu_inst_241200864
edu_career_241200864_531095,531095,Topografía,al_hr_pe.edu_inst_241200864
edu_career_241203132_811035,811035,Guía Oficial De Caminata,al_hr_pe.edu_inst_241203132
edu_career_241203132_811045,811045,Guía Oficial De Montaña,al_hr_pe.edu_inst_241203132
edu_career_241203553_332065,332065,Administración De Servicios De Hostelería,al_hr_pe.edu_inst_241203553
edu_career_241203553_811055,811055,Guía Oficial De Turismo,al_hr_pe.edu_inst_241203553
edu_career_241203884_714035,714035,Enfermería Técnica,al_hr_pe.edu_inst_241203884
edu_career_241203884_716015,716015,Farmacia,al_hr_pe.edu_inst_241203884
edu_career_241204759_337025,337025,Secretariado Ejecutivo,al_hr_pe.edu_inst_241204759
edu_career_241204759_441095,441095,Computación E Informática,al_hr_pe.edu_inst_241204759
edu_career_241204759_714035,714035,Enfermería Técnica,al_hr_pe.edu_inst_241204759
edu_career_241204866_441095,441095,Computación E Informática,al_hr_pe.edu_inst_241204866
edu_career_241204866_512045,512045,Técnica En Ingeniería De Telecomunicaciones,al_hr_pe.edu_inst_241204866
edu_career_241204866_512055,512055,Técnica En Ingeniería De Telemática,al_hr_pe.edu_inst_241204866
edu_career_241206523_337025,337025,Secretariado Ejecutivo,al_hr_pe.edu_inst_241206523
edu_career_241206523_441095,441095,Computación E Informática,al_hr_pe.edu_inst_241206523
edu_career_241206754_337025,337025,Secretariado Ejecutivo,al_hr_pe.edu_inst_241206754
edu_career_241206754_342025,342025,Contabilidad,al_hr_pe.edu_inst_241206754
edu_career_241206754_441095,441095,Computación E Informática,al_hr_pe.edu_inst_241206754
edu_career_241208685_214025,214025,Traducción De Idiomas,al_hr_pe.edu_inst_241208685
edu_career_241208685_441095,441095,Computación E Informática,al_hr_pe.edu_inst_241208685
edu_career_241208685_714035,714035,Enfermería Técnica,al_hr_pe.edu_inst_241208685
edu_career_241208685_811055,811055,Guía Oficial De Turismo,al_hr_pe.edu_inst_241208685
edu_career_241210640_441095,441095,Computación E Informática,al_hr_pe.edu_inst_241210640
edu_career_241210699_337025,337025,Secretariado Ejecutivo,al_hr_pe.edu_inst_241210699
edu_career_241210699_441095,441095,Computación E Informática,al_hr_pe.edu_inst_241210699
edu_career_241212067_337025,337025,Secretariado Ejecutivo,al_hr_pe.edu_inst_241212067
edu_career_241212067_441095,441095,Computación E Informática,al_hr_pe.edu_inst_241212067
edu_career_241212067_714035,714035,Enfermería Técnica,al_hr_pe.edu_inst_241212067
edu_career_241212067_716015,716015,Farmacia,al_hr_pe.edu_inst_241212067
edu_career_241213172_331035,331035,Administración Bancaria,al_hr_pe.edu_inst_241213172
edu_career_241213172_441095,441095,Computación E Informática,al_hr_pe.edu_inst_241213172
edu_career_241213255_441095,441095,Computación E Informática,al_hr_pe.edu_inst_241213255
edu_career_241215540_337025,337025,Secretariado Ejecutivo,al_hr_pe.edu_inst_241215540
edu_career_241215540_342025,342025,Contabilidad,al_hr_pe.edu_inst_241215540
edu_career_241215540_441095,441095,Computación E Informática,al_hr_pe.edu_inst_241215540
edu_career_241215540_525065,525065,Electrónica Industrial,al_hr_pe.edu_inst_241215540
edu_career_241215540_714035,714035,Enfermería Técnica,al_hr_pe.edu_inst_241215540
edu_career_241221035_337025,337025,Secretariado Ejecutivo,al_hr_pe.edu_inst_241221035
edu_career_241221035_342025,342025,Contabilidad,al_hr_pe.edu_inst_241221035
edu_career_241221035_441095,441095,Computación E Informática,al_hr_pe.edu_inst_241221035
edu_career_241221969_342025,342025,Contabilidad,al_hr_pe.edu_inst_241221969
edu_career_241221969_713015,713015,Prótesis Dental,al_hr_pe.edu_inst_241221969
edu_career_241221969_715025,715025,Laboratorio Clínico,al_hr_pe.edu_inst_241221969
edu_career_241221969_716015,716015,Farmacia,al_hr_pe.edu_inst_241221969
edu_career_241222041_331115,331115,Administración De Negocios,al_hr_pe.edu_inst_241222041
edu_career_241222041_441095,441095,Computación E Informática,al_hr_pe.edu_inst_241222041
edu_career_241223882_422025,422025,Química Industrial,al_hr_pe.edu_inst_241223882
edu_career_241223882_441095,441095,Computación E Informática,al_hr_pe.edu_inst_241223882
edu_career_241224807_332025,332025,Administración De Empresas Turísticas Y Hoteleras,al_hr_pe.edu_inst_241224807
edu_career_241224807_337025,337025,Secretariado Ejecutivo,al_hr_pe.edu_inst_241224807
edu_career_241224807_441095,441095,Computación E Informática,al_hr_pe.edu_inst_241224807
edu_career_241224807_714035,714035,Enfermería Técnica,al_hr_pe.edu_inst_241224807
edu_career_241225135_713015,713015,Prótesis Dental,al_hr_pe.edu_inst_241225135
edu_career_241225168_531035,531035,Dibujo En Construcción Civil,al_hr_pe.edu_inst_241225168
edu_career_241225168_531045,531045,Edificaciones,al_hr_pe.edu_inst_241225168
edu_career_241225168_531095,531095,Topografía,al_hr_pe.edu_inst_241225168
edu_career_241231877_337025,337025,Secretariado Ejecutivo,al_hr_pe.edu_inst_241231877
edu_career_241231877_441095,441095,Computación E Informática,al_hr_pe.edu_inst_241231877
edu_career_241231877_522025,522025,Industrias Alimentarias,al_hr_pe.edu_inst_241231877
edu_career_241231893_812015,812015,Cosmética Dermatológica,al_hr_pe.edu_inst_241231893
edu_career_241232131_441095,441095,Computación E Informática,al_hr_pe.edu_inst_241232131
edu_career_241232214_714035,714035,Enfermería Técnica,al_hr_pe.edu_inst_241232214
edu_career_241232735_337025,337025,Secretariado Ejecutivo,al_hr_pe.edu_inst_241232735
edu_career_241232735_713015,713015,Prótesis Dental,al_hr_pe.edu_inst_241232735
edu_career_241232735_714035,714035,Enfermería Técnica,al_hr_pe.edu_inst_241232735
edu_career_241232735_715015,715015,Fisioterapia Y Rehabilitación,al_hr_pe.edu_inst_241232735
edu_career_241232735_715025,715025,Laboratorio Clínico,al_hr_pe.edu_inst_241232735
edu_career_241232735_716015,716015,Farmacia,al_hr_pe.edu_inst_241232735
edu_career_241232776_214025,214025,Traducción De Idiomas,al_hr_pe.edu_inst_241232776
edu_career_241232776_337025,337025,Secretariado Ejecutivo,al_hr_pe.edu_inst_241232776
edu_career_241232776_441095,441095,Computación E Informática,al_hr_pe.edu_inst_241232776
edu_career_241232974_214025,214025,Traducción De Idiomas,al_hr_pe.edu_inst_241232974
edu_career_241232974_331035,331035,Administración Bancaria,al_hr_pe.edu_inst_241232974
edu_career_241232974_335015,335015,Administración De Negocios Internacionales,al_hr_pe.edu_inst_241232974
edu_career_241232974_714035,714035,Enfermería Técnica,al_hr_pe.edu_inst_241232974
edu_career_241233030_335015,335015,Administración De Negocios Internacionales,al_hr_pe.edu_inst_241233030
edu_career_241233170_342025,342025,Contabilidad,al_hr_pe.edu_inst_241233170
edu_career_241233253_331075,331075,Administración De Agencia De Viajes,al_hr_pe.edu_inst_241233253
edu_career_241233253_332025,332025,Administración De Empresas Turísticas Y Hoteleras,al_hr_pe.edu_inst_241233253
edu_career_241233253_332055,332055,"Administración De Hoteles, Restaurantes Y Afines",al_hr_pe.edu_inst_241233253
edu_career_241233253_332064,332064,Bar Y Cocteleria,al_hr_pe.edu_inst_241233253
edu_career_241233253_332105,332105,Cocina,al_hr_pe.edu_inst_241233253
edu_career_241233253_332125,332125,Gastronomía Y Arte Culinario,al_hr_pe.edu_inst_241233253
edu_career_241233253_332155,332155,Pastelería,al_hr_pe.edu_inst_241233253
edu_career_241233253_522015,522015,Gastronomía Industrial,al_hr_pe.edu_inst_241233253
edu_career_241233253_522025,522025,Industrias Alimentarias,al_hr_pe.edu_inst_241233253
edu_career_241233253_712025,712025,Nutrición Y Tecnología De Los Alimentos,al_hr_pe.edu_inst_241233253
edu_career_241233253_811075,811075,Operaciones De Viajes,al_hr_pe.edu_inst_241233253
edu_career_241233253_811085,811085,Operaciones Hoteleras,al_hr_pe.edu_inst_241233253
edu_career_241236769_714035,714035,Enfermería Técnica,al_hr_pe.edu_inst_241236769
edu_career_241236801_222095,222095,Diseño De Interiores,al_hr_pe.edu_inst_241236801
edu_career_241236801_441095,441095,Computación E Informática,al_hr_pe.edu_inst_241236801
edu_career_241236801_531045,531045,Edificaciones,al_hr_pe.edu_inst_241236801
edu_career_241236801_531095,531095,Topografía,al_hr_pe.edu_inst_241236801
edu_career_241236843_331095,331095,Administración De Empresas,al_hr_pe.edu_inst_241236843
edu_career_241236843_337025,337025,Secretariado Ejecutivo,al_hr_pe.edu_inst_241236843
edu_career_241236843_441095,441095,Computación E Informática,al_hr_pe.edu_inst_241236843
edu_career_241236843_716015,716015,Farmacia,al_hr_pe.edu_inst_241236843
edu_career_241236884_441095,441095,Computación E Informática,al_hr_pe.edu_inst_241236884
edu_career_241236884_714035,714035,Enfermería Técnica,al_hr_pe.edu_inst_241236884
edu_career_241236926_342025,342025,Contabilidad,al_hr_pe.edu_inst_241236926
edu_career_241236926_441095,441095,Computación E Informática,al_hr_pe.edu_inst_241236926
edu_career_241236926_713015,713015,Prótesis Dental,al_hr_pe.edu_inst_241236926
edu_career_241236926_714035,714035,Enfermería Técnica,al_hr_pe.edu_inst_241236926
edu_career_241236926_715025,715025,Laboratorio Clínico,al_hr_pe.edu_inst_241236926
edu_career_241236926_716015,716015,Farmacia,al_hr_pe.edu_inst_241236926
edu_career_241238922_222095,222095,Diseño De Interiores,al_hr_pe.edu_inst_241238922
edu_career_241238922_531045,531045,Edificaciones,al_hr_pe.edu_inst_241238922
edu_career_241238922_531095,531095,Topografía,al_hr_pe.edu_inst_241238922
edu_career_241238963_335015,335015,Administración De Negocios Internacionales,al_hr_pe.edu_inst_241238963
edu_career_241238963_441095,441095,Computación E Informática,al_hr_pe.edu_inst_241238963
edu_career_241239003_331095,331095,Administración De Empresas,al_hr_pe.edu_inst_241239003
edu_career_241239003_337025,337025,Secretariado Ejecutivo,al_hr_pe.edu_inst_241239003
edu_career_241239003_342025,342025,Contabilidad,al_hr_pe.edu_inst_241239003
edu_career_241239003_441095,441095,Computación E Informática,al_hr_pe.edu_inst_241239003
edu_career_241239003_713015,713015,Prótesis Dental,al_hr_pe.edu_inst_241239003
edu_career_241239003_714035,714035,Enfermería Técnica,al_hr_pe.edu_inst_241239003
edu_career_241239466_331115,331115,Administración De Negocios,al_hr_pe.edu_inst_241239466
edu_career_241239466_441095,441095,Computación E Informática,al_hr_pe.edu_inst_241239466
edu_career_241239466_525065,525065,Electrónica Industrial,al_hr_pe.edu_inst_241239466
edu_career_241239508_591035,591035,Tecnología Pesquera,al_hr_pe.edu_inst_241239508
edu_career_241244458_331095,331095,Administración De Empresas,al_hr_pe.edu_inst_241244458
edu_career_241244458_337025,337025,Secretariado Ejecutivo,al_hr_pe.edu_inst_241244458
edu_career_241244458_342025,342025,Contabilidad,al_hr_pe.edu_inst_241244458
edu_career_241248756_331095,331095,Administración De Empresas,al_hr_pe.edu_inst_241248756
edu_career_241248756_441095,441095,Computación E Informática,al_hr_pe.edu_inst_241248756
edu_career_241248830_333015,333015,Marketing,al_hr_pe.edu_inst_241248830
edu_career_241248830_337025,337025,Secretariado Ejecutivo,al_hr_pe.edu_inst_241248830
edu_career_241248830_342025,342025,Contabilidad,al_hr_pe.edu_inst_241248830
edu_career_241248830_441095,441095,Computación E Informática,al_hr_pe.edu_inst_241248830
edu_career_241248830_714035,714035,Enfermería Técnica,al_hr_pe.edu_inst_241248830
edu_career_241248954_311015,311015,Promoción Comunal,al_hr_pe.edu_inst_241248954
edu_career_241249234_441095,441095,Computación E Informática,al_hr_pe.edu_inst_241249234
edu_career_241249234_512045,512045,Técnica En Ingeniería De Telecomunicaciones,al_hr_pe.edu_inst_241249234
edu_career_241249234_512055,512055,Técnica En Ingeniería De Telemática,al_hr_pe.edu_inst_241249234
edu_career_241249275_214025,214025,Traducción De Idiomas,al_hr_pe.edu_inst_241249275
edu_career_241249275_342025,342025,Contabilidad,al_hr_pe.edu_inst_241249275
edu_career_241249275_441095,441095,Computación E Informática,al_hr_pe.edu_inst_241249275
edu_career_241249275_714035,714035,Enfermería Técnica,al_hr_pe.edu_inst_241249275
edu_career_241249358_337025,337025,Secretariado Ejecutivo,al_hr_pe.edu_inst_241249358
edu_career_241249358_441095,441095,Computación E Informática,al_hr_pe.edu_inst_241249358
edu_career_241249358_811055,811055,Guía Oficial De Turismo,al_hr_pe.edu_inst_241249358
edu_career_241249390_441095,441095,Computación E Informática,al_hr_pe.edu_inst_241249390
edu_career_241249390_714035,714035,Enfermería Técnica,al_hr_pe.edu_inst_241249390
edu_career_241249390_715015,715015,Fisioterapia Y Rehabilitación,al_hr_pe.edu_inst_241249390
edu_career_241249390_715025,715025,Laboratorio Clínico,al_hr_pe.edu_inst_241249390
edu_career_241249390_716015,716015,Farmacia,al_hr_pe.edu_inst_241249390
edu_career_241249473_331095,331095,Administración De Empresas,al_hr_pe.edu_inst_241249473
edu_career_241249473_332125,332125,Gastronomía Y Arte Culinario,al_hr_pe.edu_inst_241249473
edu_career_241249473_337025,337025,Secretariado Ejecutivo,al_hr_pe.edu_inst_241249473
edu_career_241249473_342025,342025,Contabilidad,al_hr_pe.edu_inst_241249473
edu_career_241249473_441095,441095,Computación E Informática,al_hr_pe.edu_inst_241249473
edu_career_241249473_525065,525065,Electrónica Industrial,al_hr_pe.edu_inst_241249473
edu_career_241249473_526165,526165,Mecánica Automotriz,al_hr_pe.edu_inst_241249473
edu_career_241249473_714035,714035,Enfermería Técnica,al_hr_pe.edu_inst_241249473
edu_career_241249473_811055,811055,Guía Oficial De Turismo,al_hr_pe.edu_inst_241249473
edu_career_241249598_611115,611115,Producción Agropecuaria,al_hr_pe.edu_inst_241249598
edu_career_241249739_337025,337025,Secretariado Ejecutivo,al_hr_pe.edu_inst_241249739
edu_career_241249739_342025,342025,Contabilidad,al_hr_pe.edu_inst_241249739
edu_career_241249739_441095,441095,Computación E Informática,al_hr_pe.edu_inst_241249739
edu_career_241249952_337025,337025,Secretariado Ejecutivo,al_hr_pe.edu_inst_241249952
edu_career_241249952_441095,441095,Computación E Informática,al_hr_pe.edu_inst_241249952
edu_career_241249952_512065,512065,Telecomunicaciones,al_hr_pe.edu_inst_241249952
edu_career_241249952_811055,811055,Guía Oficial De Turismo,al_hr_pe.edu_inst_241249952
edu_career_241250091_331095,331095,Administración De Empresas,al_hr_pe.edu_inst_241250091
edu_career_241250091_333015,333015,Marketing,al_hr_pe.edu_inst_241250091
edu_career_241250091_337025,337025,Secretariado Ejecutivo,al_hr_pe.edu_inst_241250091
edu_career_241250091_342025,342025,Contabilidad,al_hr_pe.edu_inst_241250091
edu_career_241250091_441095,441095,Computación E Informática,al_hr_pe.edu_inst_241250091
edu_career_241250091_714035,714035,Enfermería Técnica,al_hr_pe.edu_inst_241250091
edu_career_241250091_716015,716015,Farmacia,al_hr_pe.edu_inst_241250091
edu_career_241250091_811055,811055,Guía Oficial De Turismo,al_hr_pe.edu_inst_241250091
edu_career_241250133_214035,214035,Traducción E Interpretación,al_hr_pe.edu_inst_241250133
edu_career_241250133_337025,337025,Secretariado Ejecutivo,al_hr_pe.edu_inst_241250133
edu_career_241250257_331095,331095,Administración De Empresas,al_hr_pe.edu_inst_241250257
edu_career_241250257_332065,332065,Administración De Servicios De Hostelería,al_hr_pe.edu_inst_241250257
edu_career_241250257_332105,332105,Cocina,al_hr_pe.edu_inst_241250257
edu_career_241250257_441095,441095,Computación E Informática,al_hr_pe.edu_inst_241250257
edu_career_241250257_714035,714035,Enfermería Técnica,al_hr_pe.edu_inst_241250257
edu_career_241250281_337025,337025,Secretariado Ejecutivo,al_hr_pe.edu_inst_241250281
edu_career_241250281_342025,342025,Contabilidad,al_hr_pe.edu_inst_241250281
edu_career_241250281_714035,714035,Enfermería Técnica,al_hr_pe.edu_inst_241250281
edu_career_241250281_716015,716015,Farmacia,al_hr_pe.edu_inst_241250281
edu_career_241272038_331095,331095,Administración De Empresas,al_hr_pe.edu_inst_241272038
edu_career_241272038_337025,337025,Secretariado Ejecutivo,al_hr_pe.edu_inst_241272038
edu_career_241272038_441095,441095,Computación E Informática,al_hr_pe.edu_inst_241272038
edu_career_241272038_714035,714035,Enfermería Técnica,al_hr_pe.edu_inst_241272038
edu_career_241302629_331065,331065,Administración De Aeropuertos,al_hr_pe.edu_inst_241302629
edu_career_241302629_512015,512015,Control De Tránsito Aéreo,al_hr_pe.edu_inst_241302629
edu_career_241305556_441095,441095,Computación E Informática,al_hr_pe.edu_inst_241305556
edu_career_241313485_332105,332105,Cocina,al_hr_pe.edu_inst_241313485
edu_career_241313667_221025,221025,Construcción De Arte En Madera,al_hr_pe.edu_inst_241313667
edu_career_241313667_441095,441095,Computación E Informática,al_hr_pe.edu_inst_241313667
edu_career_241313667_524035,524035,Electrotécnia Industrial,al_hr_pe.edu_inst_241313667
edu_career_241313667_526165,526165,Mecánica Automotriz,al_hr_pe.edu_inst_241313667
edu_career_241314137_441095,441095,Computación E Informática,al_hr_pe.edu_inst_241314137
edu_career_241314400_331115,331115,Administración De Negocios,al_hr_pe.edu_inst_241314400
edu_career_241315647_526085,526085,Mantenimiento De Maquinaria Pesada,al_hr_pe.edu_inst_241315647
edu_career_241315647_527025,527025,Explotación Minera,al_hr_pe.edu_inst_241315647
edu_career_241315647_527055,527055,Metalurgia,al_hr_pe.edu_inst_241315647
edu_career_241315647_531105,531105,Topografía Superficial Y Minera,al_hr_pe.edu_inst_241315647
edu_career_241316637_332105,332105,Cocina,al_hr_pe.edu_inst_241316637
edu_career_241316637_524035,524035,Electrotécnia Industrial,al_hr_pe.edu_inst_241316637
edu_career_241317619_331115,331115,Administración De Negocios,al_hr_pe.edu_inst_241317619
edu_career_241317650_525065,525065,Electrónica Industrial,al_hr_pe.edu_inst_241317650
edu_career_241317650_526165,526165,Mecánica Automotriz,al_hr_pe.edu_inst_241317650
edu_career_241320027_332065,332065,Administración De Servicios De Hostelería,al_hr_pe.edu_inst_241320027
edu_career_241320027_811055,811055,Guía Oficial De Turismo,al_hr_pe.edu_inst_241320027
edu_career_241320035_331115,331115,Administración De Negocios,al_hr_pe.edu_inst_241320035
edu_career_241321942_441095,441095,Computación E Informática,al_hr_pe.edu_inst_241321942
edu_career_241321942_524035,524035,Electrotécnia Industrial,al_hr_pe.edu_inst_241321942
edu_career_241323260_331095,331095,Administración De Empresas,al_hr_pe.edu_inst_241323260
edu_career_241323260_441095,441095,Computación E Informática,al_hr_pe.edu_inst_241323260
edu_career_241323260_523015,523015,Agroindustrias,al_hr_pe.edu_inst_241323260
edu_career_241325786_331095,331095,Administración De Empresas,al_hr_pe.edu_inst_241325786
edu_career_241325786_335015,335015,Administración De Negocios Internacionales,al_hr_pe.edu_inst_241325786
edu_career_241325786_714035,714035,Enfermería Técnica,al_hr_pe.edu_inst_241325786
edu_career_241328046_441095,441095,Computación E Informática,al_hr_pe.edu_inst_241328046
edu_career_241328236_342025,342025,Contabilidad,al_hr_pe.edu_inst_241328236
edu_career_241328236_441095,441095,Computación E Informática,al_hr_pe.edu_inst_241328236
edu_career_241341619_332065,332065,Administración De Servicios De Hostelería,al_hr_pe.edu_inst_241341619
edu_career_241341619_811055,811055,Guía Oficial De Turismo,al_hr_pe.edu_inst_241341619
edu_career_241345065_332065,332065,Administración De Servicios De Hostelería,al_hr_pe.edu_inst_241345065
edu_career_241345065_811055,811055,Guía Oficial De Turismo,al_hr_pe.edu_inst_241345065
edu_career_241345099_331095,331095,Administración De Empresas,al_hr_pe.edu_inst_241345099
edu_career_241345099_332025,332025,Administración De Empresas Turísticas Y Hoteleras,al_hr_pe.edu_inst_241345099
edu_career_241345099_332105,332105,Cocina,al_hr_pe.edu_inst_241345099
edu_career_241345099_342025,342025,Contabilidad,al_hr_pe.edu_inst_241345099
edu_career_241345099_441095,441095,Computación E Informática,al_hr_pe.edu_inst_241345099
edu_career_241345099_811055,811055,Guía Oficial De Turismo,al_hr_pe.edu_inst_241345099
edu_career_241345107_337025,337025,Secretariado Ejecutivo,al_hr_pe.edu_inst_241345107
edu_career_241345107_441095,441095,Computación E Informática,al_hr_pe.edu_inst_241345107
edu_career_241345123_611115,611115,Producción Agropecuaria,al_hr_pe.edu_inst_241345123
edu_career_241346626_322015,322015,"Locución, Comunicación Radial Y Televisiva",al_hr_pe.edu_inst_241346626
edu_career_241346626_441095,441095,Computación E Informática,al_hr_pe.edu_inst_241346626
edu_career_241346626_811055,811055,Guía Oficial De Turismo,al_hr_pe.edu_inst_241346626
edu_career_241350610_714035,714035,Enfermería Técnica,al_hr_pe.edu_inst_241350610
edu_career_241350610_715015,715015,Fisioterapia Y Rehabilitación,al_hr_pe.edu_inst_241350610
edu_career_241350610_716015,716015,Farmacia,al_hr_pe.edu_inst_241350610
edu_career_241350628_441095,441095,Computación E Informática,al_hr_pe.edu_inst_241350628
edu_career_241350628_522025,522025,Industrias Alimentarias,al_hr_pe.edu_inst_241350628
edu_career_241350636_331095,331095,Administración De Empresas,al_hr_pe.edu_inst_241350636
edu_career_241350644_221015,221015,Artes Plásticas Y Visuales,al_hr_pe.edu_inst_241350644
edu_career_241350651_331095,331095,Administración De Empresas,al_hr_pe.edu_inst_241350651
edu_career_241350669_332085,332085,Administración Hotelera,al_hr_pe.edu_inst_241350669
edu_career_241350669_332105,332105,Cocina,al_hr_pe.edu_inst_241350669
edu_career_241351436_337025,337025,Secretariado Ejecutivo,al_hr_pe.edu_inst_241351436
edu_career_241351444_441095,441095,Computación E Informática,al_hr_pe.edu_inst_241351444
edu_career_241351444_526165,526165,Mecánica Automotriz,al_hr_pe.edu_inst_241351444
edu_career_241351444_714035,714035,Enfermería Técnica,al_hr_pe.edu_inst_241351444
edu_career_241351451_714035,714035,Enfermería Técnica,al_hr_pe.edu_inst_241351451
edu_career_241351477_331115,331115,Administración De Negocios,al_hr_pe.edu_inst_241351477
edu_career_241351485_342025,342025,Contabilidad,al_hr_pe.edu_inst_241351485
edu_career_241351485_441095,441095,Computación E Informática,al_hr_pe.edu_inst_241351485
edu_career_241351493_332065,332065,Administración De Servicios De Hostelería,al_hr_pe.edu_inst_241351493
edu_career_241351493_332105,332105,Cocina,al_hr_pe.edu_inst_241351493
edu_career_241351493_332125,332125,Gastronomía Y Arte Culinario,al_hr_pe.edu_inst_241351493
edu_career_241351501_214025,214025,Traducción De Idiomas,al_hr_pe.edu_inst_241351501
edu_career_241351501_441095,441095,Computación E Informática,al_hr_pe.edu_inst_241351501
edu_career_241351519_441095,441095,Computación E Informática,al_hr_pe.edu_inst_241351519
edu_career_241351519_713015,713015,Prótesis Dental,al_hr_pe.edu_inst_241351519
edu_career_241351519_714035,714035,Enfermería Técnica,al_hr_pe.edu_inst_241351519
edu_career_241351535_714035,714035,Enfermería Técnica,al_hr_pe.edu_inst_241351535
edu_career_241351550_441095,441095,Computación E Informática,al_hr_pe.edu_inst_241351550
edu_career_241351576_331035,331035,Administración Bancaria,al_hr_pe.edu_inst_241351576
edu_career_241351576_331095,331095,Administración De Empresas,al_hr_pe.edu_inst_241351576
edu_career_241351576_337025,337025,Secretariado Ejecutivo,al_hr_pe.edu_inst_241351576
edu_career_241351576_342025,342025,Contabilidad,al_hr_pe.edu_inst_241351576
edu_career_241351576_441095,441095,Computación E Informática,al_hr_pe.edu_inst_241351576
edu_career_241351584_333015,333015,Marketing,al_hr_pe.edu_inst_241351584
edu_career_241351584_337025,337025,Secretariado Ejecutivo,al_hr_pe.edu_inst_241351584
edu_career_241351592_331095,331095,Administración De Empresas,al_hr_pe.edu_inst_241351592
edu_career_241351592_714035,714035,Enfermería Técnica,al_hr_pe.edu_inst_241351592
edu_career_241351592_715015,715015,Fisioterapia Y Rehabilitación,al_hr_pe.edu_inst_241351592
edu_career_241351964_332125,332125,Gastronomía Y Arte Culinario,al_hr_pe.edu_inst_241351964
edu_career_241351964_811055,811055,Guía Oficial De Turismo,al_hr_pe.edu_inst_241351964
edu_career_241351972_342025,342025,Contabilidad,al_hr_pe.edu_inst_241351972
edu_career_241351972_714035,714035,Enfermería Técnica,al_hr_pe.edu_inst_241351972
edu_career_241355528_332105,332105,Cocina,al_hr_pe.edu_inst_241355528
edu_career_241355528_332125,332125,Gastronomía Y Arte Culinario,al_hr_pe.edu_inst_241355528
edu_career_241355643_331095,331095,Administración De Empresas,al_hr_pe.edu_inst_241355643
edu_career_241355650_714035,714035,Enfermería Técnica,al_hr_pe.edu_inst_241355650
edu_career_241355668_331095,331095,Administración De Empresas,al_hr_pe.edu_inst_241355668
edu_career_241355668_332065,332065,Administración De Servicios De Hostelería,al_hr_pe.edu_inst_241355668
edu_career_241355668_342025,342025,Contabilidad,al_hr_pe.edu_inst_241355668
edu_career_241355668_811055,811055,Guía Oficial De Turismo,al_hr_pe.edu_inst_241355668
edu_career_241355684_335015,335015,Administración De Negocios Internacionales,al_hr_pe.edu_inst_241355684
edu_career_241355684_441095,441095,Computación E Informática,al_hr_pe.edu_inst_241355684
edu_career_241364686_714035,714035,Enfermería Técnica,al_hr_pe.edu_inst_241364686
edu_career_241364686_716015,716015,Farmacia,al_hr_pe.edu_inst_241364686
edu_career_241364694_714035,714035,Enfermería Técnica,al_hr_pe.edu_inst_241364694
edu_career_241364694_811055,811055,Guía Oficial De Turismo,al_hr_pe.edu_inst_241364694
edu_career_241366574_222125,222125,Diseño Gráfico,al_hr_pe.edu_inst_241366574
edu_career_241366574_331095,331095,Administración De Empresas,al_hr_pe.edu_inst_241366574
edu_career_241366574_332125,332125,Gastronomía Y Arte Culinario,al_hr_pe.edu_inst_241366574
edu_career_241366574_342025,342025,Contabilidad,al_hr_pe.edu_inst_241366574
edu_career_241366574_441095,441095,Computación E Informática,al_hr_pe.edu_inst_241366574
edu_career_241367135_313015,313015,Terapia Psicoanalítica,al_hr_pe.edu_inst_241367135
edu_career_241375815_521035,521035,Tecnología De La Producción,al_hr_pe.edu_inst_241375815
edu_career_241375815_526245,526245,Tecnología Mecánica Eléctrica,al_hr_pe.edu_inst_241375815
edu_career_241375815_611155,611155,Tecnología Agrícola,al_hr_pe.edu_inst_241375815
edu_career_241380310_342025,342025,Contabilidad,al_hr_pe.edu_inst_241380310
edu_career_241380310_441095,441095,Computación E Informática,al_hr_pe.edu_inst_241380310
edu_career_241380336_332125,332125,Gastronomía Y Arte Culinario,al_hr_pe.edu_inst_241380336
edu_career_241381771_337025,337025,Secretariado Ejecutivo,al_hr_pe.edu_inst_241381771
edu_career_241385079_332045,332045,Administración De Hoteles Y Restaurantes,al_hr_pe.edu_inst_241385079
edu_career_241385079_611115,611115,Producción Agropecuaria,al_hr_pe.edu_inst_241385079
edu_career_241385509_332065,332065,Administración De Servicios De Hostelería,al_hr_pe.edu_inst_241385509
edu_career_241385509_811055,811055,Guía Oficial De Turismo,al_hr_pe.edu_inst_241385509
edu_career_241385566_331095,331095,Administración De Empresas,al_hr_pe.edu_inst_241385566
edu_career_241385566_526165,526165,Mecánica Automotriz,al_hr_pe.edu_inst_241385566
edu_career_241385566_531025,531025,Construcción Civil,al_hr_pe.edu_inst_241385566
edu_career_241385574_526085,526085,Mantenimiento De Maquinaria Pesada,al_hr_pe.edu_inst_241385574
edu_career_241385574_527025,527025,Explotación Minera,al_hr_pe.edu_inst_241385574
edu_career_241386937_332065,332065,Administración De Servicios De Hostelería,al_hr_pe.edu_inst_241386937
edu_career_241386937_811055,811055,Guía Oficial De Turismo,al_hr_pe.edu_inst_241386937
edu_career_241387349_221025,221025,Construcción De Arte En Madera,al_hr_pe.edu_inst_241387349
edu_career_241389964_342025,342025,Contabilidad,al_hr_pe.edu_inst_241389964
edu_career_241389964_716015,716015,Farmacia,al_hr_pe.edu_inst_241389964
edu_career_241389998_714035,714035,Enfermería Técnica,al_hr_pe.edu_inst_241389998
edu_career_241390392_331035,331035,Administración Bancaria,al_hr_pe.edu_inst_241390392
edu_career_241390392_335015,335015,Administración De Negocios Internacionales,al_hr_pe.edu_inst_241390392
edu_career_241390392_342025,342025,Contabilidad,al_hr_pe.edu_inst_241390392
edu_career_241390434_441095,441095,Computación E Informática,al_hr_pe.edu_inst_241390434
edu_career_241390616_811055,811055,Guía Oficial De Turismo,al_hr_pe.edu_inst_241390616
edu_career_241391713_714035,714035,Enfermería Técnica,al_hr_pe.edu_inst_241391713
edu_career_241391721_528015,528015,Diseño De Modas,al_hr_pe.edu_inst_241391721
edu_career_241393818_337025,337025,Secretariado Ejecutivo,al_hr_pe.edu_inst_241393818
edu_career_241393818_441095,441095,Computación E Informática,al_hr_pe.edu_inst_241393818
edu_career_241393818_714035,714035,Enfermería Técnica,al_hr_pe.edu_inst_241393818
edu_career_241395177_811055,811055,Guía Oficial De Turismo,al_hr_pe.edu_inst_241395177
edu_career_241395185_131024,131024,Dirección Técnica En Futbol,al_hr_pe.edu_inst_241395185
edu_career_241395185_331095,331095,Administración De Empresas,al_hr_pe.edu_inst_241395185
edu_career_241395193_332064,332064,Bar Y Cocteleria,al_hr_pe.edu_inst_241395193
edu_career_241395193_332105,332105,Cocina,al_hr_pe.edu_inst_241395193
edu_career_241395193_332125,332125,Gastronomía Y Arte Culinario,al_hr_pe.edu_inst_241395193
edu_career_241395193_332155,332155,Pastelería,al_hr_pe.edu_inst_241395193
edu_career_241395771_335015,335015,Administración De Negocios Internacionales,al_hr_pe.edu_inst_241395771
edu_career_241396993_714035,714035,Enfermería Técnica,al_hr_pe.edu_inst_241396993
edu_career_241404953_331095,331095,Administración De Empresas,al_hr_pe.edu_inst_241404953
edu_career_241404953_342025,342025,Contabilidad,al_hr_pe.edu_inst_241404953
edu_career_241404953_441095,441095,Computación E Informática,al_hr_pe.edu_inst_241404953
edu_career_241407147_526085,526085,Mantenimiento De Maquinaria Pesada,al_hr_pe.edu_inst_241407147
edu_career_241407154_331115,331115,Administración De Negocios,al_hr_pe.edu_inst_241407154
edu_career_241407154_522025,522025,Industrias Alimentarias,al_hr_pe.edu_inst_241407154
edu_career_241407154_526185,526185,Mecánica De Producción,al_hr_pe.edu_inst_241407154
edu_career_241407154_531025,531025,Construcción Civil,al_hr_pe.edu_inst_241407154
edu_career_241410166_214025,214025,Traducción De Idiomas,al_hr_pe.edu_inst_241410166
edu_career_241410166_332025,332025,Administración De Empresas Turísticas Y Hoteleras,al_hr_pe.edu_inst_241410166
edu_career_241410166_333015,333015,Marketing,al_hr_pe.edu_inst_241410166
edu_career_241410166_441095,441095,Computación E Informática,al_hr_pe.edu_inst_241410166
edu_career_241412469_713015,713015,Prótesis Dental,al_hr_pe.edu_inst_241412469
edu_career_241412469_714035,714035,Enfermería Técnica,al_hr_pe.edu_inst_241412469
edu_career_241412469_715025,715025,Laboratorio Clínico,al_hr_pe.edu_inst_241412469
edu_career_241414010_331035,331035,Administración Bancaria,al_hr_pe.edu_inst_241414010
edu_career_241414010_335015,335015,Administración De Negocios Internacionales,al_hr_pe.edu_inst_241414010
edu_career_241414010_342025,342025,Contabilidad,al_hr_pe.edu_inst_241414010
edu_career_241421114_335015,335015,Administración De Negocios Internacionales,al_hr_pe.edu_inst_241421114
edu_career_241421114_342025,342025,Contabilidad,al_hr_pe.edu_inst_241421114
edu_career_241421114_441095,441095,Computación E Informática,al_hr_pe.edu_inst_241421114
edu_career_241421759_441095,441095,Computación E Informática,al_hr_pe.edu_inst_241421759
edu_career_241421759_714035,714035,Enfermería Técnica,al_hr_pe.edu_inst_241421759
edu_career_241421759_716015,716015,Farmacia,al_hr_pe.edu_inst_241421759
edu_career_241424647_337025,337025,Secretariado Ejecutivo,al_hr_pe.edu_inst_241424647
edu_career_241424647_342025,342025,Contabilidad,al_hr_pe.edu_inst_241424647
edu_career_241424647_441095,441095,Computación E Informática,al_hr_pe.edu_inst_241424647
edu_career_241424688_337025,337025,Secretariado Ejecutivo,al_hr_pe.edu_inst_241424688
edu_career_241424688_342025,342025,Contabilidad,al_hr_pe.edu_inst_241424688
edu_career_241424688_441095,441095,Computación E Informática,al_hr_pe.edu_inst_241424688
edu_career_241425008_441095,441095,Computación E Informática,al_hr_pe.edu_inst_241425008
edu_career_241425008_713015,713015,Prótesis Dental,al_hr_pe.edu_inst_241425008
edu_career_241425008_714035,714035,Enfermería Técnica,al_hr_pe.edu_inst_241425008
edu_career_241425057_714035,714035,Enfermería Técnica,al_hr_pe.edu_inst_241425057
edu_career_241425057_715025,715025,Laboratorio Clínico,al_hr_pe.edu_inst_241425057
edu_career_241425057_716015,716015,Farmacia,al_hr_pe.edu_inst_241425057
edu_career_241434166_337025,337025,Secretariado Ejecutivo,al_hr_pe.edu_inst_241434166
edu_career_241434166_441095,441095,Computación E Informática,al_hr_pe.edu_inst_241434166
edu_career_241437383_332155,332155,Pastelería,al_hr_pe.edu_inst_241437383
edu_career_241440841_528015,528015,Diseño De Modas,al_hr_pe.edu_inst_241440841
edu_career_241444876_331095,331095,Administración De Empresas,al_hr_pe.edu_inst_241444876
edu_career_241444876_333015,333015,Marketing,al_hr_pe.edu_inst_241444876
edu_career_241444876_337025,337025,Secretariado Ejecutivo,al_hr_pe.edu_inst_241444876
edu_career_241444876_342025,342025,Contabilidad,al_hr_pe.edu_inst_241444876
edu_career_241444876_441095,441095,Computación E Informática,al_hr_pe.edu_inst_241444876
edu_career_241445006_441095,441095,Computación E Informática,al_hr_pe.edu_inst_241445006
edu_career_241445006_531035,531035,Dibujo En Construcción Civil,al_hr_pe.edu_inst_241445006
edu_career_241445006_531045,531045,Edificaciones,al_hr_pe.edu_inst_241445006
edu_career_241445006_531095,531095,Topografía,al_hr_pe.edu_inst_241445006
edu_career_241445709_222055,222055,Ciencias Publicitarias,al_hr_pe.edu_inst_241445709
edu_career_241445709_342025,342025,Contabilidad,al_hr_pe.edu_inst_241445709
edu_career_241445709_422025,422025,Química Industrial,al_hr_pe.edu_inst_241445709
edu_career_241445709_611105,611105,Producción Agrícola,al_hr_pe.edu_inst_241445709
edu_career_241445709_713015,713015,Prótesis Dental,al_hr_pe.edu_inst_241445709
edu_career_241445709_714035,714035,Enfermería Técnica,al_hr_pe.edu_inst_241445709
edu_career_241445709_715015,715015,Fisioterapia Y Rehabilitación,al_hr_pe.edu_inst_241445709
edu_career_241445709_715055,715055,Optometría,al_hr_pe.edu_inst_241445709
edu_career_241445709_716015,716015,Farmacia,al_hr_pe.edu_inst_241445709
edu_career_241445766_342025,342025,Contabilidad,al_hr_pe.edu_inst_241445766
edu_career_241445766_441095,441095,Computación E Informática,al_hr_pe.edu_inst_241445766
edu_career_241445766_714035,714035,Enfermería Técnica,al_hr_pe.edu_inst_241445766
edu_career_241446434_342025,342025,Contabilidad,al_hr_pe.edu_inst_241446434
edu_career_241446434_525065,525065,Electrónica Industrial,al_hr_pe.edu_inst_241446434
edu_career_241446434_714035,714035,Enfermería Técnica,al_hr_pe.edu_inst_241446434
edu_career_241446772_333015,333015,Marketing,al_hr_pe.edu_inst_241446772
edu_career_241446772_441095,441095,Computación E Informática,al_hr_pe.edu_inst_241446772
edu_career_241448182_337025,337025,Secretariado Ejecutivo,al_hr_pe.edu_inst_241448182
edu_career_241448182_811055,811055,Guía Oficial De Turismo,al_hr_pe.edu_inst_241448182
edu_career_241450907_713015,713015,Prótesis Dental,al_hr_pe.edu_inst_241450907
edu_career_241450907_714035,714035,Enfermería Técnica,al_hr_pe.edu_inst_241450907
edu_career_241450949_214025,214025,Traducción De Idiomas,al_hr_pe.edu_inst_241450949
edu_career_241450949_441095,441095,Computación E Informática,al_hr_pe.edu_inst_241450949
edu_career_241460492_331095,331095,Administración De Empresas,al_hr_pe.edu_inst_241460492
edu_career_241460492_333015,333015,Marketing,al_hr_pe.edu_inst_241460492
edu_career_241460492_337025,337025,Secretariado Ejecutivo,al_hr_pe.edu_inst_241460492
edu_career_241460492_342025,342025,Contabilidad,al_hr_pe.edu_inst_241460492
edu_career_241460492_441095,441095,Computación E Informática,al_hr_pe.edu_inst_241460492
edu_career_241460633_332025,332025,Administración De Empresas Turísticas Y Hoteleras,al_hr_pe.edu_inst_241460633
edu_career_241460633_337025,337025,Secretariado Ejecutivo,al_hr_pe.edu_inst_241460633
edu_career_241460633_342025,342025,Contabilidad,al_hr_pe.edu_inst_241460633
edu_career_241460633_441095,441095,Computación E Informática,al_hr_pe.edu_inst_241460633
edu_career_241460633_525065,525065,Electrónica Industrial,al_hr_pe.edu_inst_241460633
edu_career_241460633_714035,714035,Enfermería Técnica,al_hr_pe.edu_inst_241460633
edu_career_241461334_526135,526135,Mecánica Aeronáutica,al_hr_pe.edu_inst_241461334
edu_career_241464320_222095,222095,Diseño De Interiores,al_hr_pe.edu_inst_241464320
edu_career_241464320_222125,222125,Diseño Gráfico,al_hr_pe.edu_inst_241464320
edu_career_241468032_342025,342025,Contabilidad,al_hr_pe.edu_inst_241468032
edu_career_241468032_441095,441095,Computación E Informática,al_hr_pe.edu_inst_241468032
edu_career_241468040_332065,332065,Administración De Servicios De Hostelería,al_hr_pe.edu_inst_241468040
edu_career_241468040_332165,332165,Servicios Hoteleros Y Cocina,al_hr_pe.edu_inst_241468040
edu_career_241468073_332105,332105,Cocina,al_hr_pe.edu_inst_241468073
edu_career_241468081_335015,335015,Administración De Negocios Internacionales,al_hr_pe.edu_inst_241468081
edu_career_241468081_441095,441095,Computación E Informática,al_hr_pe.edu_inst_241468081
edu_career_241468107_331035,331035,Administración Bancaria,al_hr_pe.edu_inst_241468107
edu_career_241468107_333015,333015,Marketing,al_hr_pe.edu_inst_241468107
edu_career_241468107_335015,335015,Administración De Negocios Internacionales,al_hr_pe.edu_inst_241468107
edu_career_241468115_332125,332125,Gastronomía Y Arte Culinario,al_hr_pe.edu_inst_241468115
edu_career_241468115_342025,342025,Contabilidad,al_hr_pe.edu_inst_241468115
edu_career_241468115_441095,441095,Computación E Informática,al_hr_pe.edu_inst_241468115
edu_career_241468123_331035,331035,Administración Bancaria,al_hr_pe.edu_inst_241468123
edu_career_241468131_331095,331095,Administración De Empresas,al_hr_pe.edu_inst_241468131
edu_career_241468131_441095,441095,Computación E Informática,al_hr_pe.edu_inst_241468131
edu_career_241468149_222125,222125,Diseño Gráfico,al_hr_pe.edu_inst_241468149
edu_career_241468149_323035,323035,Fotografía,al_hr_pe.edu_inst_241468149
edu_career_241468198_714035,714035,Enfermería Técnica,al_hr_pe.edu_inst_241468198
edu_career_241468198_715025,715025,Laboratorio Clínico,al_hr_pe.edu_inst_241468198
edu_career_241468198_716015,716015,Farmacia,al_hr_pe.edu_inst_241468198
edu_career_241468206_331115,331115,Administración De Negocios,al_hr_pe.edu_inst_241468206
edu_career_241468206_333015,333015,Marketing,al_hr_pe.edu_inst_241468206
edu_career_241468206_342025,342025,Contabilidad,al_hr_pe.edu_inst_241468206
edu_career_241468206_441095,441095,Computación E Informática,al_hr_pe.edu_inst_241468206
edu_career_241468214_331035,331035,Administración Bancaria,al_hr_pe.edu_inst_241468214
edu_career_241468214_441095,441095,Computación E Informática,al_hr_pe.edu_inst_241468214
edu_career_241468222_337025,337025,Secretariado Ejecutivo,al_hr_pe.edu_inst_241468222
edu_career_241468222_342025,342025,Contabilidad,al_hr_pe.edu_inst_241468222
edu_career_241468222_441095,441095,Computación E Informática,al_hr_pe.edu_inst_241468222
edu_career_241468255_331095,331095,Administración De Empresas,al_hr_pe.edu_inst_241468255
edu_career_241468255_333015,333015,Marketing,al_hr_pe.edu_inst_241468255
edu_career_241468255_342025,342025,Contabilidad,al_hr_pe.edu_inst_241468255
edu_career_241468271_337025,337025,Secretariado Ejecutivo,al_hr_pe.edu_inst_241468271
edu_career_241468271_441095,441095,Computación E Informática,al_hr_pe.edu_inst_241468271
edu_career_241468271_714035,714035,Enfermería Técnica,al_hr_pe.edu_inst_241468271
edu_career_241468289_331095,331095,Administración De Empresas,al_hr_pe.edu_inst_241468289
edu_career_241468289_333015,333015,Marketing,al_hr_pe.edu_inst_241468289
edu_career_241468289_337025,337025,Secretariado Ejecutivo,al_hr_pe.edu_inst_241468289
edu_career_241468289_441095,441095,Computación E Informática,al_hr_pe.edu_inst_241468289
edu_career_241468297_214025,214025,Traducción De Idiomas,al_hr_pe.edu_inst_241468297
edu_career_241468305_332065,332065,Administración De Servicios De Hostelería,al_hr_pe.edu_inst_241468305
edu_career_241468305_332105,332105,Cocina,al_hr_pe.edu_inst_241468305
edu_career_241468305_332125,332125,Gastronomía Y Arte Culinario,al_hr_pe.edu_inst_241468305
edu_career_241468305_441095,441095,Computación E Informática,al_hr_pe.edu_inst_241468305
edu_career_241468313_528035,528035,Diseño Textil,al_hr_pe.edu_inst_241468313
edu_career_241468313_528065,528065,Gestión De La Producción En La Industria De Las Confecciones,al_hr_pe.edu_inst_241468313
edu_career_241468321_441095,441095,Computación E Informática,al_hr_pe.edu_inst_241468321
edu_career_241468321_512055,512055,Técnica En Ingeniería De Telemática,al_hr_pe.edu_inst_241468321
edu_career_241468347_332065,332065,Administración De Servicios De Hostelería,al_hr_pe.edu_inst_241468347
edu_career_241468347_332105,332105,Cocina,al_hr_pe.edu_inst_241468347
edu_career_241468347_441095,441095,Computación E Informática,al_hr_pe.edu_inst_241468347
edu_career_241468347_528015,528015,Diseño De Modas,al_hr_pe.edu_inst_241468347
edu_career_241468354_332105,332105,Cocina,al_hr_pe.edu_inst_241468354
edu_career_241468354_332125,332125,Gastronomía Y Arte Culinario,al_hr_pe.edu_inst_241468354
edu_career_241468362_222055,222055,Ciencias Publicitarias,al_hr_pe.edu_inst_241468362
edu_career_241468362_222095,222095,Diseño De Interiores,al_hr_pe.edu_inst_241468362
edu_career_241468362_222125,222125,Diseño Gráfico,al_hr_pe.edu_inst_241468362
edu_career_241468362_333015,333015,Marketing,al_hr_pe.edu_inst_241468362
edu_career_241468362_441095,441095,Computación E Informática,al_hr_pe.edu_inst_241468362
edu_career_241468396_337025,337025,Secretariado Ejecutivo,al_hr_pe.edu_inst_241468396
edu_career_241468396_342025,342025,Contabilidad,al_hr_pe.edu_inst_241468396
edu_career_241468396_441095,441095,Computación E Informática,al_hr_pe.edu_inst_241468396
edu_career_241468511_332105,332105,Cocina,al_hr_pe.edu_inst_241468511
edu_career_241468511_332125,332125,Gastronomía Y Arte Culinario,al_hr_pe.edu_inst_241468511
edu_career_241468578_331215,331215,Dirección De Empresas,al_hr_pe.edu_inst_241468578
edu_career_241468586_332105,332105,Cocina,al_hr_pe.edu_inst_241468586
edu_career_241468586_332125,332125,Gastronomía Y Arte Culinario,al_hr_pe.edu_inst_241468586
edu_career_241468628_222125,222125,Diseño Gráfico,al_hr_pe.edu_inst_241468628
edu_career_241468628_222165,222165,Diseño Publicitario,al_hr_pe.edu_inst_241468628
edu_career_241468628_331095,331095,Administración De Empresas,al_hr_pe.edu_inst_241468628
edu_career_241468636_714035,714035,Enfermería Técnica,al_hr_pe.edu_inst_241468636
edu_career_241468636_715015,715015,Fisioterapia Y Rehabilitación,al_hr_pe.edu_inst_241468636
edu_career_241468636_715055,715055,Optometría,al_hr_pe.edu_inst_241468636
edu_career_241468636_716015,716015,Farmacia,al_hr_pe.edu_inst_241468636
edu_career_241468644_441095,441095,Computación E Informática,al_hr_pe.edu_inst_241468644
edu_career_241468644_714035,714035,Enfermería Técnica,al_hr_pe.edu_inst_241468644
edu_career_241468644_716015,716015,Farmacia,al_hr_pe.edu_inst_241468644
edu_career_241468651_332065,332065,Administración De Servicios De Hostelería,al_hr_pe.edu_inst_241468651
edu_career_241468651_811055,811055,Guía Oficial De Turismo,al_hr_pe.edu_inst_241468651
edu_career_241469931_713015,713015,Prótesis Dental,al_hr_pe.edu_inst_241469931
edu_career_241469931_714035,714035,Enfermería Técnica,al_hr_pe.edu_inst_241469931
edu_career_241469931_715025,715025,Laboratorio Clínico,al_hr_pe.edu_inst_241469931
edu_career_241469931_716015,716015,Farmacia,al_hr_pe.edu_inst_241469931
edu_career_241469949_714035,714035,Enfermería Técnica,al_hr_pe.edu_inst_241469949
edu_career_241469949_716015,716015,Farmacia,al_hr_pe.edu_inst_241469949
edu_career_241469956_337025,337025,Secretariado Ejecutivo,al_hr_pe.edu_inst_241469956
edu_career_241469956_441095,441095,Computación E Informática,al_hr_pe.edu_inst_241469956
edu_career_241469956_714035,714035,Enfermería Técnica,al_hr_pe.edu_inst_241469956
edu_career_241469964_512025,512025,Sistemas De Telecomunicaciones,al_hr_pe.edu_inst_241469964
edu_career_241469964_512075,512075,Telemática,al_hr_pe.edu_inst_241469964
edu_career_241472257_337025,337025,Secretariado Ejecutivo,al_hr_pe.edu_inst_241472257
edu_career_241472257_441095,441095,Computación E Informática,al_hr_pe.edu_inst_241472257
edu_career_241472273_331095,331095,Administración De Empresas,al_hr_pe.edu_inst_241472273
edu_career_241472281_713015,713015,Prótesis Dental,al_hr_pe.edu_inst_241472281
edu_career_241472281_715025,715025,Laboratorio Clínico,al_hr_pe.edu_inst_241472281
edu_career_241472281_716015,716015,Farmacia,al_hr_pe.edu_inst_241472281
edu_career_241525856_214025,214025,Traducción De Idiomas,al_hr_pe.edu_inst_241525856
edu_career_241526045_331095,331095,Administración De Empresas,al_hr_pe.edu_inst_241526045
edu_career_241526045_332065,332065,Administración De Servicios De Hostelería,al_hr_pe.edu_inst_241526045
edu_career_241526045_441095,441095,Computación E Informática,al_hr_pe.edu_inst_241526045
edu_career_241526052_331095,331095,Administración De Empresas,al_hr_pe.edu_inst_241526052
edu_career_241526052_441095,441095,Computación E Informática,al_hr_pe.edu_inst_241526052
edu_career_241528181_332125,332125,Gastronomía Y Arte Culinario,al_hr_pe.edu_inst_241528181
edu_career_241528561_714035,714035,Enfermería Técnica,al_hr_pe.edu_inst_241528561
edu_career_241528579_526085,526085,Mantenimiento De Maquinaria Pesada,al_hr_pe.edu_inst_241528579
edu_career_241528579_527025,527025,Explotación Minera,al_hr_pe.edu_inst_241528579
edu_career_241528587_332125,332125,Gastronomía Y Arte Culinario,al_hr_pe.edu_inst_241528587
edu_career_241528595_441095,441095,Computación E Informática,al_hr_pe.edu_inst_241528595
edu_career_241528595_714035,714035,Enfermería Técnica,al_hr_pe.edu_inst_241528595
edu_career_241528595_811055,811055,Guía Oficial De Turismo,al_hr_pe.edu_inst_241528595
edu_career_241528603_332025,332025,Administración De Empresas Turísticas Y Hoteleras,al_hr_pe.edu_inst_241528603
edu_career_241528603_441095,441095,Computación E Informática,al_hr_pe.edu_inst_241528603
edu_career_241528728_332095,332095,Administración Y Gerencia En Hotelería Internacional,al_hr_pe.edu_inst_241528728
edu_career_241528728_332105,332105,Cocina,al_hr_pe.edu_inst_241528728
edu_career_241528736_332065,332065,Administración De Servicios De Hostelería,al_hr_pe.edu_inst_241528736
edu_career_241528736_332125,332125,Gastronomía Y Arte Culinario,al_hr_pe.edu_inst_241528736
edu_career_241528751_222125,222125,Diseño Gráfico,al_hr_pe.edu_inst_241528751
edu_career_241528751_441095,441095,Computación E Informática,al_hr_pe.edu_inst_241528751
edu_career_241530690_332025,332025,Administración De Empresas Turísticas Y Hoteleras,al_hr_pe.edu_inst_241530690
edu_career_241530690_335015,335015,Administración De Negocios Internacionales,al_hr_pe.edu_inst_241530690
edu_career_241530690_714035,714035,Enfermería Técnica,al_hr_pe.edu_inst_241530690
edu_career_241536606_332025,332025,Administración De Empresas Turísticas Y Hoteleras,al_hr_pe.edu_inst_241536606
edu_career_241536606_332125,332125,Gastronomía Y Arte Culinario,al_hr_pe.edu_inst_241536606
edu_career_241536663_337025,337025,Secretariado Ejecutivo,al_hr_pe.edu_inst_241536663
edu_career_241536663_441095,441095,Computación E Informática,al_hr_pe.edu_inst_241536663
edu_career_241536663_714035,714035,Enfermería Técnica,al_hr_pe.edu_inst_241536663
edu_career_241539840_526165,526165,Mecánica Automotriz,al_hr_pe.edu_inst_241539840
edu_career_241544121_332105,332105,Cocina,al_hr_pe.edu_inst_241544121
edu_career_241571314_332055,332055,"Administración De Hoteles, Restaurantes Y Afines",al_hr_pe.edu_inst_241571314
edu_career_241571314_811055,811055,Guía Oficial De Turismo,al_hr_pe.edu_inst_241571314
edu_career_241571504_332035,332035,Administración De Hostelería,al_hr_pe.edu_inst_241571504
edu_career_241571504_811055,811055,Guía Oficial De Turismo,al_hr_pe.edu_inst_241571504
edu_career_241582162_713015,713015,Prótesis Dental,al_hr_pe.edu_inst_241582162
edu_career_241582162_715015,715015,Fisioterapia Y Rehabilitación,al_hr_pe.edu_inst_241582162
edu_career_241582162_715055,715055,Optometría,al_hr_pe.edu_inst_241582162
edu_career_241582162_716015,716015,Farmacia,al_hr_pe.edu_inst_241582162
edu_career_241582196_526085,526085,Mantenimiento De Maquinaria Pesada,al_hr_pe.edu_inst_241582196
edu_career_241582196_526195,526195,Mecánica Hidráulica,al_hr_pe.edu_inst_241582196
edu_career_241582196_527015,527015,Concentración De Minerales,al_hr_pe.edu_inst_241582196
edu_career_241582196_527025,527025,Explotación Minera,al_hr_pe.edu_inst_241582196
edu_career_241582196_531025,531025,Construcción Civil,al_hr_pe.edu_inst_241582196
edu_career_241585819_331055,331055,Administración Bancaria Y Financiera,al_hr_pe.edu_inst_241585819
edu_career_241585819_441095,441095,Computación E Informática,al_hr_pe.edu_inst_241585819
edu_career_241585819_811055,811055,Guía Oficial De Turismo,al_hr_pe.edu_inst_241585819
edu_career_241595438_523025,523025,Olivicultura Y Elaiotecnia,al_hr_pe.edu_inst_241595438
edu_career_241595438_523035,523035,Viticultura Y Enología,al_hr_pe.edu_inst_241595438
edu_career_241595438_611085,611085,Jardinería Y Paisajismo,al_hr_pe.edu_inst_241595438
edu_career_241600469_714035,714035,Enfermería Técnica,al_hr_pe.edu_inst_241600469
edu_career_241600469_715025,715025,Laboratorio Clínico,al_hr_pe.edu_inst_241600469
edu_career_241600469_716015,716015,Farmacia,al_hr_pe.edu_inst_241600469
edu_career_241600519_214025,214025,Traducción De Idiomas,al_hr_pe.edu_inst_241600519
edu_career_241600519_337025,337025,Secretariado Ejecutivo,al_hr_pe.edu_inst_241600519
edu_career_241600519_522025,522025,Industrias Alimentarias,al_hr_pe.edu_inst_241600519
edu_career_241600519_531025,531025,Construcción Civil,al_hr_pe.edu_inst_241600519
edu_career_241607647_611115,611115,Producción Agropecuaria,al_hr_pe.edu_inst_241607647
edu_career_241608090_331095,331095,Administración De Empresas,al_hr_pe.edu_inst_241608090
edu_career_241612753_441095,441095,Computación E Informática,al_hr_pe.edu_inst_241612753
edu_career_241616788_331115,331115,Administración De Negocios,al_hr_pe.edu_inst_241616788
edu_career_241633668_342025,342025,Contabilidad,al_hr_pe.edu_inst_241633668
edu_career_241635317_331095,331095,Administración De Empresas,al_hr_pe.edu_inst_241635317
edu_career_241635317_337025,337025,Secretariado Ejecutivo,al_hr_pe.edu_inst_241635317
edu_career_249062610_342025,342025,Contabilidad,al_hr_pe.edu_inst_249062610
edu_career_249062610_714035,714035,Enfermería Técnica,al_hr_pe.edu_inst_249062610
edu_career_250543355_111015,111015,Educación Inicial,al_hr_pe.edu_inst_250543355
edu_career_250543355_112015,112015,Educación Primaria,al_hr_pe.edu_inst_250543355
edu_career_250543355_121015,121015,Educación En Computación E Informática,al_hr_pe.edu_inst_250543355
edu_career_250543355_121025,121025,Educación En Idiomas - Inglés,al_hr_pe.edu_inst_250543355
edu_career_250543355_121045,121045,Educación Religiosa,al_hr_pe.edu_inst_250543355
edu_career_250543355_121085,121085,"Educación Secundaria, Especialidad: Matemática",al_hr_pe.edu_inst_250543355
edu_career_250607366_111015,111015,Educación Inicial,al_hr_pe.edu_inst_250607366
edu_career_250607366_112015,112015,Educación Primaria,al_hr_pe.edu_inst_250607366
edu_career_250607366_121015,121015,Educación En Computación E Informática,al_hr_pe.edu_inst_250607366
edu_career_250607366_121065,121065,"Educación Secundaria, Especialidad: Ciencias Sociales",al_hr_pe.edu_inst_250607366
edu_career_250607366_121075,121075,"Educación Secundaria, Especialidad: Comunicación",al_hr_pe.edu_inst_250607366
edu_career_250607366_121085,121085,"Educación Secundaria, Especialidad: Matemática",al_hr_pe.edu_inst_250607366
edu_career_250607366_131015,131015,Educación Física,al_hr_pe.edu_inst_250607366
edu_career_250691121_112015,112015,Educación Primaria,al_hr_pe.edu_inst_250691121
edu_career_250784561_111015,111015,Educación Inicial,al_hr_pe.edu_inst_250784561
edu_career_250784561_112015,112015,Educación Primaria,al_hr_pe.edu_inst_250784561
edu_career_250784561_121075,121075,"Educación Secundaria, Especialidad: Comunicación",al_hr_pe.edu_inst_250784561
edu_career_250784561_121085,121085,"Educación Secundaria, Especialidad: Matemática",al_hr_pe.edu_inst_250784561
edu_career_250784561_131015,131015,Educación Física,al_hr_pe.edu_inst_250784561
edu_career_250886556_112015,112015,Educación Primaria,al_hr_pe.edu_inst_250886556
edu_career_250886556_121015,121015,Educación En Computación E Informática,al_hr_pe.edu_inst_250886556
edu_career_250886556_121065,121065,"Educación Secundaria, Especialidad: Ciencias Sociales",al_hr_pe.edu_inst_250886556
edu_career_250886556_121085,121085,"Educación Secundaria, Especialidad: Matemática",al_hr_pe.edu_inst_250886556
edu_career_250886564_111015,111015,Educación Inicial,al_hr_pe.edu_inst_250886564
edu_career_250886564_112015,112015,Educación Primaria,al_hr_pe.edu_inst_250886564
edu_career_250886564_121015,121015,Educación En Computación E Informática,al_hr_pe.edu_inst_250886564
edu_career_250886564_121025,121025,Educación En Idiomas - Inglés,al_hr_pe.edu_inst_250886564
edu_career_250886564_121035,121035,Educación Para El Trabajo,al_hr_pe.edu_inst_250886564
edu_career_250886564_121065,121065,"Educación Secundaria, Especialidad: Ciencias Sociales",al_hr_pe.edu_inst_250886564
edu_career_250886564_121075,121075,"Educación Secundaria, Especialidad: Comunicación",al_hr_pe.edu_inst_250886564
edu_career_250886572_111015,111015,Educación Inicial,al_hr_pe.edu_inst_250886572
edu_career_250886572_112015,112015,Educación Primaria,al_hr_pe.edu_inst_250886572
edu_career_250892109_111015,111015,Educación Inicial,al_hr_pe.edu_inst_250892109
edu_career_250892109_112015,112015,Educación Primaria,al_hr_pe.edu_inst_250892109
edu_career_250892109_121075,121075,"Educación Secundaria, Especialidad: Comunicación",al_hr_pe.edu_inst_250892109
edu_career_250892109_121085,121085,"Educación Secundaria, Especialidad: Matemática",al_hr_pe.edu_inst_250892109
edu_career_250898429_121045,121045,Educación Religiosa,al_hr_pe.edu_inst_250898429
edu_career_250911925_112015,112015,Educación Primaria,al_hr_pe.edu_inst_250911925
edu_career_250920264_111015,111015,Educación Inicial,al_hr_pe.edu_inst_250920264
edu_career_250920264_112015,112015,Educación Primaria,al_hr_pe.edu_inst_250920264
edu_career_250920298_111015,111015,Educación Inicial,al_hr_pe.edu_inst_250920298
edu_career_250920298_112015,112015,Educación Primaria,al_hr_pe.edu_inst_250920298
edu_career_250920298_121065,121065,"Educación Secundaria, Especialidad: Ciencias Sociales",al_hr_pe.edu_inst_250920298
edu_career_250920298_121075,121075,"Educación Secundaria, Especialidad: Comunicación",al_hr_pe.edu_inst_250920298
edu_career_250920298_121085,121085,"Educación Secundaria, Especialidad: Matemática",al_hr_pe.edu_inst_250920298
edu_career_250920322_111015,111015,Educación Inicial,al_hr_pe.edu_inst_250920322
edu_career_250920322_112015,112015,Educación Primaria,al_hr_pe.edu_inst_250920322
edu_career_250920322_121015,121015,Educación En Computación E Informática,al_hr_pe.edu_inst_250920322
edu_career_250920322_121025,121025,Educación En Idiomas - Inglés,al_hr_pe.edu_inst_250920322
edu_career_250920322_121055,121055,"Educación Secundaria, Especialidad: Ciencia, Tecnología Y Ambiente",al_hr_pe.edu_inst_250920322
edu_career_250920322_121065,121065,"Educación Secundaria, Especialidad: Ciencias Sociales",al_hr_pe.edu_inst_250920322
edu_career_250920322_121075,121075,"Educación Secundaria, Especialidad: Comunicación",al_hr_pe.edu_inst_250920322
edu_career_250920322_121085,121085,"Educación Secundaria, Especialidad: Matemática",al_hr_pe.edu_inst_250920322
edu_career_250920322_131015,131015,Educación Física,al_hr_pe.edu_inst_250920322
edu_career_250920363_131015,131015,Educación Física,al_hr_pe.edu_inst_250920363
edu_career_250920454_121095,121095,Educación Secundaria Técnica,al_hr_pe.edu_inst_250920454
edu_career_250928655_111015,111015,Educación Inicial,al_hr_pe.edu_inst_250928655
edu_career_250928655_112015,112015,Educación Primaria,al_hr_pe.edu_inst_250928655
edu_career_250928655_121075,121075,"Educación Secundaria, Especialidad: Comunicación",al_hr_pe.edu_inst_250928655
edu_career_250928655_121085,121085,"Educación Secundaria, Especialidad: Matemática",al_hr_pe.edu_inst_250928655
edu_career_250928846_111015,111015,Educación Inicial,al_hr_pe.edu_inst_250928846
edu_career_250928846_112015,112015,Educación Primaria,al_hr_pe.edu_inst_250928846
edu_career_250928846_121015,121015,Educación En Computación E Informática,al_hr_pe.edu_inst_250928846
edu_career_250928846_121025,121025,Educación En Idiomas - Inglés,al_hr_pe.edu_inst_250928846
edu_career_250928846_121075,121075,"Educación Secundaria, Especialidad: Comunicación",al_hr_pe.edu_inst_250928846
edu_career_250928846_121085,121085,"Educación Secundaria, Especialidad: Matemática",al_hr_pe.edu_inst_250928846
edu_career_250931519_111015,111015,Educación Inicial,al_hr_pe.edu_inst_250931519
edu_career_250931519_112015,112015,Educación Primaria,al_hr_pe.edu_inst_250931519
edu_career_250931519_121035,121035,Educación Para El Trabajo,al_hr_pe.edu_inst_250931519
edu_career_250931519_121055,121055,"Educación Secundaria, Especialidad: Ciencia, Tecnología Y Ambiente",al_hr_pe.edu_inst_250931519
edu_career_250931519_121075,121075,"Educación Secundaria, Especialidad: Comunicación",al_hr_pe.edu_inst_250931519
edu_career_250931550_111015,111015,Educación Inicial,al_hr_pe.edu_inst_250931550
edu_career_250931550_112015,112015,Educación Primaria,al_hr_pe.edu_inst_250931550
edu_career_250933168_111015,111015,Educación Inicial,al_hr_pe.edu_inst_250933168
edu_career_250933168_112015,112015,Educación Primaria,al_hr_pe.edu_inst_250933168
edu_career_250933168_121055,121055,"Educación Secundaria, Especialidad: Ciencia, Tecnología Y Ambiente",al_hr_pe.edu_inst_250933168
edu_career_250933168_121095,121095,Educación Secundaria Técnica,al_hr_pe.edu_inst_250933168
edu_career_250933242_111015,111015,Educación Inicial,al_hr_pe.edu_inst_250933242
edu_career_250933242_112015,112015,Educación Primaria,al_hr_pe.edu_inst_250933242
edu_career_250933242_121075,121075,"Educación Secundaria, Especialidad: Comunicación",al_hr_pe.edu_inst_250933242
edu_career_250933242_131015,131015,Educación Física,al_hr_pe.edu_inst_250933242
edu_career_250933622_111015,111015,Educación Inicial,al_hr_pe.edu_inst_250933622
edu_career_250933622_112015,112015,Educación Primaria,al_hr_pe.edu_inst_250933622
edu_career_250933622_131015,131015,Educación Física,al_hr_pe.edu_inst_250933622
edu_career_250934158_111015,111015,Educación Inicial,al_hr_pe.edu_inst_250934158
edu_career_250934158_112015,112015,Educación Primaria,al_hr_pe.edu_inst_250934158
edu_career_250934158_121065,121065,"Educación Secundaria, Especialidad: Ciencias Sociales",al_hr_pe.edu_inst_250934158
edu_career_250934158_121075,121075,"Educación Secundaria, Especialidad: Comunicación",al_hr_pe.edu_inst_250934158
edu_career_251026806_112015,112015,Educacion Primaria,al_hr_pe.edu_inst_251026806
edu_career_251026806_131015,131015,Educación Física,al_hr_pe.edu_inst_251026806
edu_career_251026830_111015,111015,Educación Inicial,al_hr_pe.edu_inst_251026830
edu_career_251026830_112015,112015,Educación Primaria,al_hr_pe.edu_inst_251026830
edu_career_251026830_121015,121015,Educación En Computación E Informática,al_hr_pe.edu_inst_251026830
edu_career_251026830_121055,121055,"Educación Secundaria, Especialidad: Ciencia, Tecnología Y Ambiente",al_hr_pe.edu_inst_251026830
edu_career_251026830_121075,121075,"Educación Secundaria, Especialidad: Comunicación",al_hr_pe.edu_inst_251026830
edu_career_251026830_121085,121085,"Educación Secundaria, Especialidad: Matemática",al_hr_pe.edu_inst_251026830
edu_career_251026830_121095,121095,Educación Secundaria Técnica,al_hr_pe.edu_inst_251026830
edu_career_251026830_342025,342025,Contabilidad,al_hr_pe.edu_inst_251026830
edu_career_251026830_441095,441095,Computación E Informática,al_hr_pe.edu_inst_251026830
edu_career_251027093_112015,112015,Educación Primaria,al_hr_pe.edu_inst_251027093
edu_career_251027093_121075,121075,"Educación Secundaria, Especialidad: Comunicación",al_hr_pe.edu_inst_251027093
edu_career_251027473_111015,111015,Educación Inicial,al_hr_pe.edu_inst_251027473
edu_career_251027473_112015,112015,Educación Primaria,al_hr_pe.edu_inst_251027473
edu_career_251027473_121075,121075,"Educación Secundaria, Especialidad: Comunicación",al_hr_pe.edu_inst_251027473
edu_career_251027473_121085,121085,"Educación Secundaria, Especialidad: Matemática",al_hr_pe.edu_inst_251027473
edu_career_251029305_111015,111015,Educación Inicial,al_hr_pe.edu_inst_251029305
edu_career_251029305_112015,112015,Educación Primaria,al_hr_pe.edu_inst_251029305
edu_career_251029305_121015,121015,Educación En Computación E Informática,al_hr_pe.edu_inst_251029305
edu_career_251029305_121075,121075,"Educación Secundaria, Especialidad: Comunicación",al_hr_pe.edu_inst_251029305
edu_career_251029305_121085,121085,"Educación Secundaria, Especialidad: Matemática",al_hr_pe.edu_inst_251029305
edu_career_251029313_112015,112015,Educación Primaria,al_hr_pe.edu_inst_251029313
edu_career_251029313_121015,121015,Educación En Computación E Informática,al_hr_pe.edu_inst_251029313
edu_career_251029313_121075,121075,"Educación Secundaria, Especialidad: Comunicación",al_hr_pe.edu_inst_251029313
edu_career_251029313_121085,121085,"Educación Secundaria, Especialidad: Matemática",al_hr_pe.edu_inst_251029313
edu_career_251029669_112015,112015,Educación Primaria,al_hr_pe.edu_inst_251029669
edu_career_251029669_121085,121085,"Educación Secundaria, Especialidad: Matemática",al_hr_pe.edu_inst_251029669
edu_career_251029800_111015,111015,Educación Inicial,al_hr_pe.edu_inst_251029800
edu_career_251029800_112015,112015,Educación Primaria,al_hr_pe.edu_inst_251029800
edu_career_251029800_121065,121065,"Educación Secundaria, Especialidad: Ciencias Sociales",al_hr_pe.edu_inst_251029800
edu_career_251029800_121075,121075,"Educación Secundaria, Especialidad: Comunicación",al_hr_pe.edu_inst_251029800
edu_career_251029800_121085,121085,"Educación Secundaria, Especialidad: Matemática",al_hr_pe.edu_inst_251029800
edu_career_251029909_111015,111015,Educación Inicial,al_hr_pe.edu_inst_251029909
edu_career_251029909_121055,121055,"Educación Secundaria, Especialidad: Ciencia, Tecnología Y Ambiente",al_hr_pe.edu_inst_251029909
edu_career_251029909_121075,121075,"Educación Secundaria, Especialidad: Comunicación",al_hr_pe.edu_inst_251029909
edu_career_251029909_121085,121085,"Educación Secundaria, Especialidad: Matemática",al_hr_pe.edu_inst_251029909
edu_career_251058551_112015,112015,Educación Primaria,al_hr_pe.edu_inst_251058551
edu_career_251058551_121015,121015,Educación En Computación E Informática,al_hr_pe.edu_inst_251058551
edu_career_251058551_121045,121045,Educación Religiosa,al_hr_pe.edu_inst_251058551
edu_career_251058551_121075,121075,"Educación Secundaria, Especialidad: Comunicación",al_hr_pe.edu_inst_251058551
edu_career_251066216_111015,111015,Educación Inicial,al_hr_pe.edu_inst_251066216
edu_career_251066216_112015,112015,Educación Primaria,al_hr_pe.edu_inst_251066216
edu_career_251066216_121065,121065,"Educación Secundaria, Especialidad: Ciencias Sociales",al_hr_pe.edu_inst_251066216
edu_career_251066216_121075,121075,"Educación Secundaria, Especialidad: Comunicación",al_hr_pe.edu_inst_251066216
edu_career_251066216_121085,121085,"Educación Secundaria, Especialidad: Matemática",al_hr_pe.edu_inst_251066216
edu_career_251066414_111015,111015,Educación Inicial,al_hr_pe.edu_inst_251066414
edu_career_251066414_112015,112015,Educación Primaria,al_hr_pe.edu_inst_251066414
edu_career_251066414_121075,121075,"Educación Secundaria, Especialidad: Comunicación",al_hr_pe.edu_inst_251066414
edu_career_251066414_121085,121085,"Educación Secundaria, Especialidad: Matemática",al_hr_pe.edu_inst_251066414
edu_career_251067057_111015,111015,Educación Inicial,al_hr_pe.edu_inst_251067057
edu_career_251067057_112015,112015,Educación Primaria,al_hr_pe.edu_inst_251067057
edu_career_251067057_121075,121075,"Educación Secundaria, Especialidad: Comunicación",al_hr_pe.edu_inst_251067057
edu_career_251067057_121085,121085,"Educación Secundaria, Especialidad: Matemática",al_hr_pe.edu_inst_251067057
edu_career_251067131_111015,111015,Educación Inicial,al_hr_pe.edu_inst_251067131
edu_career_251067131_112015,112015,Educación Primaria,al_hr_pe.edu_inst_251067131
edu_career_251067131_121075,121075,"Educación Secundaria, Especialidad: Comunicación",al_hr_pe.edu_inst_251067131
edu_career_251067131_121085,121085,"Educación Secundaria, Especialidad: Matemática",al_hr_pe.edu_inst_251067131
edu_career_251067172_111015,111015,Educación Inicial,al_hr_pe.edu_inst_251067172
edu_career_251067172_112015,112015,Educación Primaria,al_hr_pe.edu_inst_251067172
edu_career_251067172_121015,121015,Educación En Computación E Informática,al_hr_pe.edu_inst_251067172
edu_career_251067172_121025,121025,Educación En Idiomas - Inglés,al_hr_pe.edu_inst_251067172
edu_career_251067172_121055,121055,"Educación Secundaria, Especialidad: Ciencia, Tecnología Y Ambiente",al_hr_pe.edu_inst_251067172
edu_career_251067172_121085,121085,"Educación Secundaria, Especialidad: Matemática",al_hr_pe.edu_inst_251067172
edu_career_251067172_131015,131015,Educación Física,al_hr_pe.edu_inst_251067172
edu_career_251101716_112015,112015,Educación Primaria,al_hr_pe.edu_inst_251101716
edu_career_251101716_121035,121035,Educación Para El Trabajo,al_hr_pe.edu_inst_251101716
edu_career_251101716_121045,121045,Educación Religiosa,al_hr_pe.edu_inst_251101716
edu_career_251101716_121065,121065,"Educación Secundaria, Especialidad: Ciencias Sociales",al_hr_pe.edu_inst_251101716
edu_career_251101716_121075,121075,"Educación Secundaria, Especialidad: Comunicación",al_hr_pe.edu_inst_251101716
edu_career_251101716_121085,121085,"Educación Secundaria, Especialidad: Matemática",al_hr_pe.edu_inst_251101716
edu_career_251112044_111015,111015,Educación Inicial,al_hr_pe.edu_inst_251112044
edu_career_251112044_112015,112015,Educación Primaria,al_hr_pe.edu_inst_251112044
edu_career_251112044_121055,121055,"Educación Secundaria, Especialidad: Ciencia, Tecnología Y Ambiente",al_hr_pe.edu_inst_251112044
edu_career_251112044_121065,121065,"Educación Secundaria, Especialidad: Ciencias Sociales",al_hr_pe.edu_inst_251112044
edu_career_251112044_121075,121075,"Educación Secundaria, Especialidad: Comunicación",al_hr_pe.edu_inst_251112044
edu_career_251112044_121085,121085,"Educación Secundaria, Especialidad: Matemática",al_hr_pe.edu_inst_251112044
edu_career_251112044_131015,131015,Educación Física,al_hr_pe.edu_inst_251112044
edu_career_251113224_112015,112015,Educación Primaria,al_hr_pe.edu_inst_251113224
edu_career_251113224_121055,121055,"Educación Secundaria, Especialidad: Ciencia, Tecnología Y Ambiente",al_hr_pe.edu_inst_251113224
edu_career_251113224_121075,121075,"Educación Secundaria, Especialidad: Comunicación",al_hr_pe.edu_inst_251113224
edu_career_251113224_121085,121085,"Educación Secundaria, Especialidad: Matemática",al_hr_pe.edu_inst_251113224
edu_career_251113224_131015,131015,Educación Física,al_hr_pe.edu_inst_251113224
edu_career_251113729_111015,111015,Educación Inicial,al_hr_pe.edu_inst_251113729
edu_career_251113729_112015,112015,Educación Primaria,al_hr_pe.edu_inst_251113729
edu_career_251113729_121015,121015,Educación En Computación E Informática,al_hr_pe.edu_inst_251113729
edu_career_251113729_121055,121055,"Educación Secundaria, Especialidad: Ciencia, Tecnología Y Ambiente",al_hr_pe.edu_inst_251113729
edu_career_251113729_121065,121065,"Educación Secundaria, Especialidad: Ciencias Sociales",al_hr_pe.edu_inst_251113729
edu_career_251113729_121075,121075,"Educación Secundaria, Especialidad: Comunicación",al_hr_pe.edu_inst_251113729
edu_career_251113729_121095,121095,Educación Secundaria Técnica,al_hr_pe.edu_inst_251113729
edu_career_251113729_131015,131015,Educación Física,al_hr_pe.edu_inst_251113729
edu_career_251114081_111015,111015,Educación Inicial,al_hr_pe.edu_inst_251114081
edu_career_251114081_112015,112015,Educación Primaria,al_hr_pe.edu_inst_251114081
edu_career_251114081_121065,121065,"Educación Secundaria, Especialidad: Ciencias Sociales",al_hr_pe.edu_inst_251114081
edu_career_251114081_121075,121075,"Educación Secundaria, Especialidad: Comunicación",al_hr_pe.edu_inst_251114081
edu_career_251114081_121085,121085,"Educación Secundaria, Especialidad: Matemática",al_hr_pe.edu_inst_251114081
edu_career_251114131_111015,111015,Educación Inicial,al_hr_pe.edu_inst_251114131
edu_career_251114131_112015,112015,Educación Primaria,al_hr_pe.edu_inst_251114131
edu_career_251114131_131015,131015,Educación Física,al_hr_pe.edu_inst_251114131
edu_career_251114321_111015,111015,Educación Inicial,al_hr_pe.edu_inst_251114321
edu_career_251114321_112015,112015,Educación Primaria,al_hr_pe.edu_inst_251114321
edu_career_251114321_121055,121055,"Educación Secundaria, Especialidad: Ciencia, Tecnología Y Ambiente",al_hr_pe.edu_inst_251114321
edu_career_251114321_121065,121065,"Educación Secundaria, Especialidad: Ciencias Sociales",al_hr_pe.edu_inst_251114321
edu_career_251114321_121075,121075,"Educación Secundaria, Especialidad: Comunicación",al_hr_pe.edu_inst_251114321
edu_career_251114321_121085,121085,"Educación Secundaria, Especialidad: Matemática",al_hr_pe.edu_inst_251114321
edu_career_251114362_111015,111015,Educación Inicial,al_hr_pe.edu_inst_251114362
edu_career_251114362_112015,112015,Educación Primaria,al_hr_pe.edu_inst_251114362
edu_career_251114362_121075,121075,"Educación Secundaria, Especialidad: Comunicación",al_hr_pe.edu_inst_251114362
edu_career_251114362_121085,121085,"Educación Secundaria, Especialidad: Matemática",al_hr_pe.edu_inst_251114362
edu_career_251114404_111015,111015,Educación Inicial,al_hr_pe.edu_inst_251114404
edu_career_251114404_112015,112015,Educación Primaria,al_hr_pe.edu_inst_251114404
edu_career_251114404_131015,131015,Educación Física,al_hr_pe.edu_inst_251114404
edu_career_251114446_111015,111015,Educación Inicial,al_hr_pe.edu_inst_251114446
edu_career_251114446_112015,112015,Educación Primaria,al_hr_pe.edu_inst_251114446
edu_career_251114446_121015,121015,Educación En Computación E Informática,al_hr_pe.edu_inst_251114446
edu_career_251114446_121075,121075,"Educación Secundaria, Especialidad: Comunicación",al_hr_pe.edu_inst_251114446
edu_career_251114701_111015,111015,Educación Inicial,al_hr_pe.edu_inst_251114701
edu_career_251114701_112015,112015,Educación Primaria,al_hr_pe.edu_inst_251114701
edu_career_251114701_121075,121075,"Educación Secundaria, Especialidad: Comunicación",al_hr_pe.edu_inst_251114701
edu_career_251114701_121085,121085,"Educación Secundaria, Especialidad: Matemática",al_hr_pe.edu_inst_251114701
edu_career_251114735_121045,121045,Educación Religiosa,al_hr_pe.edu_inst_251114735
edu_career_251115088_111015,111015,Educación Inicial,al_hr_pe.edu_inst_251115088
edu_career_251115088_112015,112015,Educación Primaria,al_hr_pe.edu_inst_251115088
edu_career_251115088_121015,121015,Educación En Computación E Informática,al_hr_pe.edu_inst_251115088
edu_career_251115088_121055,121055,"Educación Secundaria, Especialidad: Ciencia, Tecnología Y Ambiente",al_hr_pe.edu_inst_251115088
edu_career_251115088_121085,121085,"Educación Secundaria, Especialidad: Matemática",al_hr_pe.edu_inst_251115088
edu_career_251115120_111015,111015,Educación Inicial,al_hr_pe.edu_inst_251115120
edu_career_251115120_112015,112015,Educación Primaria,al_hr_pe.edu_inst_251115120
edu_career_251115138_111015,111015,Educación Inicial,al_hr_pe.edu_inst_251115138
edu_career_251115138_112015,112015,Educación Primaria,al_hr_pe.edu_inst_251115138
edu_career_251115328_111015,111015,Educación Inicial,al_hr_pe.edu_inst_251115328
edu_career_251115328_112015,112015,Educación Primaria,al_hr_pe.edu_inst_251115328
edu_career_251115328_121085,121085,"Educación Secundaria, Especialidad: Matemática",al_hr_pe.edu_inst_251115328
edu_career_251115443_111015,111015,Educación Inicial,al_hr_pe.edu_inst_251115443
edu_career_251115443_112015,112015,Educación Primaria,al_hr_pe.edu_inst_251115443
edu_career_251115443_121065,121065,"Educación Secundaria, Especialidad: Ciencias Sociales",al_hr_pe.edu_inst_251115443
edu_career_251115443_121095,121095,Educación Secundaria Técnica,al_hr_pe.edu_inst_251115443
edu_career_251123249_111015,111015,Educación Inicial,al_hr_pe.edu_inst_251123249
edu_career_251123249_112015,112015,Educación Primaria,al_hr_pe.edu_inst_251123249
edu_career_251123249_121015,121015,Educación En Computación E Informática,al_hr_pe.edu_inst_251123249
edu_career_251123397_111015,111015,Educación Inicial,al_hr_pe.edu_inst_251123397
edu_career_251123397_112015,112015,Educación Primaria,al_hr_pe.edu_inst_251123397
edu_career_251124247_111015,111015,Educación Inicial,al_hr_pe.edu_inst_251124247
edu_career_251124247_112015,112015,Educación Primaria,al_hr_pe.edu_inst_251124247
edu_career_251124247_121075,121075,"Educación Secundaria, Especialidad: Comunicación",al_hr_pe.edu_inst_251124247
edu_career_251124247_121085,121085,"Educación Secundaria, Especialidad: Matemática",al_hr_pe.edu_inst_251124247
edu_career_251124270_111015,111015,Educación Inicial,al_hr_pe.edu_inst_251124270
edu_career_251124270_112015,112015,Educación Primaria,al_hr_pe.edu_inst_251124270
edu_career_251124270_121015,121015,Educación En Computación E Informática,al_hr_pe.edu_inst_251124270
edu_career_251124270_121025,121025,Educación En Idiomas - Inglés,al_hr_pe.edu_inst_251124270
edu_career_251124270_121065,121065,"Educación Secundaria, Especialidad: Ciencias Sociales",al_hr_pe.edu_inst_251124270
edu_career_251124270_121075,121075,"Educación Secundaria, Especialidad: Comunicación",al_hr_pe.edu_inst_251124270
edu_career_251124270_121085,121085,"Educación Secundaria, Especialidad: Matemática",al_hr_pe.edu_inst_251124270
edu_career_251124270_131015,131015,Educación Física,al_hr_pe.edu_inst_251124270
edu_career_251125111_121045,121045,Educación Religiosa,al_hr_pe.edu_inst_251125111
edu_career_251125764_111015,111015,Educación Inicial,al_hr_pe.edu_inst_251125764
edu_career_251125764_112015,112015,Educación Primaria,al_hr_pe.edu_inst_251125764
edu_career_251125764_121065,121065,"Educación Secundaria, Especialidad: Ciencias Sociales",al_hr_pe.edu_inst_251125764
edu_career_251125764_121075,121075,"Educación Secundaria, Especialidad: Comunicación",al_hr_pe.edu_inst_251125764
edu_career_251125764_121085,121085,"Educación Secundaria, Especialidad: Matemática",al_hr_pe.edu_inst_251125764
edu_career_251132703_112015,112015,Educación Primaria,al_hr_pe.edu_inst_251132703
edu_career_251132703_121075,121075,"Educación Secundaria, Especialidad: Comunicación",al_hr_pe.edu_inst_251132703
edu_career_251135292_111015,111015,Educación Inicial,al_hr_pe.edu_inst_251135292
edu_career_251135292_112015,112015,Educación Primaria,al_hr_pe.edu_inst_251135292
edu_career_251135292_121065,121065,"Educación Secundaria, Especialidad: Ciencias Sociales",al_hr_pe.edu_inst_251135292
edu_career_251135292_121075,121075,"Educación Secundaria, Especialidad: Comunicación",al_hr_pe.edu_inst_251135292
edu_career_251135292_121085,121085,"Educación Secundaria, Especialidad: Matemática",al_hr_pe.edu_inst_251135292
edu_career_251135300_111015,111015,Educación Inicial,al_hr_pe.edu_inst_251135300
edu_career_251135300_112015,112015,Educación Primaria,al_hr_pe.edu_inst_251135300
edu_career_251135300_121015,121015,Educación En Computación E Informática,al_hr_pe.edu_inst_251135300
edu_career_251135300_121055,121055,"Educación Secundaria, Especialidad: Ciencia, Tecnología Y Ambiente",al_hr_pe.edu_inst_251135300
edu_career_251135300_121075,121075,"Educación Secundaria, Especialidad: Comunicación",al_hr_pe.edu_inst_251135300
edu_career_251135300_121085,121085,"Educación Secundaria, Especialidad: Matemática",al_hr_pe.edu_inst_251135300
edu_career_251135300_131015,131015,Educación Física,al_hr_pe.edu_inst_251135300
edu_career_251140144_112015,112015,Educación Primaria,al_hr_pe.edu_inst_251140144
edu_career_251140144_121015,121015,Educación En Computación E Informática,al_hr_pe.edu_inst_251140144
edu_career_251140144_121025,121025,Educación En Idiomas - Inglés,al_hr_pe.edu_inst_251140144
edu_career_251140144_121075,121075,"Educación Secundaria, Especialidad: Comunicación",al_hr_pe.edu_inst_251140144
edu_career_251140144_121085,121085,"Educación Secundaria, Especialidad: Matemática",al_hr_pe.edu_inst_251140144
edu_career_251141167_112015,112015,Educación Primaria,al_hr_pe.edu_inst_251141167
edu_career_251141167_121015,121015,Educación En Computación E Informática,al_hr_pe.edu_inst_251141167
edu_career_251141167_121085,121085,"Educación Secundaria, Especialidad: Matemática",al_hr_pe.edu_inst_251141167
edu_career_251141167_131015,131015,Educación Física,al_hr_pe.edu_inst_251141167
edu_career_251141209_112015,112015,Educación Primaria,al_hr_pe.edu_inst_251141209
edu_career_251141209_121065,121065,"Educación Secundaria, Especialidad: Ciencias Sociales",al_hr_pe.edu_inst_251141209
edu_career_251141209_121075,121075,"Educación Secundaria, Especialidad: Comunicación",al_hr_pe.edu_inst_251141209
edu_career_251141209_121085,121085,"Educación Secundaria, Especialidad: Matemática",al_hr_pe.edu_inst_251141209
edu_career_251143536_111015,111015,Educación Inicial,al_hr_pe.edu_inst_251143536
edu_career_251143536_112015,112015,Educación Primaria,al_hr_pe.edu_inst_251143536
edu_career_251143536_121015,121015,Educación En Computación E Informática,al_hr_pe.edu_inst_251143536
edu_career_251143536_121025,121025,Educación En Idiomas - Inglés,al_hr_pe.edu_inst_251143536
edu_career_251143536_121065,121065,"Educación Secundaria, Especialidad: Ciencias Sociales",al_hr_pe.edu_inst_251143536
edu_career_251143536_121075,121075,"Educación Secundaria, Especialidad: Comunicación",al_hr_pe.edu_inst_251143536
edu_career_251143536_121085,121085,"Educación Secundaria, Especialidad: Matemática",al_hr_pe.edu_inst_251143536
edu_career_251143536_121095,121095,Educación Secundaria Técnica,al_hr_pe.edu_inst_251143536
edu_career_251143536_131015,131015,Educación Física,al_hr_pe.edu_inst_251143536
edu_career_251154210_112025,112025,Educación Primaria (Intercultural Y Bilingüe),al_hr_pe.edu_inst_251154210
edu_career_251154210_121015,121015,Educación En Computación E Informática,al_hr_pe.edu_inst_251154210
edu_career_251154210_121025,121025,Educación En Idiomas - Inglés,al_hr_pe.edu_inst_251154210
edu_career_251154210_121035,121035,Educación Para El Trabajo,al_hr_pe.edu_inst_251154210
edu_career_251158484_111015,111015,Educación Inicial,al_hr_pe.edu_inst_251158484
edu_career_251158484_112015,112015,Educación Primaria,al_hr_pe.edu_inst_251158484
edu_career_251158484_121065,121065,"Educación Secundaria, Especialidad: Ciencias Sociales",al_hr_pe.edu_inst_251158484
edu_career_251158484_121085,121085,"Educación Secundaria, Especialidad: Matemática",al_hr_pe.edu_inst_251158484
edu_career_251172279_111015,111015,Educacion Inicial,al_hr_pe.edu_inst_251172279
edu_career_251172279_112015,112015,Educacion Primaria,al_hr_pe.edu_inst_251172279
edu_career_251174424_111015,111015,Educación Inicial,al_hr_pe.edu_inst_251174424
edu_career_251174424_112015,112015,Educación Primaria,al_hr_pe.edu_inst_251174424
edu_career_251174424_121055,121055,"Educación Secundaria, Especialidad: Ciencia, Tecnología Y Ambiente",al_hr_pe.edu_inst_251174424
edu_career_251174424_121075,121075,"Educación Secundaria, Especialidad: Comunicación",al_hr_pe.edu_inst_251174424
edu_career_251174424_121085,121085,"Educación Secundaria, Especialidad: Matemática",al_hr_pe.edu_inst_251174424
edu_career_251174507_111015,111015,Educación Inicial,al_hr_pe.edu_inst_251174507
edu_career_251174507_112015,112015,Educación Primaria,al_hr_pe.edu_inst_251174507
edu_career_251174507_121075,121075,"Educación Secundaria, Especialidad: Comunicación",al_hr_pe.edu_inst_251174507
edu_career_251174507_121085,121085,"Educación Secundaria, Especialidad: Matemática",al_hr_pe.edu_inst_251174507
edu_career_251174580_111015,111015,Educación Inicial,al_hr_pe.edu_inst_251174580
edu_career_251174580_112015,112015,Educación Primaria,al_hr_pe.edu_inst_251174580
edu_career_251174580_121015,121015,Educación En Computación E Informática,al_hr_pe.edu_inst_251174580
edu_career_251174580_121025,121025,Educación En Idiomas - Inglés,al_hr_pe.edu_inst_251174580
edu_career_251174580_121075,121075,"Educación Secundaria, Especialidad: Comunicación",al_hr_pe.edu_inst_251174580
edu_career_251174580_121085,121085,"Educación Secundaria, Especialidad: Matemática",al_hr_pe.edu_inst_251174580
edu_career_251174580_131015,131015,Educación Física,al_hr_pe.edu_inst_251174580
edu_career_251192954_111015,111015,Educación Inicial,al_hr_pe.edu_inst_251192954
edu_career_251192954_112015,112015,Educación Primaria,al_hr_pe.edu_inst_251192954
edu_career_251192954_121015,121015,Educación En Computación E Informática,al_hr_pe.edu_inst_251192954
edu_career_251192954_121045,121045,Educación Religiosa,al_hr_pe.edu_inst_251192954
edu_career_251192954_121065,121065,"Educación Secundaria, Especialidad: Ciencias Sociales",al_hr_pe.edu_inst_251192954
edu_career_251192996_111015,111015,Educación Inicial,al_hr_pe.edu_inst_251192996
edu_career_251192996_112015,112015,Educación Primaria,al_hr_pe.edu_inst_251192996
edu_career_251192996_121015,121015,Educación En Computación E Informática,al_hr_pe.edu_inst_251192996
edu_career_251192996_121095,121095,Educación Secundaria Técnica,al_hr_pe.edu_inst_251192996
edu_career_251196336_111015,111015,Educación Inicial,al_hr_pe.edu_inst_251196336
edu_career_251196336_112015,112015,Educación Primaria,al_hr_pe.edu_inst_251196336
edu_career_251196336_121075,121075,"Educación Secundaria, Especialidad: Comunicación",al_hr_pe.edu_inst_251196336
edu_career_251196336_121085,121085,"Educación Secundaria, Especialidad: Matemática",al_hr_pe.edu_inst_251196336
edu_career_251198019_111015,111015,Educación Inicial,al_hr_pe.edu_inst_251198019
edu_career_251198019_112015,112015,Educación Primaria,al_hr_pe.edu_inst_251198019
edu_career_251198019_121075,121075,"Educación Secundaria, Especialidad: Comunicación",al_hr_pe.edu_inst_251198019
edu_career_251200591_112015,112015,Educación Primaria,al_hr_pe.edu_inst_251200591
edu_career_251200591_121015,121015,Educación En Computación E Informática,al_hr_pe.edu_inst_251200591
edu_career_251200591_121075,121075,"Educación Secundaria, Especialidad: Comunicación",al_hr_pe.edu_inst_251200591
edu_career_251232891_111015,111015,Educación Inicial,al_hr_pe.edu_inst_251232891
edu_career_251232891_112015,112015,Educación Primaria,al_hr_pe.edu_inst_251232891
edu_career_251232891_121075,121075,"Educación Secundaria, Especialidad: Comunicación",al_hr_pe.edu_inst_251232891
edu_career_251243211_112015,112015,Educación Primaria,al_hr_pe.edu_inst_251243211
edu_career_251243211_121015,121015,Educación En Computación E Informática,al_hr_pe.edu_inst_251243211
edu_career_251243211_121025,121025,Educación En Idiomas - Inglés,al_hr_pe.edu_inst_251243211
edu_career_251243211_121065,121065,"Educación Secundaria, Especialidad: Ciencias Sociales",al_hr_pe.edu_inst_251243211
edu_career_251243211_121075,121075,"Educación Secundaria, Especialidad: Comunicación",al_hr_pe.edu_inst_251243211
edu_career_251245380_112025,112025,Educación Primaria (Intercultural Y Bilingüe),al_hr_pe.edu_inst_251245380
edu_career_251254739_111015,111015,Educación Inicial,al_hr_pe.edu_inst_251254739
edu_career_251254739_112015,112015,Educación Primaria,al_hr_pe.edu_inst_251254739
edu_career_251254739_121015,121015,Educación En Computación E Informática,al_hr_pe.edu_inst_251254739
edu_career_251254739_121025,121025,Educación En Idiomas - Inglés,al_hr_pe.edu_inst_251254739
edu_career_251254739_121085,121085,"Educación Secundaria, Especialidad: Matemática",al_hr_pe.edu_inst_251254739
edu_career_251254739_131015,131015,Educación Física,al_hr_pe.edu_inst_251254739
edu_career_251255389_111015,111015,Educación Inicial,al_hr_pe.edu_inst_251255389
edu_career_251255389_112015,112015,Educación Primaria,al_hr_pe.edu_inst_251255389
edu_career_251255389_121015,121015,Educación En Computación E Informática,al_hr_pe.edu_inst_251255389
edu_career_251255389_131015,131015,Educación Física,al_hr_pe.edu_inst_251255389
edu_career_251255587_112015,112015,Educación Primaria,al_hr_pe.edu_inst_251255587
edu_career_251255629_111015,111015,Educación Inicial,al_hr_pe.edu_inst_251255629
edu_career_251255629_112015,112015,Educación Primaria,al_hr_pe.edu_inst_251255629
edu_career_251256775_111015,111015,Educación Inicial,al_hr_pe.edu_inst_251256775
edu_career_251256775_112015,112015,Educación Primaria,al_hr_pe.edu_inst_251256775
edu_career_251256775_121015,121015,Educación En Computación E Informática,al_hr_pe.edu_inst_251256775
edu_career_251256775_121065,121065,"Educación Secundaria, Especialidad: Ciencias Sociales",al_hr_pe.edu_inst_251256775
edu_career_251257013_111015,111015,Educación Inicial,al_hr_pe.edu_inst_251257013
edu_career_251257013_112015,112015,Educación Primaria,al_hr_pe.edu_inst_251257013
edu_career_251257013_121015,121015,Educación En Computación E Informática,al_hr_pe.edu_inst_251257013
edu_career_251257013_121055,121055,"Educación Secundaria, Especialidad: Ciencia, Tecnología Y Ambiente",al_hr_pe.edu_inst_251257013
edu_career_251257013_121075,121075,"Educación Secundaria, Especialidad: Comunicación",al_hr_pe.edu_inst_251257013
edu_career_251257013_121085,121085,"Educación Secundaria, Especialidad: Matemática",al_hr_pe.edu_inst_251257013
edu_career_251257013_131015,131015,Educación Física,al_hr_pe.edu_inst_251257013
edu_career_251272145_111015,111015,Educación Inicial,al_hr_pe.edu_inst_251272145
edu_career_251272145_112015,112015,Educación Primaria,al_hr_pe.edu_inst_251272145
edu_career_251272145_121015,121015,Educación En Computación E Informática,al_hr_pe.edu_inst_251272145
edu_career_251272145_121075,121075,"Educación Secundaria, Especialidad: Comunicación",al_hr_pe.edu_inst_251272145
edu_career_251272145_121085,121085,"Educación Secundaria, Especialidad: Matemática",al_hr_pe.edu_inst_251272145
edu_career_251321769_121025,121025,Educación En Idiomas - Inglés,al_hr_pe.edu_inst_251321769
edu_career_251325794_121045,121045,Educación Religiosa,al_hr_pe.edu_inst_251325794
edu_career_251345081_111015,111015,Educación Inicial,al_hr_pe.edu_inst_251345081
edu_career_251386531_111015,111015,Educación Inicial,al_hr_pe.edu_inst_251386531
edu_career_251386531_112015,112015,Educación Primaria,al_hr_pe.edu_inst_251386531
edu_career_251394196_111015,111015,Educación Inicial,al_hr_pe.edu_inst_251394196
edu_career_251421106_112015,112015,Educación Primaria,al_hr_pe.edu_inst_251421106
edu_career_251421106_121015,121015,Educación En Computación E Informática,al_hr_pe.edu_inst_251421106
edu_career_251421106_121075,121075,"Educación Secundaria, Especialidad: Comunicación",al_hr_pe.edu_inst_251421106
edu_career_251450915_111015,111015,Educación Inicial,al_hr_pe.edu_inst_251450915
edu_career_251450915_112015,112015,Educación Primaria,al_hr_pe.edu_inst_251450915
edu_career_251450915_121075,121075,"Educación Secundaria, Especialidad: Comunicación",al_hr_pe.edu_inst_251450915
edu_career_251450915_131015,131015,Educación Física,al_hr_pe.edu_inst_251450915
edu_career_251451608_112015,112015,Educación Primaria,al_hr_pe.edu_inst_251451608
edu_career_251461144_111015,111015,Educacion Inicial,al_hr_pe.edu_inst_251461144
edu_career_251461144_112015,112015,Educacion Primaria,al_hr_pe.edu_inst_251461144
edu_career_251461144_121015,121015,Educación En Computación E Informática,al_hr_pe.edu_inst_251461144
edu_career_251461144_121075,121075,"Educación Secundaria, Especialidad: Comunicación",al_hr_pe.edu_inst_251461144
edu_career_251468057_111015,111015,Educación Inicial,al_hr_pe.edu_inst_251468057
edu_career_251468057_112015,112015,Educación Primaria,al_hr_pe.edu_inst_251468057
edu_career_251468057_121085,121085,"Educación Secundaria, Especialidad: Matemática",al_hr_pe.edu_inst_251468057
edu_career_251468594_111015,111015,Educación Inicial,al_hr_pe.edu_inst_251468594
edu_career_251468594_112015,112015,Educación Primaria,al_hr_pe.edu_inst_251468594
edu_career_251468594_121085,121085,"Educación Secundaria, Especialidad: Matemática",al_hr_pe.edu_inst_251468594
edu_career_251468594_131015,131015,Educación Física,al_hr_pe.edu_inst_251468594
edu_career_251468602_151015,151015,Educacion Artistica,al_hr_pe.edu_inst_251468602
edu_career_251468610_111015,111015,Educación Inicial,al_hr_pe.edu_inst_251468610
edu_career_251595495_111015,111015,Educación Inicial,al_hr_pe.edu_inst_251595495
edu_career_251595495_112015,112015,Educación Primaria,al_hr_pe.edu_inst_251595495
edu_career_251595495_121065,121065,"Educación Secundaria, Especialidad: Ciencias Sociales",al_hr_pe.edu_inst_251595495
edu_career_251595495_121075,121075,"Educación Secundaria, Especialidad: Comunicación",al_hr_pe.edu_inst_251595495
edu_career_251595495_121085,121085,"Educación Secundaria, Especialidad: Matemática",al_hr_pe.edu_inst_251595495
edu_career_260000008_111026,111026,Educación Inicial,al_hr_pe.edu_inst_260000008
edu_career_260000008_112016,112016,Educación Primaria,al_hr_pe.edu_inst_260000008
edu_career_260000008_121016,121016,Educación Secundaria,al_hr_pe.edu_inst_260000008
edu_career_260000008_151016,151016,Educación Artística,al_hr_pe.edu_inst_260000008
edu_career_260000008_161996,161996,Educación Para El Desarrollo,al_hr_pe.edu_inst_260000008
edu_career_260000008_211016,211016,Antropología,al_hr_pe.edu_inst_260000008
edu_career_260000008_211036,211036,Arqueología,al_hr_pe.edu_inst_260000008
edu_career_260000008_212016,212016,Historia,al_hr_pe.edu_inst_260000008
edu_career_260000008_213046,213046,Lingüística Y Literatura,al_hr_pe.edu_inst_260000008
edu_career_260000008_216016,216016,Filosofía,al_hr_pe.edu_inst_260000008
edu_career_260000008_221026,221026,Humanidades,al_hr_pe.edu_inst_260000008
edu_career_260000008_221036,221036,Artes Escénicas,al_hr_pe.edu_inst_260000008
edu_career_260000008_221066,221066,Escultura,al_hr_pe.edu_inst_260000008
edu_career_260000008_221076,221076,Grabado,al_hr_pe.edu_inst_260000008
edu_career_260000008_221086,221086,Pintura,al_hr_pe.edu_inst_260000008
edu_career_260000008_222056,222056,Diseño Gráfico,al_hr_pe.edu_inst_260000008
edu_career_260000008_222076,222076,Diseño Industrial,al_hr_pe.edu_inst_260000008
edu_career_260000008_311016,311016,Sociología,al_hr_pe.edu_inst_260000008
edu_career_260000008_312036,312036,Trabajo Social,al_hr_pe.edu_inst_260000008
edu_career_260000008_313016,313016,Psicología,al_hr_pe.edu_inst_260000008
edu_career_260000008_321056,321056,Comunicación Audiovisual,al_hr_pe.edu_inst_260000008
edu_career_260000008_321096,321096,Comunicación Para El Desarrollo,al_hr_pe.edu_inst_260000008
edu_career_260000008_322026,322026,Periodismo,al_hr_pe.edu_inst_260000008
edu_career_260000008_322076,322076,Publicidad,al_hr_pe.edu_inst_260000008
edu_career_260000008_331016,331016,Administración,al_hr_pe.edu_inst_260000008
edu_career_260000008_339066,339066,Gestión Y Alta Dirección,al_hr_pe.edu_inst_260000008
edu_career_260000008_341026,341026,Economía,al_hr_pe.edu_inst_260000008
edu_career_260000008_342056,342056,Contabilidad,al_hr_pe.edu_inst_260000008
edu_career_260000008_351016,351016,Derecho,al_hr_pe.edu_inst_260000008
edu_career_260000008_352026,352026,Ciencia Política Y Gobierno,al_hr_pe.edu_inst_260000008
edu_career_260000008_421026,421026,Física,al_hr_pe.edu_inst_260000008
edu_career_260000008_422036,422036,Química,al_hr_pe.edu_inst_260000008
edu_career_260000008_431016,431016,Matemáticas,al_hr_pe.edu_inst_260000008
edu_career_260000008_441026,441026,Ciencias De La Información,al_hr_pe.edu_inst_260000008
edu_career_260000008_511156,511156,Ingeniería Informática,al_hr_pe.edu_inst_260000008
edu_career_260000008_512046,512046,Ingeniería De Las Telecomunicaciones,al_hr_pe.edu_inst_260000008
edu_career_260000008_521046,521046,Ingeniería Industrial,al_hr_pe.edu_inst_260000008
edu_career_260000008_525016,525016,Ingeniería Electrónica,al_hr_pe.edu_inst_260000008
edu_career_260000008_526036,526036,Ingeniería Mecánica,al_hr_pe.edu_inst_260000008
edu_career_260000008_526076,526076,Ingeniería Mecatrónica,al_hr_pe.edu_inst_260000008
edu_career_260000008_527016,527016,Ingeniería De Minas,al_hr_pe.edu_inst_260000008
edu_career_260000008_531016,531016,Ingeniería Civil,al_hr_pe.edu_inst_260000008
edu_career_260000008_533026,533026,Arquitectura,al_hr_pe.edu_inst_260000008
edu_career_260000008_593026,593026,Geografía Y Medio Ambiente,al_hr_pe.edu_inst_260000008
edu_career_260000014_199016,199016,Educación,al_hr_pe.edu_inst_260000014
edu_career_260000014_313016,313016,Psicología,al_hr_pe.edu_inst_260000014
edu_career_260000014_331076,331076,Administración En Salud,al_hr_pe.edu_inst_260000014
edu_career_260000014_411016,411016,Biología,al_hr_pe.edu_inst_260000014
edu_career_260000014_422036,422036,Química,al_hr_pe.edu_inst_260000014
edu_career_260000014_511156,511156,Ingeniería Informática,al_hr_pe.edu_inst_260000014
edu_career_260000014_621026,621026,Veterinaria Y Zootecnia,al_hr_pe.edu_inst_260000014
edu_career_260000014_711016,711016,Medicina,al_hr_pe.edu_inst_260000014
edu_career_260000014_713016,713016,Estomatología,al_hr_pe.edu_inst_260000014
edu_career_260000014_714016,714016,Enfermería,al_hr_pe.edu_inst_260000014
edu_career_260000014_715056,715056,Tecnología Médica,al_hr_pe.edu_inst_260000014
edu_career_260000014_716026,716026,Farmacia Y Bioquímica,al_hr_pe.edu_inst_260000014
edu_career_260000015_199016,199016,Educación,al_hr_pe.edu_inst_260000015
edu_career_260000015_216026,216026,Teología,al_hr_pe.edu_inst_260000015
edu_career_260000015_312036,312036,Trabajo Social,al_hr_pe.edu_inst_260000015
edu_career_260000015_313016,313016,Psicología,al_hr_pe.edu_inst_260000015
edu_career_260000015_321036,321036,Comunicación Social,al_hr_pe.edu_inst_260000015
edu_career_260000015_322086,322086,Publicidad Y Multimedia,al_hr_pe.edu_inst_260000015
edu_career_260000015_331036,331036,Administración De Empresas,al_hr_pe.edu_inst_260000015
edu_career_260000015_331176,331176,Ingeniería Comercial,al_hr_pe.edu_inst_260000015
edu_career_260000015_332336,332336,Turismo Y Hotelería,al_hr_pe.edu_inst_260000015
edu_career_260000015_342056,342056,Contabilidad,al_hr_pe.edu_inst_260000015
edu_career_260000015_351016,351016,Derecho,al_hr_pe.edu_inst_260000015
edu_career_260000015_411096,411096,Ingeniería Biotecnológica,al_hr_pe.edu_inst_260000015
edu_career_260000015_511026,511026,Ingeniería De Sistemas,al_hr_pe.edu_inst_260000015
edu_career_260000015_521046,521046,Ingeniería Industrial,al_hr_pe.edu_inst_260000015
edu_career_260000015_522036,522036,Ingeniería De Industria Alimentaria,al_hr_pe.edu_inst_260000015
edu_career_260000015_525016,525016,Ingeniería Electrónica,al_hr_pe.edu_inst_260000015
edu_career_260000015_526066,526066,"Ingeniería Mecánica, Mecánica Eléctrica Y Mecatrónica",al_hr_pe.edu_inst_260000015
edu_career_260000015_527016,527016,Ingeniería De Minas,al_hr_pe.edu_inst_260000015
edu_career_260000015_531016,531016,Ingeniería Civil,al_hr_pe.edu_inst_260000015
edu_career_260000015_533026,533026,Arquitectura,al_hr_pe.edu_inst_260000015
edu_career_260000015_594056,594056,Ingeniería Ambiental,al_hr_pe.edu_inst_260000015
edu_career_260000015_611116,611116,Ingeniería Agronómica,al_hr_pe.edu_inst_260000015
edu_career_260000015_621036,621036,Medicina Veterinaria Y Zootecnia,al_hr_pe.edu_inst_260000015
edu_career_260000015_711026,711026,Medicina Humana,al_hr_pe.edu_inst_260000015
edu_career_260000015_713026,713026,Odontología,al_hr_pe.edu_inst_260000015
edu_career_260000015_714016,714016,Enfermería,al_hr_pe.edu_inst_260000015
edu_career_260000015_716026,716026,Farmacia Y Bioquímica,al_hr_pe.edu_inst_260000015
edu_career_260000015_717026,717026,Obstetricia Y Puericultura,al_hr_pe.edu_inst_260000015
edu_career_260000017_331016,331016,Administración,al_hr_pe.edu_inst_260000017
edu_career_260000017_331206,331206,Ingeniería Empresarial,al_hr_pe.edu_inst_260000017
edu_career_260000017_333036,333036,Marketing,al_hr_pe.edu_inst_260000017
edu_career_260000017_335116,335116,Negocios Internacionales,al_hr_pe.edu_inst_260000017
edu_career_260000017_341026,341026,Economía,al_hr_pe.edu_inst_260000017
edu_career_260000017_342056,342056,Contabilidad,al_hr_pe.edu_inst_260000017
edu_career_260000017_351016,351016,Derecho,al_hr_pe.edu_inst_260000017
edu_career_260000017_511036,511036,Ingeniería De Sistemas De Información / Ingenieria De La Información,al_hr_pe.edu_inst_260000017
edu_career_260000018_313016,313016,Psicología,al_hr_pe.edu_inst_260000018
edu_career_260000018_321136,321136,Comunicación,al_hr_pe.edu_inst_260000018
edu_career_260000018_331016,331016,Administración,al_hr_pe.edu_inst_260000018
edu_career_260000018_333036,333036,Marketing,al_hr_pe.edu_inst_260000018
edu_career_260000018_335116,335116,Negocios Internacionales,al_hr_pe.edu_inst_260000018
edu_career_260000018_341026,341026,Economía,al_hr_pe.edu_inst_260000018
edu_career_260000018_342106,342106,Contabilidad Y Finanzas,al_hr_pe.edu_inst_260000018
edu_career_260000018_351016,351016,Derecho,al_hr_pe.edu_inst_260000018
edu_career_260000018_511026,511026,Ingeniería De Sistemas,al_hr_pe.edu_inst_260000018
edu_career_260000018_521046,521046,Ingeniería Industrial,al_hr_pe.edu_inst_260000018
edu_career_260000018_533066,533066,Arquitectura Y Gestión De Proyectos,al_hr_pe.edu_inst_260000018
edu_career_260000019_313016,313016,Psicología,al_hr_pe.edu_inst_260000019
edu_career_260000019_321026,321026,Ciencias De La Comunicación,al_hr_pe.edu_inst_260000019
edu_career_260000019_331016,331016,Administración,al_hr_pe.edu_inst_260000019
edu_career_260000019_332336,332336,Turismo Y Hotelería,al_hr_pe.edu_inst_260000019
edu_career_260000019_333036,333036,Marketing,al_hr_pe.edu_inst_260000019
edu_career_260000019_335026,335026,Administración De Negocios Internacionales,al_hr_pe.edu_inst_260000019
edu_career_260000019_339056,339056,Gestión De Recursos Humanos,al_hr_pe.edu_inst_260000019
edu_career_260000019_341026,341026,Economía,al_hr_pe.edu_inst_260000019
edu_career_260000019_342106,342106,Contabilidad Y Finanzas,al_hr_pe.edu_inst_260000019
edu_career_260000019_351016,351016,Derecho,al_hr_pe.edu_inst_260000019
edu_career_260000019_511076,511076,Ingeniería De Computación Y Sistemas,al_hr_pe.edu_inst_260000019
edu_career_260000019_521046,521046,Ingeniería Industrial,al_hr_pe.edu_inst_260000019
edu_career_260000019_522036,522036,Ingeniería De Industrias Alimentarias,al_hr_pe.edu_inst_260000019
edu_career_260000019_525016,525016,Ingeniería Electrónica,al_hr_pe.edu_inst_260000019
edu_career_260000019_531016,531016,Ingeniería Civil,al_hr_pe.edu_inst_260000019
edu_career_260000019_533026,533026,Arquitectura,al_hr_pe.edu_inst_260000019
edu_career_260000019_592016,592016,Ciencias Aeronáuticas,al_hr_pe.edu_inst_260000019
edu_career_260000019_711026,711026,Medicina Humana,al_hr_pe.edu_inst_260000019
edu_career_260000019_713026,713026,Odontología,al_hr_pe.edu_inst_260000019
edu_career_260000019_714016,714016,Enfermería,al_hr_pe.edu_inst_260000019
edu_career_260000019_717016,717016,Obstetricia,al_hr_pe.edu_inst_260000019
edu_career_260000020_111026,111026,Educación Inicial,al_hr_pe.edu_inst_260000020
edu_career_260000020_112016,112016,Educación Primaria,al_hr_pe.edu_inst_260000020
edu_career_260000020_121016,121016,Educación Secundaria,al_hr_pe.edu_inst_260000020
edu_career_260000020_141016,141016,Educación Especial,al_hr_pe.edu_inst_260000020
edu_career_260000020_214036,214036,Traducción E Interpretación,al_hr_pe.edu_inst_260000020
edu_career_260000020_311016,311016,Sociología,al_hr_pe.edu_inst_260000020
edu_career_260000020_313016,313016,Psicología,al_hr_pe.edu_inst_260000020
edu_career_260000020_321026,321026,Ciencias De La Comunicación,al_hr_pe.edu_inst_260000020
edu_career_260000020_335026,335026,Administración De Negocios Internacionales,al_hr_pe.edu_inst_260000020
edu_career_260000020_351016,351016,Derecho,al_hr_pe.edu_inst_260000020
edu_career_260000020_511086,511086,Ingeniería De Sistemas Y Gestión De Tecnologías De La Información,al_hr_pe.edu_inst_260000020
edu_career_260000020_533026,533026,Arquitectura,al_hr_pe.edu_inst_260000020
edu_career_260000020_712076,712076,Nutrición Y Dietética,al_hr_pe.edu_inst_260000020
edu_career_260000020_714016,714016,Enfermería,al_hr_pe.edu_inst_260000020
edu_career_260000024_112016,112016,Educación Primaria,al_hr_pe.edu_inst_260000024
edu_career_260000024_121016,121016,Educación Secundaria,al_hr_pe.edu_inst_260000024
edu_career_260000024_311016,311016,Sociología,al_hr_pe.edu_inst_260000024
edu_career_260000024_312036,312036,Trabajo Social,al_hr_pe.edu_inst_260000024
edu_career_260000024_313016,313016,Psicología,al_hr_pe.edu_inst_260000024
edu_career_260000024_322026,322026,Periodismo,al_hr_pe.edu_inst_260000024
edu_career_260000024_322066,322066,"Producción De Cine, Radio Y Tv",al_hr_pe.edu_inst_260000024
edu_career_260000024_322076,322076,Publicidad,al_hr_pe.edu_inst_260000024
edu_career_260000024_331146,331146,Ciencias De La Administración,al_hr_pe.edu_inst_260000024
edu_career_260000024_331166,331166,Ingeniería Administrativa,al_hr_pe.edu_inst_260000024
edu_career_260000024_332336,332336,Turismo Y Hotelería,al_hr_pe.edu_inst_260000024
edu_career_260000024_335046,335046,Comercio Exterior Y Marketing Internacional,al_hr_pe.edu_inst_260000024
edu_career_260000024_335076,335076,Gestión De Puertos Y Aduanas,al_hr_pe.edu_inst_260000024
edu_career_260000024_335096,335096,Logística Internacional,al_hr_pe.edu_inst_260000024
edu_career_260000024_335116,335116,Negocios Internacionales,al_hr_pe.edu_inst_260000024
edu_career_260000024_335146,335146,Relaciones Internacionales Y Negociaciones,al_hr_pe.edu_inst_260000024
edu_career_260000024_336016,336016,Administración Pública,al_hr_pe.edu_inst_260000024
edu_career_260000024_339016,339016,Administración Y Gestión Deportiva,al_hr_pe.edu_inst_260000024
edu_career_260000024_341016,341016,Ciencias Ecónomicas,al_hr_pe.edu_inst_260000024
edu_career_260000024_342036,342036,Ciencias Contables,al_hr_pe.edu_inst_260000024
edu_career_260000024_351056,351056,Derecho Y Ciencias Políticas,al_hr_pe.edu_inst_260000024
edu_career_260000024_511076,511076,Ingeniería De Sistemas Y Cómputo,al_hr_pe.edu_inst_260000024
edu_career_260000024_512046,512046,Ingeniería De Telecomunicaciones,al_hr_pe.edu_inst_260000024
edu_career_260000024_521046,521046,Ingeniería Industrial,al_hr_pe.edu_inst_260000024
edu_career_260000024_713016,713016,Estomatología,al_hr_pe.edu_inst_260000024
edu_career_260000024_714016,714016,Enfermería,al_hr_pe.edu_inst_260000024
edu_career_260000024_715056,715056,Tecnología Médica,al_hr_pe.edu_inst_260000024
edu_career_260000024_716016,716016,Ciencias Farmaceúticas Y Bioquímica,al_hr_pe.edu_inst_260000024
edu_career_260000029_199016,199016,Ciencias De La Educación,al_hr_pe.edu_inst_260000029
edu_career_260000029_212026,212026,Historia Y Gestión Cultural,al_hr_pe.edu_inst_260000029
edu_career_260000029_321136,321136,Comunicación,al_hr_pe.edu_inst_260000029
edu_career_260000029_331036,331036,Administración De Empresas,al_hr_pe.edu_inst_260000029
edu_career_260000029_331066,331066,Administración De Servicios,al_hr_pe.edu_inst_260000029
edu_career_260000029_341026,341026,Economía,al_hr_pe.edu_inst_260000029
edu_career_260000029_342096,342096,Contabilidad Y Auditoría,al_hr_pe.edu_inst_260000029
edu_career_260000029_351016,351016,Derecho,al_hr_pe.edu_inst_260000029
edu_career_260000029_521076,521076,Ingeniería Industrial Y De Sistemas,al_hr_pe.edu_inst_260000029
edu_career_260000029_526056,526056,Ingeniería Mecánico-Eléctrica,al_hr_pe.edu_inst_260000029
edu_career_260000029_531016,531016,Ingeniería Civil,al_hr_pe.edu_inst_260000029
edu_career_260000030_214036,214036,Traducción E Interpretación,al_hr_pe.edu_inst_260000030
edu_career_260000030_313016,313016,Psicología,al_hr_pe.edu_inst_260000030
edu_career_260000030_331106,331106,Administración Y Gerencia,al_hr_pe.edu_inst_260000030
edu_career_260000030_332356,332356,"Turismo, Hotelería Y Gastronomía",al_hr_pe.edu_inst_260000030
edu_career_260000030_335016,335016,Administración De Negocios Globales,al_hr_pe.edu_inst_260000030
edu_career_260000030_341026,341026,Economía,al_hr_pe.edu_inst_260000030
edu_career_260000030_342106,342106,Contabilidad Y Finanzas,al_hr_pe.edu_inst_260000030
edu_career_260000030_351056,351056,Derecho Y Ciencias Políticas,al_hr_pe.edu_inst_260000030
edu_career_260000030_411016,411016,Biología,al_hr_pe.edu_inst_260000030
edu_career_260000030_511156,511156,Ingeniería Informática,al_hr_pe.edu_inst_260000030
edu_career_260000030_521046,521046,Ingeniería Industrial,al_hr_pe.edu_inst_260000030
edu_career_260000030_525016,525016,Ingeniería Electrónica,al_hr_pe.edu_inst_260000030
edu_career_260000030_526076,526076,Ingeniería Mecatrónica,al_hr_pe.edu_inst_260000030
edu_career_260000030_531016,531016,Ingeniería Civil,al_hr_pe.edu_inst_260000030
edu_career_260000030_533096,533096,Arquitectura Y Urbanismo,al_hr_pe.edu_inst_260000030
edu_career_260000030_621016,621016,Medicina Veterinaria,al_hr_pe.edu_inst_260000030
edu_career_260000030_711026,711026,Medicina Humana,al_hr_pe.edu_inst_260000030
edu_career_260000036_199016,199016,Educación,al_hr_pe.edu_inst_260000036
edu_career_260000036_332076,332076,Administración En Turismo Y Hotelería,al_hr_pe.edu_inst_260000036
edu_career_260000036_333016,333016,Administración Y Marketing,al_hr_pe.edu_inst_260000036
edu_career_260000036_342056,342056,Contabilidad,al_hr_pe.edu_inst_260000036
edu_career_260000036_351016,351016,Derecho,al_hr_pe.edu_inst_260000036
edu_career_260000036_511026,511026,Ingeniería De Sistemas,al_hr_pe.edu_inst_260000036
edu_career_260000036_512076,512076,Ingeniería Teleinformática,al_hr_pe.edu_inst_260000036
edu_career_260000036_521046,521046,Ingeniería Industrial,al_hr_pe.edu_inst_260000036
edu_career_260000036_525016,525016,Ingeniería Electrónica,al_hr_pe.edu_inst_260000036
edu_career_260000036_526056,526056,Ingeniería Mecánica-Eléctrica,al_hr_pe.edu_inst_260000036
edu_career_260000036_526076,526076,Ingeniería Mecatrónica,al_hr_pe.edu_inst_260000036
edu_career_260000036_531016,531016,Ingeniería Civil,al_hr_pe.edu_inst_260000036
edu_career_260000036_532026,532026,Ingeniería Sanitaria Y Ambiental,al_hr_pe.edu_inst_260000036
edu_career_260000036_533096,533096,Arquitectura Y Urbanismo,al_hr_pe.edu_inst_260000036
edu_career_260000036_711026,711026,Medicina Humana,al_hr_pe.edu_inst_260000036
edu_career_260000036_713026,713026,Odontología,al_hr_pe.edu_inst_260000036
edu_career_260000036_714016,714016,Enfermería,al_hr_pe.edu_inst_260000036
edu_career_260000036_716026,716026,Farmacia Y Bioquímica,al_hr_pe.edu_inst_260000036
edu_career_260000036_717016,717016,Obstetricia,al_hr_pe.edu_inst_260000036
edu_career_260000037_111026,111026,Educación Inicial,al_hr_pe.edu_inst_260000037
edu_career_260000037_112016,112016,Educación Primaria,al_hr_pe.edu_inst_260000037
edu_career_260000037_121016,121016,Educación Secundaria,al_hr_pe.edu_inst_260000037
edu_career_260000037_313016,313016,Psicología,al_hr_pe.edu_inst_260000037
edu_career_260000037_331136,331136,Administración Y Sistemas,al_hr_pe.edu_inst_260000037
edu_career_260000037_342106,342106,Contabilidad Y Finanzas,al_hr_pe.edu_inst_260000037
edu_career_260000037_351016,351016,Derecho,al_hr_pe.edu_inst_260000037
edu_career_260000037_511076,511076,Ingeniería De Sistemas Y Computación,al_hr_pe.edu_inst_260000037
edu_career_260000037_531016,531016,Ingeniería Civil,al_hr_pe.edu_inst_260000037
edu_career_260000037_533026,533026,Arquitectura,al_hr_pe.edu_inst_260000037
edu_career_260000037_621036,621036,Medicina Veterinaria Y Zootecnia,al_hr_pe.edu_inst_260000037
edu_career_260000037_711026,711026,Medicina Humana,al_hr_pe.edu_inst_260000037
edu_career_260000037_712056,712056,Nutrición Humana,al_hr_pe.edu_inst_260000037
edu_career_260000037_713026,713026,Odontología,al_hr_pe.edu_inst_260000037
edu_career_260000037_714016,714016,Enfermería,al_hr_pe.edu_inst_260000037
edu_career_260000037_715036,715036,Optometría,al_hr_pe.edu_inst_260000037
edu_career_260000037_715056,715056,Tecnología Médica,al_hr_pe.edu_inst_260000037
edu_career_260000037_716026,716026,Farmacia Y Bioquímica,al_hr_pe.edu_inst_260000037
edu_career_260000037_717016,717016,Obstetricia,al_hr_pe.edu_inst_260000037
edu_career_260000038_199016,199016,Educación,al_hr_pe.edu_inst_260000038
edu_career_260000038_216026,216026,Teología,al_hr_pe.edu_inst_260000038
edu_career_260000038_313016,313016,Psicología,al_hr_pe.edu_inst_260000038
edu_career_260000038_321026,321026,Ciencias De La Comunicación,al_hr_pe.edu_inst_260000038
edu_career_260000038_331116,331116,Administración Gestión Empresarial,al_hr_pe.edu_inst_260000038
edu_career_260000038_333096,333096,Marketing Y Negocios Internacionales,al_hr_pe.edu_inst_260000038
edu_career_260000038_335026,335026,Administración Y Negocios Internacionales,al_hr_pe.edu_inst_260000038
edu_career_260000038_342056,342056,Contabilidad,al_hr_pe.edu_inst_260000038
edu_career_260000038_342106,342106,Contabilidad Y Finanzas,al_hr_pe.edu_inst_260000038
edu_career_260000038_511026,511026,Ingeniería De Sistemas,al_hr_pe.edu_inst_260000038
edu_career_260000038_511166,511166,Ingeniería De Informática Y Estadística,al_hr_pe.edu_inst_260000038
edu_career_260000038_522026,522026,Ingeniería De Alimentos,al_hr_pe.edu_inst_260000038
edu_career_260000038_531016,531016,Ingeniería Civil,al_hr_pe.edu_inst_260000038
edu_career_260000038_533026,533026,Arquitectura,al_hr_pe.edu_inst_260000038
edu_career_260000038_594056,594056,Ingeniería Ambiental,al_hr_pe.edu_inst_260000038
edu_career_260000038_712056,712056,Nutrición Humana,al_hr_pe.edu_inst_260000038
edu_career_260000038_714016,714016,Enfermería,al_hr_pe.edu_inst_260000038
edu_career_260000039_199016,199016,Educación,al_hr_pe.edu_inst_260000039
edu_career_260000039_313016,313016,Psicología,al_hr_pe.edu_inst_260000039
edu_career_260000039_331016,331016,Administración,al_hr_pe.edu_inst_260000039
edu_career_260000039_332276,332276,Turismo,al_hr_pe.edu_inst_260000039
edu_career_260000039_341026,341026,Economía,al_hr_pe.edu_inst_260000039
edu_career_260000039_342056,342056,Contabilidad,al_hr_pe.edu_inst_260000039
edu_career_260000039_351016,351016,Derecho,al_hr_pe.edu_inst_260000039
edu_career_260000039_511026,511026,Ingeniería De Sistemas,al_hr_pe.edu_inst_260000039
edu_career_260000039_521046,521046,Ingeniería Industrial,al_hr_pe.edu_inst_260000039
edu_career_260000039_531016,531016,Ingeniería Civil,al_hr_pe.edu_inst_260000039
edu_career_260000039_711026,711026,Medicina Humana,al_hr_pe.edu_inst_260000039
edu_career_260000039_713016,713016,Estomatología,al_hr_pe.edu_inst_260000039
edu_career_260000039_714016,714016,Enfermería,al_hr_pe.edu_inst_260000039
edu_career_260000039_717026,717026,Obstetricia Y Puericultura,al_hr_pe.edu_inst_260000039
edu_career_260000040_199016,199016,Educación,al_hr_pe.edu_inst_260000040
edu_career_260000040_332356,332356,"Turismo, Hotelería Y Gastronomía",al_hr_pe.edu_inst_260000040
edu_career_260000040_342056,342056,Contabilidad,al_hr_pe.edu_inst_260000040
edu_career_260000040_351016,351016,Derecho,al_hr_pe.edu_inst_260000040
edu_career_260000040_511056,511056,Ingeniería De Sistemas E Informática,al_hr_pe.edu_inst_260000040
edu_career_260000040_522036,522036,Ingeniería Industrias Alimentarias,al_hr_pe.edu_inst_260000040
edu_career_260000040_531016,531016,Ingeniería Civil,al_hr_pe.edu_inst_260000040
edu_career_260000040_594066,594066,Ingeniería Ambiental Y Recursos Naturales,al_hr_pe.edu_inst_260000040
edu_career_260000040_611016,611016,Agronomía,al_hr_pe.edu_inst_260000040
edu_career_260000040_713016,713016,Estomatología,al_hr_pe.edu_inst_260000040
edu_career_260000040_714016,714016,Enfermería,al_hr_pe.edu_inst_260000040
edu_career_260000043_111026,111026,Educación Inicial,al_hr_pe.edu_inst_260000043
edu_career_260000043_112016,112016,Educación Primaria,al_hr_pe.edu_inst_260000043
edu_career_260000043_121016,121016,Educación Secundaria,al_hr_pe.edu_inst_260000043
edu_career_260000043_131056,131056,Educación Física Y Deportes,al_hr_pe.edu_inst_260000043
edu_career_260000043_161996,161996,Educación Técnica,al_hr_pe.edu_inst_260000043
edu_career_260000043_222056,222056,Diseño Gráfico,al_hr_pe.edu_inst_260000043
edu_career_260000043_222076,222076,Diseño Industrial,al_hr_pe.edu_inst_260000043
edu_career_260000043_313016,313016,Psicología,al_hr_pe.edu_inst_260000043
edu_career_260000043_321026,321026,Ciencias De La Comunicación,al_hr_pe.edu_inst_260000043
edu_career_260000043_331176,331176,Ingeniería Comercial,al_hr_pe.edu_inst_260000043
edu_career_260000043_332146,332146,Administración Turístico-Hotelera,al_hr_pe.edu_inst_260000043
edu_career_260000043_335026,335026,Administración De Negocios Internacionales,al_hr_pe.edu_inst_260000043
edu_career_260000043_341096,341096,Economía Y Microfinanzas,al_hr_pe.edu_inst_260000043
edu_career_260000043_342046,342046,Ciencias Contables Y Financieras,al_hr_pe.edu_inst_260000043
edu_career_260000043_351016,351016,Derecho,al_hr_pe.edu_inst_260000043
edu_career_260000043_511026,511026,Ingeniería De Sistemas,al_hr_pe.edu_inst_260000043
edu_career_260000043_521036,521036,Ingeniería De La Producción Y Administración,al_hr_pe.edu_inst_260000043
edu_career_260000043_523026,523026,Ingeniería Agroindustrial,al_hr_pe.edu_inst_260000043
edu_career_260000043_525016,525016,Ingeniería Electrónica,al_hr_pe.edu_inst_260000043
edu_career_260000043_531016,531016,Ingeniería Civil,al_hr_pe.edu_inst_260000043
edu_career_260000043_533046,533046,Arquitectura Del Paisaje,al_hr_pe.edu_inst_260000043
edu_career_260000043_533096,533096,Arquitectura Y Urbanismo,al_hr_pe.edu_inst_260000043
edu_career_260000043_594056,594056,Ingeniería Ambiental,al_hr_pe.edu_inst_260000043
edu_career_260000043_711026,711026,Medicina Humana,al_hr_pe.edu_inst_260000043
edu_career_260000043_713026,713026,Odontología,al_hr_pe.edu_inst_260000043
edu_career_260000043_715056,715056,Tecnología Médica,al_hr_pe.edu_inst_260000043
edu_career_260000044_111026,111026,Educación Inicial,al_hr_pe.edu_inst_260000044
edu_career_260000044_112016,112016,Educación Primaria,al_hr_pe.edu_inst_260000044
edu_career_260000044_313016,313016,Psicología,al_hr_pe.edu_inst_260000044
edu_career_260000044_322026,322026,Periodismo,al_hr_pe.edu_inst_260000044
edu_career_260000044_331036,331036,Administración De Empresas,al_hr_pe.edu_inst_260000044
edu_career_260000044_333096,333096,Marketing Y Negocios Internacionales,al_hr_pe.edu_inst_260000044
edu_career_260000044_341026,341026,Economía,al_hr_pe.edu_inst_260000044
edu_career_260000044_342116,342116,Contabilidad Y Tributación,al_hr_pe.edu_inst_260000044
edu_career_260000044_351016,351016,Derecho,al_hr_pe.edu_inst_260000044
edu_career_260000044_511056,511056,Ingeniería Informática Y Sistemas,al_hr_pe.edu_inst_260000044
edu_career_260000044_531016,531016,Ingeniería Civil,al_hr_pe.edu_inst_260000044
edu_career_260000044_533096,533096,Arquitectura Y Urbanismo,al_hr_pe.edu_inst_260000044
edu_career_260000044_711016,711016,Medicina,al_hr_pe.edu_inst_260000044
edu_career_260000044_713026,713026,Odontología,al_hr_pe.edu_inst_260000044
edu_career_260000044_714016,714016,Enfermería,al_hr_pe.edu_inst_260000044
edu_career_260000044_715056,715056,Tecnología Médica,al_hr_pe.edu_inst_260000044
edu_career_260000044_717016,717016,Obstetricia,al_hr_pe.edu_inst_260000044
edu_career_260000045_111026,111026,Educación Inicial,al_hr_pe.edu_inst_260000045
edu_career_260000045_112016,112016,Educación Primaria,al_hr_pe.edu_inst_260000045
edu_career_260000045_121016,121016,Educación Secundaria,al_hr_pe.edu_inst_260000045
edu_career_260000045_313016,313016,Psicología,al_hr_pe.edu_inst_260000045
edu_career_260000045_331016,331016,Administración,al_hr_pe.edu_inst_260000045
edu_career_260000045_332076,332076,Administración Hotelera Y Turismo,al_hr_pe.edu_inst_260000045
edu_career_260000045_341106,341106,Economía Y Negocios Internacionales,al_hr_pe.edu_inst_260000045
edu_career_260000045_342056,342056,Contabilidad,al_hr_pe.edu_inst_260000045
edu_career_260000045_351016,351016,Derecho,al_hr_pe.edu_inst_260000045
edu_career_260000045_511056,511056,Ingeniería Informática Y De Sistemas,al_hr_pe.edu_inst_260000045
edu_career_260000045_521046,521046,Ingeniería Industrial,al_hr_pe.edu_inst_260000045
edu_career_260000045_526056,526056,Ingeniería Mecánica Eléctrica,al_hr_pe.edu_inst_260000045
edu_career_260000045_531016,531016,Ingeniería Civil,al_hr_pe.edu_inst_260000045
edu_career_260000045_533096,533096,Arquitectura Y Urbanismo,al_hr_pe.edu_inst_260000045
edu_career_260000045_611106,611106,Ingeniería Agrónoma,al_hr_pe.edu_inst_260000045
edu_career_260000045_711016,711016,Medicina,al_hr_pe.edu_inst_260000045
edu_career_260000045_714016,714016,Enfermería,al_hr_pe.edu_inst_260000045
edu_career_260000045_715056,715056,Tecnología Médica,al_hr_pe.edu_inst_260000045
edu_career_260000045_716026,716026,Farmacia Y Bioquímica,al_hr_pe.edu_inst_260000045
edu_career_260000045_717016,717016,Obstetricia,al_hr_pe.edu_inst_260000045
edu_career_260000046_111026,111026,Educación Inicial,al_hr_pe.edu_inst_260000046
edu_career_260000046_112016,112016,Educación Primaria,al_hr_pe.edu_inst_260000046
edu_career_260000046_313016,313016,Psicología,al_hr_pe.edu_inst_260000046
edu_career_260000046_321026,321026,Ciencias De La Comunicación,al_hr_pe.edu_inst_260000046
edu_career_260000046_331016,331016,Administración,al_hr_pe.edu_inst_260000046
edu_career_260000046_341076,341076,Economía Y Finanzas,al_hr_pe.edu_inst_260000046
edu_career_260000046_342056,342056,Contabilidad,al_hr_pe.edu_inst_260000046
edu_career_260000046_351016,351016,Derecho,al_hr_pe.edu_inst_260000046
edu_career_260000046_511076,511076,Ingeniería De Computación Y Sistemas,al_hr_pe.edu_inst_260000046
edu_career_260000046_511126,511126,Ingeniería De Software,al_hr_pe.edu_inst_260000046
edu_career_260000046_512056,512056,Ingeniería De Telecomunicaciones Y Redes,al_hr_pe.edu_inst_260000046
edu_career_260000046_521046,521046,Ingeniería Industrial,al_hr_pe.edu_inst_260000046
edu_career_260000046_522036,522036,Ingeniería En Industrias Alimentarias,al_hr_pe.edu_inst_260000046
edu_career_260000046_525016,525016,Ingeniería Electrónica,al_hr_pe.edu_inst_260000046
edu_career_260000046_531016,531016,Ingeniería Civil,al_hr_pe.edu_inst_260000046
edu_career_260000046_533026,533026,Arquitectura,al_hr_pe.edu_inst_260000046
edu_career_260000046_611106,611106,Ingeniería Agrónoma,al_hr_pe.edu_inst_260000046
edu_career_260000046_621036,621036,Medicina Veterinaria Y Zootecnia,al_hr_pe.edu_inst_260000046
edu_career_260000046_711026,711026,Medicina Humana,al_hr_pe.edu_inst_260000046
edu_career_260000046_713016,713016,Estomatología,al_hr_pe.edu_inst_260000046
edu_career_260000046_714016,714016,Enfermería,al_hr_pe.edu_inst_260000046
edu_career_260000046_717016,717016,Obstetricia,al_hr_pe.edu_inst_260000046
edu_career_260000047_111016,111016,"Educación Básica, Inicial Y Primaria",al_hr_pe.edu_inst_260000047
edu_career_260000047_111056,111056,Educación Básica Especialidad Idioma Extranjero: Ingles,al_hr_pe.edu_inst_260000047
edu_career_260000047_313016,313016,Psicología,al_hr_pe.edu_inst_260000047
edu_career_260000047_331036,331036,Administración De Empresas,al_hr_pe.edu_inst_260000047
edu_career_260000047_332356,332356,"Turismo, Hotelería Y Gastronomía",al_hr_pe.edu_inst_260000047
edu_career_260000047_333096,333096,Marketing Y Negocios Internacionales,al_hr_pe.edu_inst_260000047
edu_career_260000047_342106,342106,Contabilidad Y Finanzas,al_hr_pe.edu_inst_260000047
edu_career_260000047_351056,351056,Derecho Y Ciencias Políticas,al_hr_pe.edu_inst_260000047
edu_career_260000047_511056,511056,Ingeniería De Sistemas E Informática,al_hr_pe.edu_inst_260000047
edu_career_260000047_531016,531016,Ingeniería Civil,al_hr_pe.edu_inst_260000047
edu_career_260000047_533026,533026,Arquitectura,al_hr_pe.edu_inst_260000047
edu_career_260000047_594056,594056,Ingeniería Ambiental,al_hr_pe.edu_inst_260000047
edu_career_260000047_713026,713026,Odontología,al_hr_pe.edu_inst_260000047
edu_career_260000047_714016,714016,Enfermería,al_hr_pe.edu_inst_260000047
edu_career_260000047_717016,717016,Obstetricia,al_hr_pe.edu_inst_260000047
edu_career_260000048_111026,111026,Educación Inicial,al_hr_pe.edu_inst_260000048
edu_career_260000048_112016,112016,Educación Primaria,al_hr_pe.edu_inst_260000048
edu_career_260000048_121016,121016,Educación Secundaria,al_hr_pe.edu_inst_260000048
edu_career_260000048_313016,313016,Psicología,al_hr_pe.edu_inst_260000048
edu_career_260000048_331176,331176,Ingeniería Comercial,al_hr_pe.edu_inst_260000048
edu_career_260000048_333026,333026,Administración Y Marketing Estratégico,al_hr_pe.edu_inst_260000048
edu_career_260000048_342056,342056,Contabilidad,al_hr_pe.edu_inst_260000048
edu_career_260000048_351016,351016,Derecho,al_hr_pe.edu_inst_260000048
edu_career_260000048_511056,511056,Ingeniería De Sistemas E Informática,al_hr_pe.edu_inst_260000048
edu_career_260000048_523026,523026,Ingeniería Agroindustrial,al_hr_pe.edu_inst_260000048
edu_career_260000048_526056,526056,Ingeniería Mecánica Eléctrica,al_hr_pe.edu_inst_260000048
edu_career_260000048_531016,531016,Ingeniería Civil,al_hr_pe.edu_inst_260000048
edu_career_260000048_533026,533026,Arquitectura,al_hr_pe.edu_inst_260000048
edu_career_260000048_594056,594056,Ingeniería Ambiental,al_hr_pe.edu_inst_260000048
edu_career_260000048_611116,611116,Ingeniería Agronómica,al_hr_pe.edu_inst_260000048
edu_career_260000048_713026,713026,Odontología,al_hr_pe.edu_inst_260000048
edu_career_260000048_714016,714016,Enfermería,al_hr_pe.edu_inst_260000048
edu_career_260000048_717016,717016,Obstetricia,al_hr_pe.edu_inst_260000048
edu_career_260000049_199016,199016,Educación,al_hr_pe.edu_inst_260000049
edu_career_260000049_313016,313016,Psicología,al_hr_pe.edu_inst_260000049
edu_career_260000050_199016,199016,Educación,al_hr_pe.edu_inst_260000050
edu_career_260000050_313016,313016,Psicología,al_hr_pe.edu_inst_260000050
edu_career_260000050_321026,321026,Ciencias De La Comunicación,al_hr_pe.edu_inst_260000050
edu_career_260000050_331036,331036,Administración De Empresas,al_hr_pe.edu_inst_260000050
edu_career_260000050_332336,332336,Turismo Y Hotelería,al_hr_pe.edu_inst_260000050
edu_career_260000050_342106,342106,Contabilidad Y Finanzas,al_hr_pe.edu_inst_260000050
edu_career_260000050_351016,351016,Derecho,al_hr_pe.edu_inst_260000050
edu_career_260000050_511056,511056,Ingeniería Informática Y De Sistemas,al_hr_pe.edu_inst_260000050
edu_career_260000050_531016,531016,Ingeniería Civil,al_hr_pe.edu_inst_260000050
edu_career_260000050_533026,533026,Arquitectura,al_hr_pe.edu_inst_260000050
edu_career_260000050_594036,594036,Ecología,al_hr_pe.edu_inst_260000050
edu_career_260000050_594056,594056,Ingeniería Ambiental,al_hr_pe.edu_inst_260000050
edu_career_260000050_713016,713016,Estomatología,al_hr_pe.edu_inst_260000050
edu_career_260000050_715056,715056,Tecnología Médica,al_hr_pe.edu_inst_260000050
edu_career_260000050_717016,717016,Obstetricia,al_hr_pe.edu_inst_260000050
edu_career_260000052_111026,111026,Educación Inicial,al_hr_pe.edu_inst_260000052
edu_career_260000052_112016,112016,Educación Primaria,al_hr_pe.edu_inst_260000052
edu_career_260000052_121376,121376,Educación Secundaria -Inglés E Italiano,al_hr_pe.edu_inst_260000052
edu_career_260000052_121386,121386,Educación Secundaria -Inglés Y Alemán,al_hr_pe.edu_inst_260000052
edu_career_260000052_121396,121396,Educación Secundaria -Inglés Y Francés,al_hr_pe.edu_inst_260000052
edu_career_260000052_214036,214036,Traducción E Interpretación,al_hr_pe.edu_inst_260000052
edu_career_260000052_313016,313016,Psicología,al_hr_pe.edu_inst_260000052
edu_career_260000052_321026,321026,Ciencias De La Comunicación,al_hr_pe.edu_inst_260000052
edu_career_260000052_331016,331016,Administración,al_hr_pe.edu_inst_260000052
edu_career_260000052_332076,332076,Administración De Turismo Y Hotelería,al_hr_pe.edu_inst_260000052
edu_career_260000052_333066,333066,Marketing Y Dirección De Empresas,al_hr_pe.edu_inst_260000052
edu_career_260000052_335116,335116,Negocios Internacionales,al_hr_pe.edu_inst_260000052
edu_career_260000052_342056,342056,Contabilidad,al_hr_pe.edu_inst_260000052
edu_career_260000052_351016,351016,Derecho,al_hr_pe.edu_inst_260000052
edu_career_260000052_511026,511026,Ingeniería De Sistemas,al_hr_pe.edu_inst_260000052
edu_career_260000052_521046,521046,Ingeniería Industrial,al_hr_pe.edu_inst_260000052
edu_career_260000052_523026,523026,Ingeniería Agroindustrial,al_hr_pe.edu_inst_260000052
edu_career_260000052_523046,523046,Ingeniería Agroindustrial Y Comercio Exterior,al_hr_pe.edu_inst_260000052
edu_career_260000052_526036,526036,Ingeniería Mecánica,al_hr_pe.edu_inst_260000052
edu_career_260000052_526056,526056,Ingeniería Mecánica Eléctrica,al_hr_pe.edu_inst_260000052
edu_career_260000052_531016,531016,Ingeniería Civil,al_hr_pe.edu_inst_260000052
edu_career_260000052_533026,533026,Arquitectura,al_hr_pe.edu_inst_260000052
edu_career_260000052_594086,594086,Ingeniería De Medio Ambiente,al_hr_pe.edu_inst_260000052
edu_career_260000052_711016,711016,Medicina,al_hr_pe.edu_inst_260000052
edu_career_260000052_712046,712046,Nutrición,al_hr_pe.edu_inst_260000052
edu_career_260000052_713016,713016,Estomatología,al_hr_pe.edu_inst_260000052
edu_career_260000052_714016,714016,Enfermería,al_hr_pe.edu_inst_260000052
edu_career_260000052_717016,717016,Obstetricia,al_hr_pe.edu_inst_260000052
edu_career_260000053_111026,111026,Educación Inicial,al_hr_pe.edu_inst_260000053
edu_career_260000053_112016,112016,Educación Primaria,al_hr_pe.edu_inst_260000053
edu_career_260000053_121546,121546,Educación En Ciencias Religiosas,al_hr_pe.edu_inst_260000053
edu_career_260000053_313016,313016,Psicología,al_hr_pe.edu_inst_260000053
edu_career_260000053_331016,331016,Administración,al_hr_pe.edu_inst_260000053
edu_career_260000053_332016,332016,Administración De Empresas Turísticas,al_hr_pe.edu_inst_260000053
edu_career_260000053_342056,342056,Contabilidad,al_hr_pe.edu_inst_260000053
edu_career_260000053_351016,351016,Derecho,al_hr_pe.edu_inst_260000053
edu_career_260000053_511026,511026,Ingeniería De Sistemas,al_hr_pe.edu_inst_260000053
edu_career_260000053_531016,531016,Ingeniería Civil,al_hr_pe.edu_inst_260000053
edu_career_260000053_713026,713026,Odontología,al_hr_pe.edu_inst_260000053
edu_career_260000053_714016,714016,Enfermería,al_hr_pe.edu_inst_260000053
edu_career_260000053_716026,716026,Farmacia Y Bioquímica,al_hr_pe.edu_inst_260000053
edu_career_260000053_717016,717016,Obstetricia,al_hr_pe.edu_inst_260000053
edu_career_260000054_214036,214036,Traducción E Interpretación Profesional,al_hr_pe.edu_inst_260000054
edu_career_260000054_222096,222096,Diseño Profesional De Interiores,al_hr_pe.edu_inst_260000054
edu_career_260000054_222106,222106,Diseño Profesional Gráfico,al_hr_pe.edu_inst_260000054
edu_career_260000054_222116,222116,Diseño Y Gestión En Moda,al_hr_pe.edu_inst_260000054
edu_career_260000054_224036,224036,Música,al_hr_pe.edu_inst_260000054
edu_career_260000054_313016,313016,Psicología,al_hr_pe.edu_inst_260000054
edu_career_260000054_321066,321066,Comunicación Audiovisual Y Medios Interactivos,al_hr_pe.edu_inst_260000054
edu_career_260000054_321086,321086,Comunicación E Imagen Empresarial,al_hr_pe.edu_inst_260000054
edu_career_260000054_321106,321106,Comunicación Y Marketing,al_hr_pe.edu_inst_260000054
edu_career_260000054_321116,321116,Comunicación Y Periodismo,al_hr_pe.edu_inst_260000054
edu_career_260000054_321126,321126,Comunicación Y Publicidad,al_hr_pe.edu_inst_260000054
edu_career_260000054_331096,331096,Administración Y Finanzas,al_hr_pe.edu_inst_260000054
edu_career_260000054_331126,331126,Administración Y Recursos Humanos,al_hr_pe.edu_inst_260000054
edu_career_260000054_331226,331226,Ingeniería De Gestión Empresarial,al_hr_pe.edu_inst_260000054
edu_career_260000054_332256,332256,Hotelería Y Administración,al_hr_pe.edu_inst_260000054
edu_career_260000054_332326,332326,Turismo Y Administración,al_hr_pe.edu_inst_260000054
edu_career_260000054_333016,333016,Administración Y Marketing,al_hr_pe.edu_inst_260000054
edu_career_260000054_334016,334016,Administración Y Agronegocios,al_hr_pe.edu_inst_260000054
edu_career_260000054_335026,335026,Administración Y Negocios Internacionales,al_hr_pe.edu_inst_260000054
edu_career_260000054_339026,339026,Administración Y Negocios Del Deporte,al_hr_pe.edu_inst_260000054
edu_career_260000054_341046,341046,Economía Gerencial,al_hr_pe.edu_inst_260000054
edu_career_260000054_341076,341076,Economía Y Finanzas,al_hr_pe.edu_inst_260000054
edu_career_260000054_341106,341106,Economía Y Negocios Internacionales,al_hr_pe.edu_inst_260000054
edu_career_260000054_342086,342086,Contabilidad Y Administración,al_hr_pe.edu_inst_260000054
edu_career_260000054_351016,351016,Derecho,al_hr_pe.edu_inst_260000054
edu_career_260000054_441016,441016,Ciencias De La Computación,al_hr_pe.edu_inst_260000054
edu_career_260000054_511026,511026,Ingeniería De Sistemas (Epe),al_hr_pe.edu_inst_260000054
edu_career_260000054_511036,511036,Ingeniería De Sistemas De Información,al_hr_pe.edu_inst_260000054
edu_career_260000054_511126,511126,Ingeniería De Software,al_hr_pe.edu_inst_260000054
edu_career_260000054_521046,521046,Ingeniería Industrial,al_hr_pe.edu_inst_260000054
edu_career_260000054_525016,525016,Ingeniería Electrónica,al_hr_pe.edu_inst_260000054
edu_career_260000054_526076,526076,Ingeniería Mecatrónica,al_hr_pe.edu_inst_260000054
edu_career_260000054_527016,527016,Ingeniería De Gestión Minera,al_hr_pe.edu_inst_260000054
edu_career_260000054_531016,531016,Ingeniería Civil,al_hr_pe.edu_inst_260000054
edu_career_260000054_533026,533026,Arquitectura,al_hr_pe.edu_inst_260000054
edu_career_260000054_711016,711016,Medicina,al_hr_pe.edu_inst_260000054
edu_career_260000054_712076,712076,Nutrición Y Dietética,al_hr_pe.edu_inst_260000054
edu_career_260000054_713026,713026,Odontología,al_hr_pe.edu_inst_260000054
edu_career_260000054_715076,715076,Terapia Física,al_hr_pe.edu_inst_260000054
edu_career_260000055_313016,313016,Psicología,al_hr_pe.edu_inst_260000055
edu_career_260000055_321026,321026,Ciencias De La Comunicación,al_hr_pe.edu_inst_260000055
edu_career_260000055_331016,331016,Administración,al_hr_pe.edu_inst_260000055
edu_career_260000055_331206,331206,Ingenieria Empresarial,al_hr_pe.edu_inst_260000055
edu_career_260000055_332046,332046,Administración Y Servicios Turísticos,al_hr_pe.edu_inst_260000055
edu_career_260000055_333016,333016,Administración Y Marketing,al_hr_pe.edu_inst_260000055
edu_career_260000055_333036,333036,Marketing,al_hr_pe.edu_inst_260000055
edu_career_260000055_335026,335026,Administración Y Negocios Internacionales,al_hr_pe.edu_inst_260000055
edu_career_260000055_342106,342106,Contabilidad Y Finanzas,al_hr_pe.edu_inst_260000055
edu_career_260000055_351016,351016,Derecho,al_hr_pe.edu_inst_260000055
edu_career_260000055_511026,511026,Ingeniería De Sistemas,al_hr_pe.edu_inst_260000055
edu_career_260000055_521046,521046,Ingeniería Industrial,al_hr_pe.edu_inst_260000055
edu_career_260000055_525016,525016,Ingeniería Electrónica,al_hr_pe.edu_inst_260000055
edu_career_260000055_526076,526076,Ingeniería Mecatrónica,al_hr_pe.edu_inst_260000055
edu_career_260000055_527016,527016,Ingeniería De Minas,al_hr_pe.edu_inst_260000055
edu_career_260000055_531016,531016,Ingeniería Civil,al_hr_pe.edu_inst_260000055
edu_career_260000055_533026,533026,Arquitectura,al_hr_pe.edu_inst_260000055
edu_career_260000055_533056,533056,Arquitectura Y Diseño Interiores,al_hr_pe.edu_inst_260000055
edu_career_260000055_533096,533096,Arquitectura Y Urbanismo,al_hr_pe.edu_inst_260000055
edu_career_260000057_199016,199016,Educación,al_hr_pe.edu_inst_260000057
edu_career_260000057_222016,222016,Arte Y Diseño Gráfico Empresarial,al_hr_pe.edu_inst_260000057
edu_career_260000057_313016,313016,Psicología,al_hr_pe.edu_inst_260000057
edu_career_260000057_321136,321136,Comunicaciones,al_hr_pe.edu_inst_260000057
edu_career_260000057_331016,331016,Administración,al_hr_pe.edu_inst_260000057
edu_career_260000057_331036,331036,Administración De Empresas,al_hr_pe.edu_inst_260000057
edu_career_260000057_331086,331086,Administracion Y Emprendimiento,al_hr_pe.edu_inst_260000057
edu_career_260000057_331206,331206,Ingeniería Empresarial,al_hr_pe.edu_inst_260000057
edu_career_260000057_331216,331216,Ingeniería Empresarial Y De Sistemas,al_hr_pe.edu_inst_260000057
edu_career_260000057_332066,332066,Administración En Turismo,al_hr_pe.edu_inst_260000057
edu_career_260000057_332106,332106,Administración Hotelera,al_hr_pe.edu_inst_260000057
edu_career_260000057_332166,332166,Arte Culinario,al_hr_pe.edu_inst_260000057
edu_career_260000057_332206,332206,Gastronomía Y Gestión De Restaurantes,al_hr_pe.edu_inst_260000057
edu_career_260000057_333036,333036,Marketing,al_hr_pe.edu_inst_260000057
edu_career_260000057_333076,333076,Marketing Y Gestión Comercial,al_hr_pe.edu_inst_260000057
edu_career_260000057_335116,335116,Negocios Internacionales,al_hr_pe.edu_inst_260000057
edu_career_260000057_335136,335136,Relaciones Internacionales,al_hr_pe.edu_inst_260000057
edu_career_260000057_341026,341026,Economía,al_hr_pe.edu_inst_260000057
edu_career_260000057_341076,341076,Economía Y Finanzas,al_hr_pe.edu_inst_260000057
edu_career_260000057_341106,341106,Economía Y Negocios Internacionales,al_hr_pe.edu_inst_260000057
edu_career_260000057_351016,351016,Derecho,al_hr_pe.edu_inst_260000057
edu_career_260000057_511056,511056,Ingeniería Informática Y De Sistemas,al_hr_pe.edu_inst_260000057
edu_career_260000057_521056,521056,Ingeniería Industrial Y Comercial,al_hr_pe.edu_inst_260000057
edu_career_260000057_522016,522016,Ingenieria En Industrias Alimentarias,al_hr_pe.edu_inst_260000057
edu_career_260000057_523036,523036,Ingeniería Agroindustrial Y Agronegocios,al_hr_pe.edu_inst_260000057
edu_career_260000057_531036,531036,Ingeniería Civil Y Desarrollo Inmobiliario,al_hr_pe.edu_inst_260000057
edu_career_260000057_533126,533126,"Arquitectura, Urbanismo Y Territorio",al_hr_pe.edu_inst_260000057
edu_career_260000057_594046,594046,Gestión Ambiental Empresarial,al_hr_pe.edu_inst_260000057
edu_career_260000059_121366,121366,Ingles,al_hr_pe.edu_inst_260000059
edu_career_260000059_141016,141016,Educación Especial,al_hr_pe.edu_inst_260000059
edu_career_260000059_199016,199016,Educación,al_hr_pe.edu_inst_260000059
edu_career_260000059_221026,221026,Arte Y Humanidades,al_hr_pe.edu_inst_260000059
edu_career_260000059_312016,312016,Gerontología Social,al_hr_pe.edu_inst_260000059
edu_career_260000059_313036,313036,Psicología Humana,al_hr_pe.edu_inst_260000059
edu_career_260000059_321026,321026,Ciencias De La Comunicación,al_hr_pe.edu_inst_260000059
edu_career_260000059_331016,331016,Administración,al_hr_pe.edu_inst_260000059
edu_career_260000059_332356,332356,"Turismo, Hotelería Y Gastronomía",al_hr_pe.edu_inst_260000059
edu_career_260000059_333106,333106,Marketing Y Publicidad,al_hr_pe.edu_inst_260000059
edu_career_260000059_335026,335026,Administración De Negocios Internacionales,al_hr_pe.edu_inst_260000059
edu_career_260000059_335036,335036,Comercio Exterior,al_hr_pe.edu_inst_260000059
edu_career_260000059_339036,339036,Cooperativismo,al_hr_pe.edu_inst_260000059
edu_career_260000059_341026,341026,Economía,al_hr_pe.edu_inst_260000059
edu_career_260000059_342046,342046,Ciencias Contables Y Financieras,al_hr_pe.edu_inst_260000059
edu_career_260000059_351016,351016,Derecho,al_hr_pe.edu_inst_260000059
edu_career_260000059_352016,352016,Ciencia Política,al_hr_pe.edu_inst_260000059
edu_career_260000059_412016,412016,Ingeniería Zootécnica,al_hr_pe.edu_inst_260000059
edu_career_260000059_412026,412026,Zootecnia,al_hr_pe.edu_inst_260000059
edu_career_260000059_511056,511056,Ingeniería De Sistemas E Informática,al_hr_pe.edu_inst_260000059
edu_career_260000059_521046,521046,Ingeniería Industrial,al_hr_pe.edu_inst_260000059
edu_career_260000059_523036,523036,Ingeniería De Agronegocios,al_hr_pe.edu_inst_260000059
edu_career_260000059_525016,525016,Ingeniería Electrónica,al_hr_pe.edu_inst_260000059
edu_career_260000059_525046,525046,Ingeniería Electrónica Y Telecomunicaciones,al_hr_pe.edu_inst_260000059
edu_career_260000059_526036,526036,Ingeniería Mecánica,al_hr_pe.edu_inst_260000059
edu_career_260000059_526076,526076,Ingeniería Mecatrónica,al_hr_pe.edu_inst_260000059
edu_career_260000059_527016,527016,Ingeniería De Minas,al_hr_pe.edu_inst_260000059
edu_career_260000059_531016,531016,Ingeniería Civil,al_hr_pe.edu_inst_260000059
edu_career_260000059_533026,533026,Arquitectura,al_hr_pe.edu_inst_260000059
edu_career_260000059_592026,592026,Ciencias Navales,al_hr_pe.edu_inst_260000059
edu_career_260000059_592036,592036,Ingeniería Aeronáutica,al_hr_pe.edu_inst_260000059
edu_career_260000059_593046,593046,Ingeniería Geográfica Y Ecológica,al_hr_pe.edu_inst_260000059
edu_career_260000059_594056,594056,Ingeniería Ambiental,al_hr_pe.edu_inst_260000059
edu_career_260000059_594076,594076,Ingeniería De Recursos Naturales Y Energías Renovables,al_hr_pe.edu_inst_260000059
edu_career_260000059_611016,611016,Agronomía,al_hr_pe.edu_inst_260000059
edu_career_260000059_621016,621016,Medicina Veterinaria,al_hr_pe.edu_inst_260000059
edu_career_260000059_711026,711026,Medicina Humana,al_hr_pe.edu_inst_260000059
edu_career_260000059_712056,712056,Nutrición Humana,al_hr_pe.edu_inst_260000059
edu_career_260000059_713016,713016,Estomatología,al_hr_pe.edu_inst_260000059
edu_career_260000059_714016,714016,Enfermería,al_hr_pe.edu_inst_260000059
edu_career_260000059_715056,715056,Tecnología Médica,al_hr_pe.edu_inst_260000059
edu_career_260000059_716026,716026,Farmacia Y Bioquímica,al_hr_pe.edu_inst_260000059
edu_career_260000059_717016,717016,Obstetricia,al_hr_pe.edu_inst_260000059
edu_career_260000059_719016,719016,Ciencias Del Deporte,al_hr_pe.edu_inst_260000059
edu_career_260000061_332336,332336,Turismo Y Hotelería,al_hr_pe.edu_inst_260000061
edu_career_260000061_335026,335026,Administración Y Negocios Internacionales,al_hr_pe.edu_inst_260000061
edu_career_260000061_342096,342096,Contabilidad Y Auditoría,al_hr_pe.edu_inst_260000061
edu_career_260000061_351056,351056,Derecho Y Ciencia Política,al_hr_pe.edu_inst_260000061
edu_career_260000061_511056,511056,Ingeniería De Sistemas E Informática,al_hr_pe.edu_inst_260000061
edu_career_260000061_521066,521066,Ingeniería Industrial Y De Gestión Empresarial,al_hr_pe.edu_inst_260000061
edu_career_260000061_713026,713026,Odontología,al_hr_pe.edu_inst_260000061
edu_career_260000061_714016,714016,Enfermería,al_hr_pe.edu_inst_260000061
edu_career_260000061_715056,715056,Tecnología Médica,al_hr_pe.edu_inst_260000061
edu_career_260000061_716026,716026,Farmacia Y Bioquímica,al_hr_pe.edu_inst_260000061
edu_career_260000061_717016,717016,Obstetricia,al_hr_pe.edu_inst_260000061
edu_career_260000062_111026,111026,Educación Inicial,al_hr_pe.edu_inst_260000062
edu_career_260000062_112016,112016,Educación Primaria,al_hr_pe.edu_inst_260000062
edu_career_260000062_313016,313016,Psicología,al_hr_pe.edu_inst_260000062
edu_career_260000062_331046,331046,Administración De Negocios,al_hr_pe.edu_inst_260000062
edu_career_260000062_342056,342056,Contabilidad,al_hr_pe.edu_inst_260000062
edu_career_260000062_351016,351016,Derecho,al_hr_pe.edu_inst_260000062
edu_career_260000062_441016,441016,Ciencias De La Computación,al_hr_pe.edu_inst_260000062
edu_career_260000062_511156,511156,Ingeniería Informática,al_hr_pe.edu_inst_260000062
edu_career_260000062_512046,512046,Ingeniería De Telecomunicaciones,al_hr_pe.edu_inst_260000062
edu_career_260000062_521046,521046,Ingeniería Industrial,al_hr_pe.edu_inst_260000062
edu_career_260000063_121246,121246,Educación En Informática Y Computación,al_hr_pe.edu_inst_260000063
edu_career_260000063_342086,342086,Contabilidad Y Administración,al_hr_pe.edu_inst_260000063
edu_career_260000063_351016,351016,Derecho,al_hr_pe.edu_inst_260000063
edu_career_260000063_511056,511056,Ingeniería Informática Y De Sistemas,al_hr_pe.edu_inst_260000063
edu_career_260000063_717016,717016,Obstetricia,al_hr_pe.edu_inst_260000063
edu_career_260000064_321026,321026,Ciencias De La Comunicación,al_hr_pe.edu_inst_260000064
edu_career_260000064_331046,331046,Administración De Negocios,al_hr_pe.edu_inst_260000064
edu_career_260000064_332366,332366,"Turismo, Hotelería Y Gestión Cultural",al_hr_pe.edu_inst_260000064
edu_career_260000064_342056,342056,Contabilidad,al_hr_pe.edu_inst_260000064
edu_career_260000064_351016,351016,Derecho,al_hr_pe.edu_inst_260000064
edu_career_260000064_511076,511076,Ingeniería De Computación Y Sistemas,al_hr_pe.edu_inst_260000064
edu_career_260000064_621036,621036,Medicina Veterinaria Y Zootecnia,al_hr_pe.edu_inst_260000064
edu_career_260000064_711026,711026,Medicina Humana,al_hr_pe.edu_inst_260000064
edu_career_260000064_713016,713016,Estomatología,al_hr_pe.edu_inst_260000064
edu_career_260000064_714016,714016,Enfermería,al_hr_pe.edu_inst_260000064
edu_career_260000065_222046,222046,Diseño Digital Publicitario,al_hr_pe.edu_inst_260000065
edu_career_260000065_321026,321026,Ciencias De La Comunicación,al_hr_pe.edu_inst_260000065
edu_career_260000065_331036,331036,Administración De Empresas,al_hr_pe.edu_inst_260000065
edu_career_260000065_331096,331096,Administración Y Finanzas,al_hr_pe.edu_inst_260000065
edu_career_260000065_332076,332076,Administración Hotelera Y De Turismo,al_hr_pe.edu_inst_260000065
edu_career_260000065_333016,333016,Administración Y Marketing,al_hr_pe.edu_inst_260000065
edu_career_260000065_335026,335026,Administración De Negocios Internacionales,al_hr_pe.edu_inst_260000065
edu_career_260000065_335136,335136,Relaciones Internacionales,al_hr_pe.edu_inst_260000065
edu_career_260000065_341116,341116,Ingeniería Económica,al_hr_pe.edu_inst_260000065
edu_career_260000065_342056,342056,Contabilidad,al_hr_pe.edu_inst_260000065
edu_career_260000065_351056,351056,Derecho Y Ciencia Política,al_hr_pe.edu_inst_260000065
edu_career_260000065_511016,511016,Ingeniería De Seguridad Y Auditoría Informática,al_hr_pe.edu_inst_260000065
edu_career_260000065_511026,511026,Ingeniería De Sistemas,al_hr_pe.edu_inst_260000065
edu_career_260000065_511126,511126,Ingeniería De Software,al_hr_pe.edu_inst_260000065
edu_career_260000065_512016,512016,Ingeniería De Redes Y Comunicaciones,al_hr_pe.edu_inst_260000065
edu_career_260000065_512066,512066,Ingeniería De Telecomunicaciones Y Telemática,al_hr_pe.edu_inst_260000065
edu_career_260000065_521046,521046,Ingeniería Industrial,al_hr_pe.edu_inst_260000065
edu_career_260000065_524036,524036,Ingeniería Eléctrica Y De Potencia,al_hr_pe.edu_inst_260000065
edu_career_260000065_525016,525016,Ingeniería Electrónica,al_hr_pe.edu_inst_260000065
edu_career_260000065_526026,526026,Ingeniería Electromecánica,al_hr_pe.edu_inst_260000065
edu_career_260000065_526036,526036,Ingeniería Mecánica,al_hr_pe.edu_inst_260000065
edu_career_260000065_526076,526076,Ingeniería Mecatrónica,al_hr_pe.edu_inst_260000065
edu_career_260000065_528016,528016,Ingeniería Textil,al_hr_pe.edu_inst_260000065
edu_career_260000065_592036,592036,Ingeniería Aeronáutica,al_hr_pe.edu_inst_260000065
edu_career_260000065_592076,592076,Ingeniería Marítima,al_hr_pe.edu_inst_260000065
edu_career_260000065_592086,592086,Ingeniería Naval,al_hr_pe.edu_inst_260000065
edu_career_260000065_599016,599016,Ingeniería Automotriz,al_hr_pe.edu_inst_260000065
edu_career_260000065_599026,599026,Ingeniería Biomédica,al_hr_pe.edu_inst_260000065
edu_career_260000065_599036,599036,Ingeniería De Diseño Gráfico,al_hr_pe.edu_inst_260000065
edu_career_260000067_199016,199016,Educación,al_hr_pe.edu_inst_260000067
edu_career_260000067_313016,313016,Psicología,al_hr_pe.edu_inst_260000067
edu_career_260000067_321016,321016,Ciencias Tecnológicas De La Comunicación,al_hr_pe.edu_inst_260000067
edu_career_260000067_331016,331016,Administración,al_hr_pe.edu_inst_260000067
edu_career_260000067_334036,334036,Ingeniería En Agronegocios,al_hr_pe.edu_inst_260000067
edu_career_260000067_341026,341026,Economía,al_hr_pe.edu_inst_260000067
edu_career_260000067_342056,342056,Contabilidad,al_hr_pe.edu_inst_260000067
edu_career_260000067_351016,351016,Derecho,al_hr_pe.edu_inst_260000067
edu_career_260000067_511056,511056,Ingeniería De Sistemas E Informática,al_hr_pe.edu_inst_260000067
edu_career_260000067_521046,521046,Ingeniería Industrial,al_hr_pe.edu_inst_260000067
edu_career_260000067_524026,524026,Ingeniería Eléctrica,al_hr_pe.edu_inst_260000067
edu_career_260000067_526036,526036,Ingeniería Mecánica,al_hr_pe.edu_inst_260000067
edu_career_260000067_527016,527016,Ingeniería De Minas,al_hr_pe.edu_inst_260000067
edu_career_260000067_531016,531016,Ingeniería Civil,al_hr_pe.edu_inst_260000067
edu_career_260000067_533026,533026,Arquitectura,al_hr_pe.edu_inst_260000067
edu_career_260000067_594056,594056,Ingeniería Ambiental,al_hr_pe.edu_inst_260000067
edu_career_260000067_711026,711026,Medicina Humana,al_hr_pe.edu_inst_260000067
edu_career_260000067_713026,713026,Odontología,al_hr_pe.edu_inst_260000067
edu_career_260000067_714016,714016,Enfermería,al_hr_pe.edu_inst_260000067
edu_career_260000068_221046,221046,Artes Escénicas Y Literatura,al_hr_pe.edu_inst_260000068
edu_career_260000068_313016,313016,Psicología,al_hr_pe.edu_inst_260000068
edu_career_260000068_321126,321126,Comunicación Y Publicidad,al_hr_pe.edu_inst_260000068
edu_career_260000068_331096,331096,Administración Y Finanzas,al_hr_pe.edu_inst_260000068
edu_career_260000068_332056,332056,Administración De Turismo Sostenible Y Hotelería,al_hr_pe.edu_inst_260000068
edu_career_260000068_333056,333056,Marketing Y Administración,al_hr_pe.edu_inst_260000068
edu_career_260000068_333106,333106,Marketing Y Publicidad,al_hr_pe.edu_inst_260000068
edu_career_260000068_334026,334026,Ingeniería De Negocios Agro-Forestales,al_hr_pe.edu_inst_260000068
edu_career_260000068_335026,335026,Administración De Negocios Internacionales,al_hr_pe.edu_inst_260000068
edu_career_260000068_335116,335116,Negocios Internacionales,al_hr_pe.edu_inst_260000068
edu_career_260000068_341126,341126,Ingeniería Económicas Y De Negocios,al_hr_pe.edu_inst_260000068
edu_career_260000068_351016,351016,Derecho,al_hr_pe.edu_inst_260000068
edu_career_260000068_411036,411036,Biología Marina Y Econegocios,al_hr_pe.edu_inst_260000068
edu_career_260000068_511046,511046,Ingeniería De Sistemas De Información Y Gestión,al_hr_pe.edu_inst_260000068
edu_career_260000068_511066,511066,Ingeniería De Sistemas Empresariales,al_hr_pe.edu_inst_260000068
edu_career_260000068_533106,533106,Arquitectura Y Urbanismo Ambiental,al_hr_pe.edu_inst_260000068
edu_career_260000068_594116,594116,Ingeniería Y Gestión Ambiental,al_hr_pe.edu_inst_260000068
edu_career_260000068_621036,621036,Medicina Veterinaria Y Zootecnia,al_hr_pe.edu_inst_260000068
edu_career_260000068_711026,711026,Medicina Humana,al_hr_pe.edu_inst_260000068
edu_career_260000068_712076,712076,Nutrición Y Dietética,al_hr_pe.edu_inst_260000068
edu_career_260000068_713016,713016,Estomatología,al_hr_pe.edu_inst_260000068
edu_career_260000069_111026,111026,Educación Inicial,al_hr_pe.edu_inst_260000069
edu_career_260000069_112016,112016,Educación Primaria,al_hr_pe.edu_inst_260000069
edu_career_260000069_121016,121016,Educación Secundaria,al_hr_pe.edu_inst_260000069
edu_career_260000069_313016,313016,Psicología,al_hr_pe.edu_inst_260000069
edu_career_260000069_321136,321136,Comunicación,al_hr_pe.edu_inst_260000069
edu_career_260000069_331036,331036,Administración De Empresas,al_hr_pe.edu_inst_260000069
edu_career_260000069_332116,332116,Administración Hotelera Y De Servicios,al_hr_pe.edu_inst_260000069
edu_career_260000069_341026,341026,Economía,al_hr_pe.edu_inst_260000069
edu_career_260000069_342056,342056,Contabilidad,al_hr_pe.edu_inst_260000069
edu_career_260000069_351016,351016,Derecho,al_hr_pe.edu_inst_260000069
edu_career_260000069_511076,511076,Ingeniería De Sistemas Y Computación,al_hr_pe.edu_inst_260000069
edu_career_260000069_521046,521046,Ingeniería Industrial,al_hr_pe.edu_inst_260000069
edu_career_260000069_524076,524076,Ingeniería Energética,al_hr_pe.edu_inst_260000069
edu_career_260000069_526056,526056,Ingeniería Mecánica Y Eléctrica,al_hr_pe.edu_inst_260000069
edu_career_260000069_531026,531026,Ingeniería Civil Y Ambiental,al_hr_pe.edu_inst_260000069
edu_career_260000069_533026,533026,Arquitectura,al_hr_pe.edu_inst_260000069
edu_career_260000069_592086,592086,Ingeniería Naval,al_hr_pe.edu_inst_260000069
edu_career_260000069_711016,711016,Medicina,al_hr_pe.edu_inst_260000069
edu_career_260000069_713026,713026,Odontología,al_hr_pe.edu_inst_260000069
edu_career_260000069_714016,714016,Enfermería,al_hr_pe.edu_inst_260000069
edu_career_260000070_313016,313016,Psicología,al_hr_pe.edu_inst_260000070
edu_career_260000070_331036,331036,Administración De Empresas,al_hr_pe.edu_inst_260000070
edu_career_260000070_331176,331176,Ingeniería Comercial,al_hr_pe.edu_inst_260000070
edu_career_260000070_332156,332156,"Administración Turística, Hotelería Y Gastronomía",al_hr_pe.edu_inst_260000070
edu_career_260000070_335026,335026,Administración Y Negocios Internacionales,al_hr_pe.edu_inst_260000070
edu_career_260000070_342106,342106,Contabilidad Y Finanzas,al_hr_pe.edu_inst_260000070
edu_career_260000070_351056,351056,Derecho Y Ciencia Política,al_hr_pe.edu_inst_260000070
edu_career_260000070_511056,511056,Ingeniería Informática Y De Sistemas,al_hr_pe.edu_inst_260000070
edu_career_260000070_521016,521016,Ingeniería Ambiental Y De Prevención De Riesgos,al_hr_pe.edu_inst_260000070
edu_career_260000070_713016,713016,Estomatología,al_hr_pe.edu_inst_260000070
edu_career_260000070_714016,714016,Enfermería,al_hr_pe.edu_inst_260000070
edu_career_260000070_716026,716026,Farmacia Y Bioquímica,al_hr_pe.edu_inst_260000070
edu_career_260000071_111026,111026,Educación Inicial,al_hr_pe.edu_inst_260000071
edu_career_260000071_111076,111076,Educación Básica Bilingüe Intercultural,al_hr_pe.edu_inst_260000071
edu_career_260000071_112016,112016,Educación Primaria,al_hr_pe.edu_inst_260000071
edu_career_260000071_121016,121016,Educación Secundaria,al_hr_pe.edu_inst_260000071
edu_career_260000071_141026,141026,Educación Especial,al_hr_pe.edu_inst_260000071
edu_career_260000071_215016,215016,Archivística Y Gestión Documental,al_hr_pe.edu_inst_260000071
edu_career_260000071_313016,313016,Psicología,al_hr_pe.edu_inst_260000071
edu_career_260000071_331016,331016,Administración,al_hr_pe.edu_inst_260000071
edu_career_260000071_335026,335026,Administración Y Negocios Internacionales,al_hr_pe.edu_inst_260000071
edu_career_260000071_341026,341026,Economía,al_hr_pe.edu_inst_260000071
edu_career_260000071_342056,342056,Contabilidad,al_hr_pe.edu_inst_260000071
edu_career_260000071_342106,342106,Contabilidad Y Finanzas,al_hr_pe.edu_inst_260000071
edu_career_260000071_511156,511156,Ingeniería Informática,al_hr_pe.edu_inst_260000071
edu_career_260000071_521046,521046,Ingeniería Industrial,al_hr_pe.edu_inst_260000071
edu_career_260000071_523056,523056,Ingeniería Agroindustrial Y De Biocomercio,al_hr_pe.edu_inst_260000071
edu_career_260000071_531016,531016,Ingeniería Civil,al_hr_pe.edu_inst_260000071
edu_career_260000071_594056,594056,Ingeniería Ambiental,al_hr_pe.edu_inst_260000071
edu_career_260000071_599046,599046,Ingeniería De Transportes,al_hr_pe.edu_inst_260000071
edu_career_260000071_611066,611066,Ingeniería Agraria,al_hr_pe.edu_inst_260000071
edu_career_260000071_612036,612036,Ingeniería Agroforestal,al_hr_pe.edu_inst_260000071
edu_career_260000071_712076,712076,Nutrición Y Dietética,al_hr_pe.edu_inst_260000071
edu_career_260000071_714016,714016,Enfermería,al_hr_pe.edu_inst_260000071
edu_career_260000071_715086,715086,Tecnología Médica - Terapia Física Y Rehabilitación,al_hr_pe.edu_inst_260000071
edu_career_260000072_222016,222016,Artes Y Diseño Gráfico Empresarial,al_hr_pe.edu_inst_260000072
edu_career_260000072_313016,313016,Psicología,al_hr_pe.edu_inst_260000072
edu_career_260000072_321026,321026,Ciencias De La Comunicación,al_hr_pe.edu_inst_260000072
edu_career_260000072_331016,331016,Administración,al_hr_pe.edu_inst_260000072
edu_career_260000072_332346,332346,Turismo Y Negocios,al_hr_pe.edu_inst_260000072
edu_career_260000072_335116,335116,Negocios Internacionales,al_hr_pe.edu_inst_260000072
edu_career_260000072_336016,336016,Administración Pública,al_hr_pe.edu_inst_260000072
edu_career_260000072_341116,341116,Ingeniería Económica,al_hr_pe.edu_inst_260000072
edu_career_260000072_342056,342056,Contabilidad,al_hr_pe.edu_inst_260000072
edu_career_260000072_351016,351016,Derecho,al_hr_pe.edu_inst_260000072
edu_career_260000072_511026,511026,Ingeniería De Sistemas,al_hr_pe.edu_inst_260000072
edu_career_260000072_521046,521046,Ingeniería Industrial,al_hr_pe.edu_inst_260000072
edu_career_260000072_523046,523046,Ingeniería Agroindustrial Y Comercio Exterior,al_hr_pe.edu_inst_260000072
edu_career_260000072_526056,526056,Ingeniería Mecánica Y Eléctrica,al_hr_pe.edu_inst_260000072
edu_career_260000072_531016,531016,Ingeniería Civil,al_hr_pe.edu_inst_260000072
edu_career_260000072_533026,533026,Arquitectura,al_hr_pe.edu_inst_260000072
edu_career_260000072_533136,533136,Urbanismo,al_hr_pe.edu_inst_260000072
edu_career_260000072_711026,711026,Medicina Humana,al_hr_pe.edu_inst_260000072
edu_career_260000072_713016,713016,Estomatología,al_hr_pe.edu_inst_260000072
edu_career_260000072_714016,714016,Enfermería,al_hr_pe.edu_inst_260000072
edu_career_260000074_111026,111026,Educación Inicial,al_hr_pe.edu_inst_260000074
edu_career_260000074_112016,112016,Educación Primaria,al_hr_pe.edu_inst_260000074
edu_career_260000074_121016,121016,Educación Secundaria,al_hr_pe.edu_inst_260000074
edu_career_260000074_141016,141016,Educación Especial,al_hr_pe.edu_inst_260000074
edu_career_260000074_216026,216026,Teología,al_hr_pe.edu_inst_260000074
edu_career_260000074_313016,313016,Psicología,al_hr_pe.edu_inst_260000074
edu_career_260000074_321026,321026,Ciencias De La Comunicación,al_hr_pe.edu_inst_260000074
edu_career_260000074_331016,331016,Administración,al_hr_pe.edu_inst_260000074
edu_career_260000074_331096,331096,Administración Y Finanzas,al_hr_pe.edu_inst_260000074
edu_career_260000074_332136,332136,Administración Turística,al_hr_pe.edu_inst_260000074
edu_career_260000074_332236,332236,Gerencia En Servicios Turísticos Y Hoteleros,al_hr_pe.edu_inst_260000074
edu_career_260000074_342056,342056,Contabilidad,al_hr_pe.edu_inst_260000074
edu_career_260000074_351016,351016,Derecho,al_hr_pe.edu_inst_260000074
edu_career_260000074_352016,352016,Ciencia Política,al_hr_pe.edu_inst_260000074
edu_career_260000074_511156,511156,Ingeniería Informática,al_hr_pe.edu_inst_260000074
edu_career_260000074_521046,521046,Ingeniería Industrial,al_hr_pe.edu_inst_260000074
edu_career_260000074_523026,523026,Ingeniería Agroindustrial,al_hr_pe.edu_inst_260000074
edu_career_260000074_526056,526056,Ingeniería Mecánica Eléctrica,al_hr_pe.edu_inst_260000074
edu_career_260000074_527016,527016,Ingeniería De Minas,al_hr_pe.edu_inst_260000074
edu_career_260000074_594056,594056,Ingeniería Ambiental,al_hr_pe.edu_inst_260000074
edu_career_260000074_714016,714016,Enfermería,al_hr_pe.edu_inst_260000074
edu_career_260000078_222026,222026,Arte Y Diseño Empresarial,al_hr_pe.edu_inst_260000078
edu_career_260000078_321026,321026,Ciencias De La Comunicación,al_hr_pe.edu_inst_260000078
edu_career_260000078_331116,331116,Administración Y Gestión De Empresas,al_hr_pe.edu_inst_260000078
edu_career_260000078_332046,332046,Administración De Servicios Turísticos,al_hr_pe.edu_inst_260000078
edu_career_260000078_333096,333096,Marketing Y Negocios Internacionales,al_hr_pe.edu_inst_260000078
edu_career_260000078_342106,342106,Contabilidad Y Finanzas,al_hr_pe.edu_inst_260000078
edu_career_260000078_351016,351016,Derecho,al_hr_pe.edu_inst_260000078
edu_career_260000078_511076,511076,Ingeniería De Computación Y Sistemas,al_hr_pe.edu_inst_260000078
edu_career_260000078_521046,521046,Ingeniería Industrial,al_hr_pe.edu_inst_260000078
edu_career_260000078_525016,525016,Ingeniería Electrónica,al_hr_pe.edu_inst_260000078
edu_career_260000079_313026,313026,Psicología Del Consumidor,al_hr_pe.edu_inst_260000079
edu_career_260000079_313046,313046,Psicología Organizacional,al_hr_pe.edu_inst_260000079
edu_career_260000079_331096,331096,Administración Y Finanzas,al_hr_pe.edu_inst_260000079
edu_career_260000079_333016,333016,Administración Y Marketing,al_hr_pe.edu_inst_260000079
edu_career_260000079_341106,341106,Economía Y Negocios Internacionales,al_hr_pe.edu_inst_260000079
edu_career_260000079_351026,351026,Derecho Corporativo,al_hr_pe.edu_inst_260000079
edu_career_260000079_512036,512036,Ingeniería De Tecnologías De La Información Y Sistemas,al_hr_pe.edu_inst_260000079
edu_career_260000079_521056,521056,Ingeniería Industrial Y Comercial,al_hr_pe.edu_inst_260000079
edu_career_260000080_199016,199016,Educación,al_hr_pe.edu_inst_260000080
edu_career_260000080_216016,216016,Filosofía,al_hr_pe.edu_inst_260000080
edu_career_260000080_313016,313016,Psicología,al_hr_pe.edu_inst_260000080
edu_career_260000080_322026,322026,Periodismo,al_hr_pe.edu_inst_260000080
edu_career_260000080_331016,331016,Administración,al_hr_pe.edu_inst_260000080
edu_career_260000080_332306,332306,Turismo Sostenible,al_hr_pe.edu_inst_260000080
edu_career_260000080_341086,341086,Economía Y Gestión Ambiental,al_hr_pe.edu_inst_260000080
edu_career_260000080_351016,351016,Derecho,al_hr_pe.edu_inst_260000080
edu_career_260000080_352016,352016,Ciencia Política,al_hr_pe.edu_inst_260000080
edu_career_260000080_521046,521046,Ingeniería Industrial,al_hr_pe.edu_inst_260000080
edu_career_260000081_332096,332096,"Administración En Turismo, Hotelería Y Gastronomía",al_hr_pe.edu_inst_260000081
edu_career_260000081_335026,335026,Administración Y Negocios Internacionales,al_hr_pe.edu_inst_260000081
edu_career_260000081_342076,342076,"Contabilidad, Auditoría Y Finanzas",al_hr_pe.edu_inst_260000081
edu_career_260000081_351016,351016,Derecho,al_hr_pe.edu_inst_260000081
edu_career_260000081_511056,511056,Ingeniería De Sistemas E Informática,al_hr_pe.edu_inst_260000081
edu_career_260000081_512046,512046,Ingeniería En Telecomunicaciones,al_hr_pe.edu_inst_260000081
edu_career_260000081_521046,521046,Ingeniería Industrial,al_hr_pe.edu_inst_260000081
edu_career_260000082_111076,111076,Educación Inicial Bilingüe,al_hr_pe.edu_inst_260000082
edu_career_260000082_112056,112056,Educación Primaria Bilingüe,al_hr_pe.edu_inst_260000082
edu_career_260000082_121046,121046,Educación Secundaria Bilingüe,al_hr_pe.edu_inst_260000082
edu_career_260000082_511156,511156,Ingeniería Informática,al_hr_pe.edu_inst_260000082
edu_career_260000082_611036,611036,Ciencias Agrarias,al_hr_pe.edu_inst_260000082
edu_career_260000083_313016,313016,Psicología,al_hr_pe.edu_inst_260000083
edu_career_260000083_321026,321026,Ciencias De La Comunicación,al_hr_pe.edu_inst_260000083
edu_career_260000083_331046,331046,Administración De Negocios,al_hr_pe.edu_inst_260000083
edu_career_260000083_332036,332036,Administración De Negocios Turísticos Y Hoteleros,al_hr_pe.edu_inst_260000083
edu_career_260000083_332216,332216,"Gastronomía, Arte Culinario Y Gestión De Restaurantes",al_hr_pe.edu_inst_260000083
edu_career_260000083_333086,333086,Marketing Y Negocios Globales,al_hr_pe.edu_inst_260000083
edu_career_260000083_335016,335016,Administración De Negocios Globales,al_hr_pe.edu_inst_260000083
edu_career_260000083_342106,342106,Contabilidad Y Finanzas,al_hr_pe.edu_inst_260000083
edu_career_260000083_351026,351026,Derecho Corporativo,al_hr_pe.edu_inst_260000083
edu_career_260000083_351056,351056,Derecho Y Ciencias Políticas,al_hr_pe.edu_inst_260000083
edu_career_260000083_511056,511056,Ingeniería De Sistemas E Informática,al_hr_pe.edu_inst_260000083
edu_career_260000083_521056,521056,Ingeniería Industrial Y Comercial,al_hr_pe.edu_inst_260000083
edu_career_260000083_523026,523026,Ingeniería Agroindustrial,al_hr_pe.edu_inst_260000083
edu_career_260000083_531036,531036,Ingeniería Civil Y Desarrollo Inmobiliario,al_hr_pe.edu_inst_260000083
edu_career_260000083_533096,533096,Arquitectura Y Urbanismo,al_hr_pe.edu_inst_260000083
edu_career_260000083_713026,713026,Odontologia,al_hr_pe.edu_inst_260000083
edu_career_260000083_714016,714016,Enfermería,al_hr_pe.edu_inst_260000083
edu_career_260000083_717016,717016,Obstetricia,al_hr_pe.edu_inst_260000083
edu_career_260000085_351056,351056,Derecho Y Ciencias Políticas,al_hr_pe.edu_inst_260000085
edu_career_260000085_511076,511076,Ingeniería De Sistemas Y Computación,al_hr_pe.edu_inst_260000085
edu_career_260000085_717016,717016,Obstetricia,al_hr_pe.edu_inst_260000085
edu_career_260000086_331046,331046,Administración De Negocios,al_hr_pe.edu_inst_260000086
edu_career_260000086_342046,342046,Ciencias Contables Y Financieras,al_hr_pe.edu_inst_260000086
edu_career_260000086_351056,351056,Derecho Y Ciencias Políticas,al_hr_pe.edu_inst_260000086
edu_career_260000086_511026,511026,Ingeniería De Sistemas,al_hr_pe.edu_inst_260000086
edu_career_260000087_313016,313016,Psicología,al_hr_pe.edu_inst_260000087
edu_career_260000087_331096,331096,Administración Y Finanzas,al_hr_pe.edu_inst_260000087
edu_career_260000087_511026,511026,Ingeniería De Sistemas,al_hr_pe.edu_inst_260000087
edu_career_260000087_522036,522036,Ingeniería En Industrias Alimentarias,al_hr_pe.edu_inst_260000087
edu_career_260000087_714016,714016,Enfermería,al_hr_pe.edu_inst_260000087
edu_career_260000090_333096,333096,Marketing Y Negocios Internacionales,al_hr_pe.edu_inst_260000090
edu_career_260000090_342106,342106,Contabilidad Y Finanzas,al_hr_pe.edu_inst_260000090
edu_career_260000090_351016,351016,Derecho,al_hr_pe.edu_inst_260000090
edu_career_260000090_511056,511056,Ingeniería De Sistemas E Informática,al_hr_pe.edu_inst_260000090
edu_career_260000090_531016,531016,Ingeniería Civil,al_hr_pe.edu_inst_260000090
edu_career_260000091_342106,342106,Contabilidad Y Finanzas,al_hr_pe.edu_inst_260000091
edu_career_260000091_351016,351016,Derecho,al_hr_pe.edu_inst_260000091
edu_career_260000091_511156,511156,Ingeniería Informática,al_hr_pe.edu_inst_260000091
edu_career_260000091_594056,594056,Ingeniería Ambiental,al_hr_pe.edu_inst_260000091
edu_career_260000091_714016,714016,Enfermería,al_hr_pe.edu_inst_260000091
edu_career_260000092_321046,321046,Ciencias De La Comunicación Y Publicidad,al_hr_pe.edu_inst_260000092
edu_career_260000092_331176,331176,Ingeniería Comercial,al_hr_pe.edu_inst_260000092
edu_career_260000092_332126,332126,Administración Hotelera Y Ecoturismo,al_hr_pe.edu_inst_260000092
edu_career_260000092_342066,342066,Contabilidad Administrativa Y Auditoría,al_hr_pe.edu_inst_260000092
edu_career_260000092_511096,511096,Ingeniería De Sistemas Y Seguridad Informática,al_hr_pe.edu_inst_260000092
edu_career_260000093_333096,333096,Marketing Y Negocios Internacionales,al_hr_pe.edu_inst_260000093
edu_career_260000093_351056,351056,Derecho Y Ciencias Políticas,al_hr_pe.edu_inst_260000093
edu_career_260000093_511056,511056,Ingeniería De Sistemas E Informática,al_hr_pe.edu_inst_260000093
edu_career_260000093_531016,531016,Ingeniería Civil,al_hr_pe.edu_inst_260000093
edu_career_260000093_714016,714016,Enfermería,al_hr_pe.edu_inst_260000093
edu_career_260000094_332356,332356,"Turismo, Hotelería Y Gastronomía",al_hr_pe.edu_inst_260000094
edu_career_260000094_351056,351056,Derecho Y Ciencias Políticas,al_hr_pe.edu_inst_260000094
edu_career_260000094_511026,511026,Ingeniería De Sistemas,al_hr_pe.edu_inst_260000094
edu_career_260000094_713016,713016,Estomatología,al_hr_pe.edu_inst_260000094
edu_career_260000094_714016,714016,Enfermería,al_hr_pe.edu_inst_260000094
edu_career_260000096_313016,313016,Psicología,al_hr_pe.edu_inst_260000096
edu_career_260000096_331016,331016,Administración,al_hr_pe.edu_inst_260000096
edu_career_260000096_342056,342056,Contabilidad,al_hr_pe.edu_inst_260000096
edu_career_260000096_351016,351016,Derecho,al_hr_pe.edu_inst_260000096
edu_career_260000096_511026,511026,Ingeniería De Sistemas,al_hr_pe.edu_inst_260000096
edu_career_260000097_112046,112046,Educación Primaria E Intercultural,al_hr_pe.edu_inst_260000097
edu_career_260000097_342056,342056,Contabilidad,al_hr_pe.edu_inst_260000097
edu_career_260000097_511056,511056,Ingeniería De Sistemas E Informática,al_hr_pe.edu_inst_260000097
edu_career_260000097_525016,525016,Ingeniería Electrónica,al_hr_pe.edu_inst_260000097
edu_career_260000097_714016,714016,Enfermería,al_hr_pe.edu_inst_260000097
edu_career_260000099_199016,199016,Educación,al_hr_pe.edu_inst_260000099
edu_career_260000099_313016,313016,Psicología,al_hr_pe.edu_inst_260000099
edu_career_260000099_331176,331176,Ingeniería Comercial,al_hr_pe.edu_inst_260000099
edu_career_260000099_332126,332126,Administración Hotelera Y Ecoturismo,al_hr_pe.edu_inst_260000099
edu_career_260000099_512076,512076,Ingeniería Teleinformática,al_hr_pe.edu_inst_260000099
edu_career_260000100_322026,322026,Periodismo,al_hr_pe.edu_inst_260000100
edu_career_260000102_331036,331036,Administración De Empresas,al_hr_pe.edu_inst_260000102
edu_career_260000102_351056,351056,Derecho Y Ciencia Política,al_hr_pe.edu_inst_260000102
edu_career_260000102_531016,531016,Ingeniería Civil,al_hr_pe.edu_inst_260000102
edu_career_260000102_714016,714016,Enfermería,al_hr_pe.edu_inst_260000102
edu_career_260000102_717016,717016,Obstetricia,al_hr_pe.edu_inst_260000102
edu_career_260000103_713016,713016,Estomatología,al_hr_pe.edu_inst_260000103
edu_career_260000103_714016,714016,Enfermería,al_hr_pe.edu_inst_260000103
edu_career_260000103_715086,715086,Terapia Física Y Rehabilitación,al_hr_pe.edu_inst_260000103
edu_career_260000103_716026,716026,Farmacia Y Bioquímica,al_hr_pe.edu_inst_260000103
edu_career_260000103_717016,717016,Obstetricia,al_hr_pe.edu_inst_260000103
edu_career_260000104_332036,332036,Administración De Negocios Turísticos Y Hoteleros,al_hr_pe.edu_inst_260000104
edu_career_260000104_332196,332196,Gastronomía Y Arte Culinario,al_hr_pe.edu_inst_260000104
edu_career_260000104_522016,522016,Industrias Alimentarias,al_hr_pe.edu_inst_260000104
edu_career_260000104_712066,712066,"Nutrición, Salud Y Técnicas Alimentarias",al_hr_pe.edu_inst_260000104
edu_career_260000105_335026,335026,Administracion Y Negocios Internacionales,al_hr_pe.edu_inst_260000105
edu_career_260000105_713016,713016,Estomatologia,al_hr_pe.edu_inst_260000105
edu_career_260000105_714016,714016,Enfermería,al_hr_pe.edu_inst_260000105
edu_career_260000105_716026,716026,Farmacia Y Bioquímica,al_hr_pe.edu_inst_260000105
edu_career_260000105_717016,717016,Obstetricia,al_hr_pe.edu_inst_260000105
edu_career_260000107_331176,331176,Ingeniería Comercial,al_hr_pe.edu_inst_260000107
edu_career_260000107_332136,332136,Administración Turística,al_hr_pe.edu_inst_260000107
edu_career_260000107_333016,333016,Administración Y Marketing,al_hr_pe.edu_inst_260000107
edu_career_260000107_511026,511026,Ingeniería De Sistemas,al_hr_pe.edu_inst_260000107
edu_career_260000107_594056,594056,Ingeniería Ambiental,al_hr_pe.edu_inst_260000107
edu_career_260000108_222066,222066,Diseño Gráfico Publicitario,al_hr_pe.edu_inst_260000108
edu_career_260000108_321136,321136,Comunicación,al_hr_pe.edu_inst_260000108
edu_career_260000108_533036,533036,Arquitectura De Interiores,al_hr_pe.edu_inst_260000108
edu_career_260000109_222036,222036,Dirección De Arte Gráficas Y Publicitarias,al_hr_pe.edu_inst_260000109
edu_career_260000109_533016,533016,Arqueoarquitectura Y Gestión Turística,al_hr_pe.edu_inst_260000109
edu_career_260000109_533036,533036,Arquitectura De Interiores,al_hr_pe.edu_inst_260000109
edu_career_260000110_331016,331016,Administración,al_hr_pe.edu_inst_260000110
edu_career_260000110_511076,511076,Ingeniería De Computación Y Sistemas,al_hr_pe.edu_inst_260000110
edu_career_260000110_714016,714016,Enfermería,al_hr_pe.edu_inst_260000110
edu_career_260000111_332356,332356,Turismo Hotelería Y Gastronomía,al_hr_pe.edu_inst_260000111
edu_career_260000111_714016,714016,Enfermería,al_hr_pe.edu_inst_260000111
edu_career_260000111_717016,717016,Obstetricia,al_hr_pe.edu_inst_260000111
edu_career_260000112_313016,313016,Psicología,al_hr_pe.edu_inst_260000112
edu_career_260000112_335086,335086,Ingeniería Comercial Y Negocios Internacionales,al_hr_pe.edu_inst_260000112
edu_career_260000112_511116,511116,Ingeniería De Sistemas Y Tecnológicas,al_hr_pe.edu_inst_260000112
edu_career_260000112_523026,523026,Ingeniería Agroindustrial,al_hr_pe.edu_inst_260000112
edu_career_260000113_331036,331036,Administración De Empresas,al_hr_pe.edu_inst_260000113
edu_career_260000113_331196,331196,Ingeniería De Negocios,al_hr_pe.edu_inst_260000113
edu_career_260000113_332356,332356,"Turismo, Hotelería Y Gastronomía",al_hr_pe.edu_inst_260000113
edu_career_260000113_342076,342076,"Contabilidad, Finanzas Y Auditoria",al_hr_pe.edu_inst_260000113
edu_career_260000113_511056,511056,Ingeniería De Sistemas E Informática,al_hr_pe.edu_inst_260000113
edu_career_260000114_332296,332296,Turismo Con Especialidades De: Gestión Turística Y Medio Ambiente,al_hr_pe.edu_inst_260000114
edu_career_260000114_341106,341106,Economía Y Negocios Internacionales,al_hr_pe.edu_inst_260000114
edu_career_260000114_342046,342046,Ciencias Contables Y Finanzas,al_hr_pe.edu_inst_260000114
edu_career_260000115_214026,214026,"Lengua, Traducción E Interpretación",al_hr_pe.edu_inst_260000115
edu_career_260000115_331186,331186,Ingeniería Comercial Y Financiera,al_hr_pe.edu_inst_260000115
edu_career_260000115_332356,332356,"Turismo, Hotelería Y Gastronomía",al_hr_pe.edu_inst_260000115
edu_career_260000115_521046,521046,Ingeniería Industrial,al_hr_pe.edu_inst_260000115
edu_career_260000116_111016,111016,Educación Inicial Y Primaria,al_hr_pe.edu_inst_260000116
edu_career_260000116_342106,342106,Contabilidad Y Finanzas,al_hr_pe.edu_inst_260000116
edu_career_260000116_351056,351056,Derecho Y Ciencias Políticas,al_hr_pe.edu_inst_260000116
edu_career_260000117_714016,714016,Enfermería,al_hr_pe.edu_inst_260000117
edu_career_260000117_716026,716026,Farmacia Y Bioquímica,al_hr_pe.edu_inst_260000117
edu_career_260000118_332356,332356,"Turismo, Hotelería Y Gastronomía",al_hr_pe.edu_inst_260000118
edu_career_260000118_351056,351056,Derecho Y Ciencias Políticas,al_hr_pe.edu_inst_260000118
edu_career_260000118_511026,511026,Ingeniería De Sistemas,al_hr_pe.edu_inst_260000118
edu_career_260000118_713016,713016,Estomatología,al_hr_pe.edu_inst_260000118
edu_career_260000118_714016,714016,Enfermeria,al_hr_pe.edu_inst_260000118
edu_career_260000119_331066,331066,Administracion De Servicios,al_hr_pe.edu_inst_260000119
edu_career_260000119_333096,333096,Marketing Y Negocios Internacionales,al_hr_pe.edu_inst_260000119
edu_career_260000119_342106,342106,Contabilidad Y Finanzas,al_hr_pe.edu_inst_260000119
edu_career_260000119_351036,351036,Derecho Empresarial,al_hr_pe.edu_inst_260000119
edu_career_260000119_511146,511146,Ingenieria En Tecnologia Y Sistemas De Informacion,al_hr_pe.edu_inst_260000119
edu_career_260000132_422016,422016,Ingeniería De Procesos Químicos Y Metalúrgicos,al_hr_pe.edu_inst_260000132
edu_career_260000132_521046,521046,Ingeniería Industrial,al_hr_pe.edu_inst_260000132
edu_career_260000132_524016,524016,Ingeniería De Sistemas De Energía,al_hr_pe.edu_inst_260000132
edu_career_260000132_525056,525056,Ingeniería Electrónica Y Automatización,al_hr_pe.edu_inst_260000132
edu_career_260000132_526036,526036,Ingeniería Mecánica,al_hr_pe.edu_inst_260000132
edu_career_260000133_335026,335026,Administración Y Negocios Internacionales,al_hr_pe.edu_inst_260000133
edu_career_260000133_351016,351016,Derecho,al_hr_pe.edu_inst_260000133
edu_career_260000133_511156,511156,Ingeniería Informática,al_hr_pe.edu_inst_260000133
edu_career_260000134_342106,342106,Contabilidad Y Finanzas,al_hr_pe.edu_inst_260000134
edu_career_260000134_511056,511056,Ingeniería De Sistemas E Informática,al_hr_pe.edu_inst_260000134
edu_career_260000134_594056,594056,Ingeniería Ambiental,al_hr_pe.edu_inst_260000134
edu_career_260000134_713026,713026,Odontología,al_hr_pe.edu_inst_260000134
edu_career_260000135_714016,714016,Enfermería,al_hr_pe.edu_inst_260000135
edu_career_260000135_715056,715056,Tecnología Médica: Fisioterapia Y Rehabilitación,al_hr_pe.edu_inst_260000135
edu_career_260000135_716026,716026,Farmacia,al_hr_pe.edu_inst_260000135
edu_career_260000136_333046,333046,Marketing Empresarial,al_hr_pe.edu_inst_260000136
edu_career_260000136_335026,335026,Administración De Negocios Internacionales,al_hr_pe.edu_inst_260000136
edu_career_260000136_714016,714016,Enfermería,al_hr_pe.edu_inst_260000136
edu_career_260000137_342106,342106,Contabilidad Y Finanzas,al_hr_pe.edu_inst_260000137
edu_career_260000137_511106,511106,Ingeniería De Sistemas Y Telemática,al_hr_pe.edu_inst_260000137
edu_career_260000137_526036,526036,Ingeniería Mecánica,al_hr_pe.edu_inst_260000137
edu_career_260000137_611116,611116,Ingeniería Agronómica,al_hr_pe.edu_inst_260000137
edu_career_260000137_714016,714016,Enfermería,al_hr_pe.edu_inst_260000137
edu_career_260000140_111026,111026,Educación Inicial,al_hr_pe.edu_inst_260000140
edu_career_260000140_112016,112016,Educación Primaria,al_hr_pe.edu_inst_260000140
edu_career_260000140_121016,121016,Educación Secundaria,al_hr_pe.edu_inst_260000140
edu_career_260000140_331196,331196,Ingeniería De Negocios,al_hr_pe.edu_inst_260000140
edu_career_260000140_511056,511056,Ingeniería De Sistemas E Informática,al_hr_pe.edu_inst_260000140
edu_career_260000141_351046,351046,Derecho Del Mar Y Servicios Aduaneros,al_hr_pe.edu_inst_260000141
edu_career_260000141_511106,511106,Ingeniería De Sistemas Y Telemática,al_hr_pe.edu_inst_260000141
edu_career_260000141_591016,591016,Ingeniería De La Producción E Industrialización De Recursos Hidrobiológicos,al_hr_pe.edu_inst_260000141
edu_career_260000141_592046,592046,Ingeniería De Navegación Y Marina Mercante,al_hr_pe.edu_inst_260000141
edu_career_260000141_592056,592056,Ingeniería Del Transporte Marítimo Y Gestión Logística Portuaria.,al_hr_pe.edu_inst_260000141
edu_career_260000142_341026,341026,Economía,al_hr_pe.edu_inst_260000142
edu_career_260000142_342026,342026,Contabilidad,al_hr_pe.edu_inst_260000142
edu_career_260000142_351056,351056,Derecho Y Ciencias Políticas,al_hr_pe.edu_inst_260000142
edu_career_260000142_511056,511056,Ingeniería De Sistemas E Informática,al_hr_pe.edu_inst_260000142
edu_career_260000142_714016,714016,Enfermería,al_hr_pe.edu_inst_260000142
edu_career_260000143_342106,342106,Contabilidad Y Finanzas,al_hr_pe.edu_inst_260000143
edu_career_260000143_351016,351016,Derecho,al_hr_pe.edu_inst_260000143
edu_career_260000143_511106,511106,Ingeniería De Sistemas Y Telemática,al_hr_pe.edu_inst_260000143
edu_career_260000143_526036,526036,Ingeniería Mecánica,al_hr_pe.edu_inst_260000143
edu_career_260000143_714016,714016,Enfermería,al_hr_pe.edu_inst_260000143
edu_career_260000144_331056,331056,Administración De Negocios Turísticos,al_hr_pe.edu_inst_260000144
edu_career_260000144_335016,335016,Administración De Negocios Globales,al_hr_pe.edu_inst_260000144
edu_career_260000144_512026,512026,Ingeniería En Tecnología De Información Y Comunicación,al_hr_pe.edu_inst_260000144
edu_career_260000145_331016,331016,Administracion,al_hr_pe.edu_inst_260000145
edu_career_260000145_351016,351016,Derecho,al_hr_pe.edu_inst_260000145
edu_career_260000145_713026,713026,Odontologia,al_hr_pe.edu_inst_260000145
edu_career_260000145_714016,714016,Enfermeria,al_hr_pe.edu_inst_260000145
edu_career_260000145_717016,717016,Obstetricia,al_hr_pe.edu_inst_260000145
edu_career_260000146_333106,333106,Marketing Y Publicidad,al_hr_pe.edu_inst_260000146
edu_career_260000146_335026,335026,Administración De Negocios Internacionales,al_hr_pe.edu_inst_260000146
edu_career_260000146_336036,336036,Gestión De Negocios,al_hr_pe.edu_inst_260000146
edu_career_260000146_342106,342106,Contabilidad Y Finanzas,al_hr_pe.edu_inst_260000146
edu_career_260000146_512016,512016,Administración De Redes Y Seguridad Informática,al_hr_pe.edu_inst_260000146
edu_career_260000501_199016,199016,Educación,al_hr_pe.edu_inst_260000501
edu_career_260000501_216016,216016,Filosofía,al_hr_pe.edu_inst_260000501
edu_career_260000501_216026,216026,Teología,al_hr_pe.edu_inst_260000501
edu_career_270920231_221015,221015,Artes Plásticas Y Visuales,al_hr_pe.edu_inst_270920231
edu_career_270920231_223015,223015,Danza,al_hr_pe.edu_inst_270920231
edu_career_270920488_151045,151045,Educación Musical,al_hr_pe.edu_inst_270920488
edu_career_271114578_151025,151025,Educación Danza,al_hr_pe.edu_inst_271114578
edu_career_271114578_151055,151055,Educación Musical,al_hr_pe.edu_inst_271114578
edu_career_271114578_223015,223015,Danza,al_hr_pe.edu_inst_271114578
edu_career_271114578_224015,224015,Composición,al_hr_pe.edu_inst_271114578
edu_career_271114578_224025,224025,Dirección Musical,al_hr_pe.edu_inst_271114578
edu_career_271114578_224035,224035,Interpretación Musical,al_hr_pe.edu_inst_271114578
edu_career_271114578_224045,224045,Música,al_hr_pe.edu_inst_271114578
edu_career_271114578_224055,224055,Música Y Tecnología De Sonido,al_hr_pe.edu_inst_271114578
edu_career_271114578_224065,224065,Musicología,al_hr_pe.edu_inst_271114578
edu_career_271114578_224075,224075,Producción Musical,al_hr_pe.edu_inst_271114578
edu_career_271114933_121065,121065,"Educación Secundaria, Especialidad: Ciencias Sociales",al_hr_pe.edu_inst_271114933
edu_career_271123488_223015,223015,Danza,al_hr_pe.edu_inst_271123488
edu_career_271123488_224045,224045,Música,al_hr_pe.edu_inst_271123488
edu_career_271124031_222095,222095,Diseño De Interiores,al_hr_pe.edu_inst_271124031
edu_career_271124031_222125,222125,Diseño Gráfico,al_hr_pe.edu_inst_271124031
edu_career_271468180_222075,222075,Direccion Y Diseño Grafico,al_hr_pe.edu_inst_271468180
edu_career_299999999_999999,999999,Carrera No Especificada,al_hr_pe.edu_inst_299999999
