id,code,name,for_executive,for_employee,for_worker
occupation_121001,121001,"Director De Empresas, De Agricultura, Caza, Silvicultura Y",True,True,False
occupation_121002,121002,"Director Ejecutivo, Empresa, Agricultura, Caza, Silvicultur",True,True,False
occupation_121003,121003,"Director General, Empresa/Agricultura",True,True,False
occupation_121004,121004,"Director General, Empresa/Caza",True,True,False
occupation_121005,121005,"Director General, Empresa/Explotacion: Agricola, Forestal Y",True,True,False
occupation_121006,121006,"Director General, Empresa/Pesca",True,True,False
occupation_121007,121007,"Director General, Empresa/Silvicultura",True,True,False
occupation_121008,121008,"Director General, Organizacion/ Caza",True,True,False
occupation_121009,121009,"Director General, Organizacion/Pesca",True,True,False
occupation_121010,121010,"Director General, Organizacion/Silvicultura",True,True,False
occupation_121011,121011,"Gerente General, Empresa/Agricultura",True,True,False
occupation_121012,121012,"Gerente General, Empresa/Caza",True,True,False
occupation_121013,121013,"Gerente General, Empresa/Pesca",True,True,False
occupation_121014,121014,"Gerente General, Empresa/Silvicultura",True,True,False
occupation_121015,121015,"Gerente General, Organizacion/Caza",True,True,False
occupation_121016,121016,"Gerente General, Organizacion/Pesca",True,True,False
occupation_121017,121017,"Gerente General, Organizacion/Silvicultura",True,True,False
occupation_121020,121020,"Presidente Del Directorio, Agricultura, Caza, Silvicultura",True,True,False
occupation_122001,122001,"Director De Empresas, De Industrias Manufactureras, Minas Y",True,True,False
occupation_122002,122002,"Director Ejecutivo, Empresa, Industria Manufacturera, Minas",True,True,False
occupation_122003,122003,"Director General, Empresa/Industria Manufacturera",True,True,False
occupation_122004,122004,"Director General, Empresa/Suministro De Electricidad, Gas Y",True,True,False
occupation_122005,122005,"Gerente General, Empresa/Industria Manufacturera",True,True,False
occupation_122006,122006,"Gerente General, Empresa/Suministro De Electricidad, Gas Y",True,True,False
occupation_122008,122008,"Presidente Del Directorio, Industrias Manufactureras, Minas",True,True,False
occupation_123001,123001,"Director De Empresas, De Construccion Y Obras Publicas",True,True,False
occupation_123002,123002,"Director Ejecutivo, Empresa, De Construccion Y Obras Public",True,True,False
occupation_123003,123003,"Director General, Empresa/Construccion Y Obras Publicas",True,True,False
occupation_123004,123004,"Gerente General, Empresa/Construccion Y Obras Publicas",True,True,False
occupation_123006,123006,"Presidente Del Directorio, Contruccion Y Obras Publicas",True,True,False
occupation_124001,124001,"Director De Empresas, De Comercio Mayorista Y Minorista, Re",True,True,False
occupation_124002,124002,"Director Ejecutivo, Empresa, De Comercio Mayorista Y Minori",True,True,False
occupation_124003,124003,"Director General, Empresa/Comercio Mayorista",True,True,False
occupation_124004,124004,"Director General, Empresa/Comercio Minorista",True,True,False
occupation_124005,124005,"Director General, Organizacion/Comercio Mayorista",True,True,False
occupation_124006,124006,"Director General, Organizacion/Comercio Minorista",True,True,False
occupation_124007,124007,"Director General, Reparacion/Vehiculos, Automotores, Etc.",True,True,False
occupation_124008,124008,"Gerente General, Empresa/Comercio Mayorista",True,True,False
occupation_124009,124009,"Gerente General, Empresa/Comercio Minorista",True,True,False
occupation_124010,124010,"Gerente Organizacion, Empresa/Comercio Mayorista",True,True,False
occupation_124011,124011,"Gerente Organizacion, Empresa/Comercio Minorista",True,True,False
occupation_124013,124013,"Presidente Del Directorio, Comercio Mayorista Y Minorista,",True,True,False
occupation_125001,125001,"Director De Empresas, De Restaurantes Y Hoteleria",True,True,False
occupation_125002,125002,"Director Ejecutivo, Empresa, De Restaurantes Y Hoteleria",True,True,False
occupation_125003,125003,"Director General, Empresa/Hoteleria",True,True,False
occupation_125004,125004,"Director General, Empresa/Restaurante",True,True,False
occupation_125005,125005,"Director General, Organizacion/Hoteleria",True,True,False
occupation_125006,125006,"Director General, Organizacion/Restaurante",True,True,False
occupation_125007,125007,"Gerente General, Empresa/Hoteleria",True,True,False
occupation_125008,125008,"Gerente General, Empresa/Restaurante",True,True,False
occupation_125009,125009,"Gerente General, Organizacion/Hoteleria",True,True,False
occupation_125010,125010,"Gerente General, Organizacion/Restaurantes",True,True,False
occupation_125012,125012,"Presidente Del Directorio, Restaurantes Y Hoteleria",True,True,False
occupation_126001,126001,"Director De Empresas, De Transporte, Almacenamiento Y Comun",True,True,False
occupation_126002,126002,"Director Ejecutivo, Empresa, De Transporte, Almacenamiento",True,True,False
occupation_126003,126003,"Director General, Empresa/Almacenamiento",True,True,False
occupation_126004,126004,"Director General, Empresa/Comunicaciones",True,True,False
occupation_126005,126005,"Director General, Empresa/Transporte",True,True,False
occupation_126006,126006,"Director General, Organizacion/Transporte",True,True,False
occupation_126007,126007,"Gerente General, Empresa/Almacenamiento",True,True,False
occupation_126008,126008,"Gerente General, Empresa/Comunicaciones",True,True,False
occupation_126009,126009,"Gerente General, Empresa/Transporte",True,True,False
occupation_126010,126010,"Gerente General, Organizacion/Transporte",True,True,False
occupation_126012,126012,"Presidente Del Directorio, Transporte, Almacenamiento Y Com",True,True,False
occupation_127001,127001,"Director De Empresas, De Servicios Publicos Y Financieros",True,True,False
occupation_127002,127002,"Director Ejecutivo, Empresa, De Servicios Publicos Y Financ",True,True,False
occupation_127003,127003,"Director General, Empresa/Actividades Culturales",True,True,False
occupation_127004,127004,"Director General, Empresa/Actividades Deportivas",True,True,False
occupation_127005,127005,"Director General, Empresa/Actividades Recreativas",True,True,False
occupation_127006,127006,"Director General, Empresa/Agencia De Viajes",True,True,False
occupation_127007,127007,"Director General, Empresa/Intermediacion Financiera",True,True,False
occupation_127008,127008,"Director General, Empresa/Limpieza",True,True,False
occupation_127009,127009,"Director General, Empresa/Servicio De Empresa",True,True,False
occupation_127010,127010,"Director General, Empresa/Servicio De Sanidad",True,True,False
occupation_127011,127011,"Director General, Empresa/Trabajo Social",True,True,False
occupation_127012,127012,"Director General, Organizacion/Actividades Culturales",True,True,False
occupation_127013,127013,"Director General, Organizacion/Actividades Deportivas",True,True,False
occupation_127014,127014,"Director General, Organizacion/Actividades Recreativas",True,True,False
occupation_127015,127015,"Director General, Organizacion/Agencia De Viajes",True,True,False
occupation_127016,127016,"Director General, Organizacion/Intermediacion Financiera",True,True,False
occupation_127017,127017,"Director General, Organizacion/Limpieza",True,True,False
occupation_127018,127018,"Director General, Organizacion/Servicio De Empresa",True,True,False
occupation_127019,127019,"Director General, Organizacion/Servicio De Sanidad",True,True,False
occupation_127020,127020,"Director General, Organizacion/Trabajo Social",True,True,False
occupation_127021,127021,"Gerente General, Empresa/Actividades Culturales",True,True,False
occupation_127022,127022,"Gerente General, Empresa/Actividades Deportivas",True,True,False
occupation_127023,127023,"Gerente General, Empresa/Actividades Recreativas",True,True,False
occupation_127024,127024,"Gerente General, Empresa/Agencia De Viajes",True,True,False
occupation_127025,127025,"Gerente General, Empresa/Intermediacion Financiera",True,True,False
occupation_127026,127026,"Gerente General, Empresa/Limpieza",True,True,False
occupation_127027,127027,"Gerente General, Empresa/Servicio De Empresa",True,True,False
occupation_127028,127028,"Gerente General, Empresa/Servicio De Sanidad",True,True,False
occupation_127029,127029,"Gerente General, Empresa/Trabajo Social",True,True,False
occupation_127030,127030,"Gerente General, Organizacion/Actividades Culturales",True,True,False
occupation_127031,127031,"Gerente General, Organizacion/Actividades Deportivas",True,True,False
occupation_127032,127032,"Gerente General, Organizacion/Actividades Recreativas",True,True,False
occupation_127033,127033,"Gerente General, Organizacion/Agencia De Viajes",True,True,False
occupation_127034,127034,"Gerente General, Organizacion/Intermediacion Financiera",True,True,False
occupation_127035,127035,"Gerente General, Organizacion/Limpieza",True,True,False
occupation_127036,127036,"Gerente General, Organizacion/Servicio De Empresa",True,True,False
occupation_127037,127037,"Gerente General, Organizacion/Servicio De Sanidad",True,True,False
occupation_127038,127038,"Gerente General, Organizacion/Trabajo Social",True,True,False
occupation_127040,127040,"Presidente Del Directorio, Servicios Publicos Y Financieros",True,True,False
occupation_129004,129004,Gerente De Planta,True,True,False
occupation_129005,129005,Gerente De Produccion,True,True,False
occupation_129006,129006,Gerente Industrial,True,True,False
occupation_136001,136001,Decano,True,True,False
occupation_136002,136002,Decano De Facultad,True,True,False
occupation_136003,136003,Director De Centro Educativo,True,True,False
occupation_136004,136004,Director De Escuela Profesional,True,True,False
occupation_136005,136005,"Director De Esep/Senati, Etc.",True,True,False
occupation_136007,136007,Director De Instituto Academico,True,True,False
occupation_136008,136008,Director De Nucleos Educativos Comunales,True,True,False
occupation_136010,136010,Director Departamental De Educacion,True,True,False
occupation_136012,136012,Rector,True,True,False
occupation_136013,136013,Vice-Rector,True,True,False
occupation_137005,137005,Gerente De Administracion,True,True,False
occupation_137006,137006,Gerente De Creditos,True,True,False
occupation_139010,139010,Gerente De Comercializacion,True,True,False
occupation_139011,139011,Gerente De Ventas,True,True,False
occupation_141001,141001,"Gerente, Agricultura",True,True,False
occupation_141002,141002,"Gerente, Caza",True,True,False
occupation_141003,141003,"Gerente, Explotacion: Agricola, Forestal Y Pecuaria",True,True,False
occupation_141004,141004,"Gerente, Pesca",True,True,False
occupation_141005,141005,"Gerente, Silvicultura",True,True,False
occupation_142001,142001,"Gerente, Explotacion De Minas Y Canteras",True,True,False
occupation_142002,142002,"Gerente, Industria Manufacturera",True,True,False
occupation_142003,142003,"Gerente, Suministro De Electricidad, Gas Y Agua",True,True,False
occupation_143001,143001,"Gerente, Construccion",True,True,False
occupation_144003,144003,"Gerente, Comercio Mayorista",True,True,False
occupation_144004,144004,"Gerente, Comercio Mayorista/ Exportacion",True,True,False
occupation_144005,144005,"Gerente, Comercio Mayorista/ Importacion",True,True,False
occupation_144006,144006,"Gerente, Comercio Minorista",True,True,False
occupation_144007,144007,"Gerente, Comercio Minorista/ Cadena De Almacenes",True,True,False
occupation_144008,144008,"Gerente, Comercio Minorista/ Tiendas",True,True,False
occupation_144009,144009,"Gerente, Comercio Minorista/ Tiendas (Autoservicio)",True,True,False
occupation_144010,144010,"Gerente, Comercio Minorista/ Tiendas (Ventas Con Descuentos",True,True,False
occupation_144011,144011,"Gerente, Comercio Minorista/ Tiendas (Ventas Por Correo)",True,True,False
occupation_144012,144012,"Gerente Reparacion De Vehiculos, Auto Motores, Motocicletas",True,True,False
occupation_144013,144013,"Gerente, Tienda",True,True,False
occupation_145005,145005,"Gerente, Comercio Nep",True,True,False
occupation_146001,146001,"Gerente, Albergue/ Jovenes",True,True,False
occupation_146002,146002,"Gerente, Bar/Discoteca Y Snack Bar",True,True,False
occupation_146003,146003,"Gerente, Cafe-Teatro",True,True,False
occupation_146004,146004,"Gerente, Cafeteria",True,True,False
occupation_146005,146005,"Gerente, Campamento/ Vacaciones",True,True,False
occupation_146006,146006,"Gerente, Cantina/ Empresa",True,True,False
occupation_146007,146007,"Gerente, Casa De Huespedes",True,True,False
occupation_146008,146008,"Gerente, Fonda",True,True,False
occupation_146009,146009,"Gerente, Hosteleria",True,True,False
occupation_146010,146010,"Gerente, Hotel",True,True,False
occupation_146011,146011,"Gerente, Motel",True,True,False
occupation_146012,146012,"Gerente, Parque De Caravanas",True,True,False
occupation_146013,146013,"Gerente, Pension",True,True,False
occupation_146014,146014,"Gerente, Peña",True,True,False
occupation_146015,146015,"Gerente, Restaurante",True,True,False
occupation_146016,146016,"Gerente, Restaurante-Bar",True,True,False
occupation_146017,146017,"Gerente, Restaurante/ Autoservicio",True,True,False
occupation_146018,146018,"Gerente, Snack-Bar",True,True,False
occupation_146019,146019,"Gerente, Taberna",True,True,False
occupation_147001,147001,"Gerente, Almacenamiento",True,True,False
occupation_147002,147002,"Gerente, Comunicaciones",True,True,False
occupation_147003,147003,"Gerente, Transporte",True,True,False
occupation_145003,145003,"Concesionario-Adm., Rest. Y Cafeteria (Fab. Y Ofic.)",True,True,False
occupation_145004,145004,"Concesionario-Adm., Rest. Y Bar/Cafeteria (Tren, Barco, Avi",True,True,False
occupation_211001,211001,Astrofisico,True,True,False
occupation_211002,211002,Astronomo,True,True,False
occupation_211003,211003,Fisico,True,True,False
occupation_211004,211004,"Fisico, Acustica",True,True,False
occupation_211005,211005,"Fisico, Electricidad Y Magnetismo",True,True,False
occupation_211006,211006,"Fisico, Electronica",True,True,False
occupation_211007,211007,"Fisico, Estatica",True,True,False
occupation_211008,211008,"Fisico, Energia Solar (No Convencional)",True,True,False
occupation_211009,211009,"Fisico, Energia Nuclear",True,True,False
occupation_211010,211010,"Fisico, Fisica Nuclear",True,True,False
occupation_211011,211011,"Fisico, Fisica Teorica",True,True,False
occupation_211012,211012,"Fisico, Matematico",True,True,False
occupation_211013,211013,"Fisico, Mecanica",True,True,False
occupation_211014,211014,"Fisico, Optica",True,True,False
occupation_211015,211015,"Fisico, Sonido",True,True,False
occupation_211016,211016,"Fisico, Termodinamica",True,True,False
occupation_211017,211017,"Fisico, Otro",True,True,False
occupation_212001,212001,Cosmografo,True,True,False
occupation_212002,212002,Cosmologo,True,True,False
occupation_212003,212003,Climatologo,True,True,False
occupation_212004,212004,Meteorologo,True,True,False
occupation_212005,212005,"Meteorologo, Climatologia",True,True,False
occupation_212006,212006,"Meteorologo, Prevision Del Tiempo",True,True,False
occupation_213001,213001,Quimico,True,True,False
occupation_213002,213002,Quimico Analista,True,True,False
occupation_213003,213003,"Quimico, Colorantes",True,True,False
occupation_213004,213004,"Quimico, Control De Calidad",True,True,False
occupation_213005,213005,"Quimico, Corrosion",True,True,False
occupation_213006,213006,"Quimico, Cueros Y Pieles",True,True,False
occupation_213007,213007,"Quimico, Detergentes",True,True,False
occupation_213008,213008,"Quimico, Electroquimica",True,True,False
occupation_213009,213009,"Quimico, Farmacia",True,True,False
occupation_213010,213010,"Quimico, Farmacia/ Industria",True,True,False
occupation_213011,213011,"Quimico, Fisica/Otros",True,True,False
occupation_213012,213012,"Quimico, Industria Del Vidrio",True,True,False
occupation_213013,213013,"Quimico, Industria Metalurgica",True,True,False
occupation_213014,213014,"Quimico, Quimica Analitica",True,True,False
occupation_213015,213015,"Quimico, Quimica Inorganica",True,True,False
occupation_213016,213016,"Quimico, Quimica Mineral",True,True,False
occupation_213017,213017,"Quimico, Quimica Organica",True,True,False
occupation_213018,213018,"Quimico, Textiles",True,True,False
occupation_213019,213019,"Quimico, Tinturas",True,True,False
occupation_213020,213020,"Quimico, Otros (No Incluye Ing. Quimico)",True,True,False
occupation_214001,214001,Estratigrafista,True,True,False
occupation_214002,214002,Geodesia,True,True,False
occupation_214003,214003,Geofisico (Incluye Ingenieros),True,True,False
occupation_214004,214004,"Geofisico, Geomorfologia",True,True,False
occupation_214005,214005,"Geofisico, Hidrologia",True,True,False
occupation_214006,214006,"Geofisico, Oceanografia",True,True,False
occupation_214007,214007,"Geofisico, Sismologia",True,True,False
occupation_214008,214008,"Geofisico, Vulcanologia",True,True,False
occupation_214009,214009,Geologo (Incluye Ingenieros),True,True,False
occupation_214010,214010,"Geologo, Estratigrafia",True,True,False
occupation_214011,214011,"Geologo, Minas",True,True,False
occupation_214012,214012,"Geologo, Oceanografia",True,True,False
occupation_214013,214013,"Geologo, Paleontologia",True,True,False
occupation_214014,214014,"Geologo, Petroleo",True,True,False
occupation_214015,214015,Geomorfologo,True,True,False
occupation_214016,214016,Hidrologo,True,True,False
occupation_214017,214017,Micropaleontologo,True,True,False
occupation_214018,214018,Mineralogista,True,True,False
occupation_214019,214019,"Oceanografo, Geofisica",True,True,False
occupation_214020,214020,"Oceanografo, Geologia",True,True,False
occupation_214021,214021,Paleontologo,True,True,False
occupation_214022,214022,Petrologo,True,True,False
occupation_214023,214023,Sismologo,True,True,False
occupation_214024,214024,Vulcanologo,True,True,False
occupation_215001,215001,Actuario,True,True,False
occupation_215002,215002,"Matematico, Analisis Actuarial",True,True,False
occupation_215003,215003,"Matematico, Matematica Aplicada",True,True,False
occupation_215004,215004,"Matematico, Matematica Pura",True,True,False
occupation_215005,215005,"Matematico-Analista, Investigacion Operativa",True,True,False
occupation_216001,216001,Bioestadistico,True,True,False
occupation_216002,216002,Biometrista,True,True,False
occupation_216003,216003,Demografo,True,True,False
occupation_216004,216004,Estadistico,True,True,False
occupation_216005,216005,"Estadistico, Agricultura",True,True,False
occupation_216006,216006,"Estadistico, Bioestadistica",True,True,False
occupation_216007,216007,"Estadistico, Biometria",True,True,False
occupation_216008,216008,"Estadistico, Economia",True,True,False
occupation_216009,216009,"Estadistico, Encuestas",True,True,False
occupation_216010,216010,"Estadistico, Encuestas Por Sondeo",True,True,False
occupation_216011,216011,"Estadistico, Estadistica Aplicada",True,True,False
occupation_216012,216012,"Estadistico, Finanzas",True,True,False
occupation_216013,216013,"Estadistico, Investigacion",True,True,False
occupation_216014,216014,"Estadistico, Matematico",True,True,False
occupation_216015,216015,"Estadistico, Muestrista",True,True,False
occupation_216016,216016,"Ingeniero, Estadistico",True,True,False
occupation_217001,217001,"Administrador, Banco De Datos",True,True,False
occupation_217002,217002,"Analista, Sistemas Informaticos",True,True,False
occupation_217003,217003,"Analista, Sistemas Informaticos/Banco De Datos",True,True,False
occupation_217004,217004,"Analista, Sistemas Informaticos/Computadoras",True,True,False
occupation_217005,217005,"Analista, Sistemas Informaticos/Telecomunicaciones",True,True,False
occupation_217006,217006,"Analistas, Transmisiones/Sistemas Informaticos",True,True,False
occupation_217007,217007,"Ingeniero, Sistemas Informaticos",True,True,False
occupation_217008,217008,"Ingeniero, Aplicaciones De La Informatica",True,True,False
occupation_218001,218001,"Arquitecto, Edificios",True,True,False
occupation_218002,218002,"Arquitecto, Interiores De Edificios",True,True,False
occupation_218003,218003,"Ingeniero, De Transporte",True,True,False
occupation_218004,218004,"Planificador, Transito",True,True,False
occupation_218005,218005,Urbanista,True,True,False
occupation_219001,219001,Ingeniero Civil,True,True,False
occupation_219002,219002,"Ingeniero Civil, Construccion",True,True,False
occupation_219003,219003,"Ingeniero Civil, Construccion Y Obras Publicas",True,True,False
occupation_219004,219004,"Ingeniero Civil, Construccion/Aerodromos",True,True,False
occupation_219005,219005,"Ingeniero Civil, Construccion/Aeropuertos",True,True,False
occupation_219006,219006,"Ingeniero Civil, Construccion/Calles",True,True,False
occupation_219007,219007,"Ingeniero Civil, Construccion/Carreteras Y Autopistas",True,True,False
occupation_219008,219008,"Ingeniero Civil, Construccion/Chimeneas De Fabricas",True,True,False
occupation_219009,219009,"Ingeniero Civil, Construccion/Edificios Y/O Viviendas",True,True,False
occupation_219010,219010,"Ingeniero Civil, Construccion/Estructuras De Edificios",True,True,False
occupation_219011,219011,"Ingeniero Civil, Construccion/Estructuras Metalicas",True,True,False
occupation_219012,219012,"Ingeniero Civil, Construccion/Vias Ferreas",True,True,False
occupation_219013,219013,"Ingeniero Civil, Construccion/Instalaciones Portuarias",True,True,False
occupation_219014,219014,"Ingeniero Civil, Construccion/Muelles Y Puertos",True,True,False
occupation_219015,219015,"Ingeniero Civil, Construccion/Puentes",True,True,False
occupation_219016,219016,"Ingeniero Civil, Construccion/Torres",True,True,False
occupation_219017,219017,"Ingeniero Civil, Construccion/Tuneles",True,True,False
occupation_219018,219018,"Ingeniero Civil, Contratistas De Obras",True,True,False
occupation_219019,219019,"Ingeniero Civil, Inspector De Obras",True,True,False
occupation_219020,219020,"Ingeniero Civil, Irrigacion",True,True,False
occupation_219021,219021,"Ingeniero Civil, Mecanica/Suelos",True,True,False
occupation_219022,219022,"Ingeniero Civil, Trabajos Maritimos",True,True,False
occupation_219023,219023,"Ingeniero, Canales Y Puertos",True,True,False
occupation_219024,219024,"Ingeniero, Hidraulico",True,True,False
occupation_219025,219025,"Ingeniero, Hidrologia",True,True,False
occupation_219026,219026,"Ingeniero, Irrigacion",True,True,False
occupation_219027,219027,"Ingeniero, Sanitario",True,True,False
occupation_221001,221001,Electrotecnico Superior,True,True,False
occupation_221002,221002,Ingeniero Electricista,True,True,False
occupation_221003,221003,"Ingeniero Electricista, Alto Voltaje",True,True,False
occupation_221004,221004,"Ingeniero Electricista, Equipo Electromecanico",True,True,False
occupation_221005,221005,"Ingeniero Electricista, Equipo Electromecanico De Baja Pote",True,True,False
occupation_221006,221006,"Ingeniero Electricista, Iluminacion",True,True,False
occupation_221007,221007,"Ingeniero Electricista, Lineas Electricas",True,True,False
occupation_221008,221008,"Ingeniero Electricista, Produccion De Energia",True,True,False
occupation_221009,221009,"Ingeniero Electricista, Produccion De Energia Electrica",True,True,False
occupation_221010,221010,"Ingeniero Electricista, Traccion Electrica",True,True,False
occupation_221011,221011,"Ingeniero Electricista, Transporte De Corriente Electrica",True,True,False
occupation_221012,221012,"Ingeniero Electricista, Transporte Y Distribucion Energia",True,True,False
occupation_221013,221013,Tecnologo Electricidad,True,True,False
occupation_221014,221014,"Ingeniero Electronico, Construccion De Computadoras",True,True,False
occupation_221015,221015,Ingeniero De Ordenadores Electronicos,True,True,False
occupation_221016,221016,Ingeniero De Controles Industriales Y Electronica,True,True,False
occupation_221017,221017,"Ingeniero Electronico, Semiconductores",True,True,False
occupation_221018,221018,Ingeniero De Calculadoras Electronicas,True,True,False
occupation_221019,221019,Ingeniero Electronico,True,True,False
occupation_221020,221020,Ingeniero Telecomunicaciones,True,True,False
occupation_221021,221021,Ingeniero Telecomunicaciones/Radar,True,True,False
occupation_221022,221022,Ingeniero Telecomunicaciones/Radio,True,True,False
occupation_221023,221023,Ingeniero Telecomunicaciones/Sistemas De Seðales,True,True,False
occupation_221024,221024,Ingeniero Telecomunicaciones/Telefonos,True,True,False
occupation_221025,221025,Ingeniero Telecomunicaciones/Telegrafos,True,True,False
occupation_221026,221026,Ingeniero Telecomunicaciones/Television,True,True,False
occupation_222001,222001,Ingeniero Mecanico,True,True,False
occupation_222002,222002,"Ingeniero Mecanico, Aeronautica",True,True,False
occupation_222003,222003,"Ingeniero Mecanico, Agricultura (Ing. Agricola)",True,True,False
occupation_222004,222004,"Ingeniero Mecanico, Automotores",True,True,False
occupation_222005,222005,"Ingeniero Mecanico, Automoviles",True,True,False
occupation_222006,222006,"Ingeniero Mecanico, Calefaccion, Ventilacion Y Refrigeracio",True,True,False
occupation_222007,222007,"Ingeniero Mecanico, Climatizacion",True,True,False
occupation_222008,222008,"Ingeniero Mecanico, Construccion Naval",True,True,False
occupation_222009,222009,"Ingeniero Mecanico, Energia Nuclear",True,True,False
occupation_222010,222010,Ingeniero Mecanico Y Electricista,True,True,False
occupation_222011,222011,"Ingeniero Mecanico, Maquinaria Y Herramientas Industriales",True,True,False
occupation_222012,222012,"Ingeniero Mecanico, Motores A Reaccion",True,True,False
occupation_222013,222013,"Ingeniero Mecanico, Motores Diesel Y/O Propulsion A Chorro",True,True,False
occupation_222014,222014,"Ingeniero Mecanico, Motores De Combustion Interna",True,True,False
occupation_222015,222015,"Ingeniero Mecanico, Motores Marinos",True,True,False
occupation_222016,222016,"Ingeniero Mecanico, Motores/Equipo Para Barcos",True,True,False
occupation_222017,222017,"Ingeniero Mecanico, Motores/Excepto Los Marinos",True,True,False
occupation_222018,222018,"Ingeniero Mecanico, Motores/Locomotoras A Vapor",True,True,False
occupation_222019,222019,"Ingeniero Mecanico, De Fluidos",True,True,False
occupation_222020,222020,"Ingeniero Mecanico, Turbinas De Gas",True,True,False
occupation_222021,222021,"Ingeniero, Calefaccion, Ventilacion Y Refrigeracion",True,True,False
occupation_222022,222022,"Ingeniero, Climatizacion",True,True,False
occupation_222023,222023,"Ingeniero, Construccion Aeronautica",True,True,False
occupation_222024,222024,"Ingeniero, Construccion De Automoviles",True,True,False
occupation_222025,222025,"Ingeniero, Construccion Naval",True,True,False
occupation_222026,222026,"Ingeniero, Frio Industrial",True,True,False
occupation_222027,222027,"Ingeniero, Maquinaria Y Herramientas Industriales",True,True,False
occupation_223001,223001,Ingeniero Bioquimico Industrial,True,True,False
occupation_223002,223002,Ingeniero Quimico En Industria Quimica,True,True,False
occupation_223003,223003,"Ingeniero Quimico, Alimentos Y Bebidas",True,True,False
occupation_223004,223004,"Ingeniero Quimico, Antibioticos",True,True,False
occupation_223005,223005,"Ingeniero Quimico, Explosivos",True,True,False
occupation_223006,223006,"Ingeniero Quimico, Carburantes/Refineria De Petroleo",True,True,False
occupation_223007,223007,"Ingeniero Quimico, Caucho",True,True,False
occupation_223008,223008,"Ingeniero Quimico, Colores Y Pinturas",True,True,False
occupation_223009,223009,"Ingeniero Quimico, Fabricacion",True,True,False
occupation_223010,223010,"Ingeniero Quimico, Fibras Textiles (Ing. Textil)",True,True,False
occupation_223011,223011,"Ingeniero Quimico, Gas/Produccion Y Distribucion",True,True,False
occupation_223012,223012,"Ingeniero Quimico, Material Plastico",True,True,False
occupation_223013,223013,"Ingeniero Quimico, Papel",True,True,False
occupation_223014,223014,"Ingeniero Quimico, Perfumista",True,True,False
occupation_223015,223015,"Ingeniero Quimico, Petroleo Y Gas Natural",True,True,False
occupation_223016,223016,"Ingeniero Quimico, Tecnologia De Los Combustibles",True,True,False
occupation_223017,223017,"Ingeniero Quimico, Otros",True,True,False
occupation_223018,223018,"Ingeniero, Petroquimico",True,True,False
occupation_224001,224001,Ingeniero Metalurgico,True,True,False
occupation_224002,224002,"Ingeniero Metalurgico, Minerales Radiactivos Y Fundicion",True,True,False
occupation_224003,224003,"Ingeniero Metalurgico, Produccion Y Afino/Metales",True,True,False
occupation_224004,224004,"Ingeniero Metalurgico, Tratamiento De Los Metales",True,True,False
occupation_224005,224005,"Ingeniero, Metalurgico/Otros",True,True,False
occupation_225001,225001,"Ingeniero, Minas",True,True,False
occupation_225002,225002,"Ingeniero, Minas/Carbon",True,True,False
occupation_225003,225003,"Ingeniero, Minas/Minerales Metalicos",True,True,False
occupation_225004,225004,"Ingeniero, Minas/Minerales No Metalicos",True,True,False
occupation_225005,225005,"Ingeniero, Minas/Petroleo Y Gas Natural",True,True,False
occupation_225006,225006,"Ingeniero, Perforacion/Pozos De Petroleo Y De Gas",True,True,False
occupation_225007,225007,"Ingeniero, Siderurgico",True,True,False
occupation_225008,225008,"Ingeniero De Minas, Otros",True,True,False
occupation_226001,226001,Agrimensor,True,True,False
occupation_226002,226002,"Agrimensor, Aerofotografo",True,True,False
occupation_226003,226003,"Agrimensor, Marina",True,True,False
occupation_226004,226004,"Agrimensor, Geodesico",True,True,False
occupation_226005,226005,"Agrimensor, Hidrografico",True,True,False
occupation_226006,226006,"Agrimensor, Minas",True,True,False
occupation_226007,226007,"Agrimensor, Topografia",True,True,False
occupation_226008,226008,"Agrimensor, Topografia Aerea",True,True,False
occupation_226009,226009,Cartografo,True,True,False
occupation_226010,226010,"Cartografo, Marina",True,True,False
occupation_226011,226011,Fotogrametrista Y Aerofotogrametista,True,True,False
occupation_226012,226012,"Topografo, Fotogeometria",True,True,False
occupation_226013,226013,"Topografo, Hidrografico",True,True,False
occupation_226014,226014,"Topografo, (Suelos)",True,True,False
occupation_227001,227001,"Ingeniero, Administrativo",True,True,False
occupation_227002,227002,"Ingeniero, Sistemas/Excepto Informaticos",True,True,False
occupation_227003,227003,"Creador, Sistemas/Excepto Informaticos",True,True,False
occupation_227004,227004,"Ingeniero Consultor, Organizacion Industrial",True,True,False
occupation_227005,227005,Ingeniero Industrial,True,True,False
occupation_227006,227006,"Ingeniero Industrial, Higiene Y Seguridad Industrial",True,True,False
occupation_227007,227007,"Ingeniero, Organizacion De Estudio De Tiempos Y Movimientos",True,True,False
occupation_227008,227008,"Ingeniero, Organizacion Industrial",True,True,False
occupation_227009,227009,"Ingeniero, Organizacion Y Metodos",True,True,False
occupation_227010,227010,"Ingeniero, Organizacion Calculo De Costos",True,True,False
occupation_227011,227011,"Ingeniero, Organizacion Y Planificacion De Empresas",True,True,False
occupation_228001,228001,Ingeniero Pesquero,True,True,False
occupation_229001,229001,"Ingeniero, Cuero Y Calzado",True,True,False
occupation_229002,229002,"Ingeniero, Ceramica Y Vidrios",True,True,False
occupation_229003,229003,"Ingeniero, Control De Calidad",True,True,False
occupation_229004,229004,"Ingeniero, Industrias Alimentarias",True,True,False
occupation_229005,229005,"Ingeniero, Industrias De Papel",True,True,False
occupation_229006,229006,"Ingeniero, Medio Ambiente",True,True,False
occupation_229007,229007,"Ingeniero, Produccion",True,True,False
occupation_229008,229008,"Ingeniero, Planificador De Trafico",True,True,False
occupation_229009,229009,"Ingeniero, Topografo",True,True,False
occupation_229010,229010,"Ingeniero, De Vuelo",True,True,False
occupation_229011,229011,Ingeniero (No Clasificado En Otras Clasificaciones),True,True,False
occupation_231001,231001,Bacteriologo,True,True,False
occupation_231002,231002,"Bacteriologo, Agricultura",True,True,False
occupation_231003,231003,"Bacteriologo, Alimentacion",True,True,False
occupation_231004,231004,"Bacteriologo, Farmacia",True,True,False
occupation_231005,231005,"Bacteriologo, Industria",True,True,False
occupation_231006,231006,"Bacteriologo, Industria, Lacteas",True,True,False
occupation_231007,231007,"Bacteriologo, Medicina",True,True,False
occupation_231008,231008,"Bacteriologo, Medicina/Veterinaria",True,True,False
occupation_231009,231009,"Bacteriologo, Pesca",True,True,False
occupation_231010,231010,"Bacteriologo, Suelos",True,True,False
occupation_231011,231011,Biologo,True,True,False
occupation_231012,231012,Biologo Molecular,True,True,False
occupation_231013,231013,"Biologo, Fauna De Agua Dulce",True,True,False
occupation_231014,231014,"Biologo, Fauna Marina",True,True,False
occupation_231015,231015,"Biologo, Genetica",True,True,False
occupation_231016,231016,"Biologo, Hidrobiologia",True,True,False
occupation_231017,231017,Botanico,True,True,False
occupation_231018,231018,"Botanico, Ecologia",True,True,False
occupation_231019,231019,"Botanico, Economista",True,True,False
occupation_231020,231020,"Botanico, Genetica",True,True,False
occupation_231021,231021,"Botanico, Histologia",True,True,False
occupation_231022,231022,"Botanico, Micologia",True,True,False
occupation_231023,231023,"Botanico, Suelos",True,True,False
occupation_231024,231024,"Botanico, Taxonomia",True,True,False
occupation_231025,231025,Citologo,True,True,False
occupation_231026,231026,"Citologo, Botanica",True,True,False
occupation_231027,231027,"Citologo, Zoologia",True,True,False
occupation_231028,231028,Ecologista,True,True,False
occupation_231029,231029,"Ecologista, Botanica",True,True,False
occupation_231030,231030,"Ecologista, Zoologia",True,True,False
occupation_231031,231031,Embriologo,True,True,False
occupation_231032,231032,Entomologo,True,True,False
occupation_231033,231033,Genetista,True,True,False
occupation_231034,231034,"Genetista, Botanica",True,True,False
occupation_231035,231035,"Genetista, Zoologo",True,True,False
occupation_231036,231036,Hidrobiologo,True,True,False
occupation_231037,231037,Histologo,True,True,False
occupation_231038,231038,"Histologo, Animales",True,True,False
occupation_231039,231039,"Histologo, Plantas",True,True,False
occupation_231040,231040,Ictiologo,True,True,False
occupation_231041,231041,Micologo,True,True,False
occupation_231042,231042,Microbiologo,True,True,False
occupation_231043,231043,Ornitologo,True,True,False
occupation_231044,231044,Parasitologo,True,True,False
occupation_231045,231045,Piscicultor De Las Ciencias Biologicas,True,True,False
occupation_231046,231046,Taxonomista,True,True,False
occupation_231047,231047,"Taxonomista, Animales",True,True,False
occupation_231048,231048,"Taxonomista, Plantas",True,True,False
occupation_231049,231049,Zoologo,True,True,False
occupation_231050,231050,"Zoologo, Embriologia",True,True,False
occupation_231051,231051,"Zoologo, Entomologia",True,True,False
occupation_231052,231052,"Zoologo, Histologia",True,True,False
occupation_231053,231053,"Zoologo, Ictiologia",True,True,False
occupation_231054,231054,"Zoologo, Mamalogista",True,True,False
occupation_231055,231055,"Zoologo, Ornitologia",True,True,False
occupation_231056,231056,"Zoologo, Parasitologia",True,True,False
occupation_231057,231057,"Zoologo, Piscicultura",True,True,False
occupation_231058,231058,"Zoologo, Taxonomia",True,True,False
occupation_232001,232001,Anatomista,True,True,False
occupation_232002,232002,Biofisico,True,True,False
occupation_232003,232003,Bioquimico,True,True,False
occupation_232004,232004,Epidemiologo,True,True,False
occupation_232005,232005,Farmacologo,True,True,False
occupation_232006,232006,Fisiologo,True,True,False
occupation_232007,232007,"Fisiologo, Animales",True,True,False
occupation_232008,232008,"Fisiologo, Endocrinologia",True,True,False
occupation_232009,232009,"Fisiologo, Epidemiologia",True,True,False
occupation_232010,232010,"Fisiologo, Otros",True,True,False
occupation_232011,232011,Histopatologo,True,True,False
occupation_232012,232012,Neuropatologo,True,True,False
occupation_233001,233001,Bromatologos,True,True,False
occupation_233002,233002,Dietistas-Nutricionistas,True,True,False
occupation_234001,234001,Agrologo,True,True,False
occupation_234002,234002,Agronomo,True,True,False
occupation_234003,234003,"Agronomo, Arboricultor",True,True,False
occupation_234004,234004,"Agronomo, Conservacion De La Naturaleza",True,True,False
occupation_234005,234005,"Agronomo, Ecologo",True,True,False
occupation_234006,234006,"Agronomo, Edafologia",True,True,False
occupation_234007,234007,"Agronomo, Floricultor",True,True,False
occupation_234008,234008,"Agronomo, Horticultura",True,True,False
occupation_234009,234009,"Agronomo, Oleicultor",True,True,False
occupation_234010,234010,"Agronomo, Silvicultura",True,True,False
occupation_234011,234011,Ingeniero Agroindustrial,True,True,False
occupation_234012,234012,Ingeniero Agronomo,True,True,False
occupation_234013,234013,Ingeniero Edafologo,True,True,False
occupation_234014,234014,Ingeniero Forestal,True,True,False
occupation_234015,234015,Zootecnico (Incluye Ingenieros),True,True,False
occupation_235001,235001,Alienista,True,True,False
occupation_235002,235002,Alopata,True,True,False
occupation_235003,235003,Anestesista,True,True,False
occupation_235004,235004,Cardiologo,True,True,False
occupation_235005,235005,Cirujano,True,True,False
occupation_235006,235006,"Cirujano, Cardiologia",True,True,False
occupation_235007,235007,"Cirujano, Cirugia General",True,True,False
occupation_235008,235008,"Cirujano, Cirugia Plastica",True,True,False
occupation_235009,235009,"Cirujano, Neurocirugia",True,True,False
occupation_235010,235010,"Cirujano, Ortopedia",True,True,False
occupation_235011,235011,"Cirujano, Osteopata",True,True,False
occupation_235012,235012,Cirujano Plastico,True,True,False
occupation_235013,235013,"Cirujano, Torax",True,True,False
occupation_235014,235014,Dermatologo,True,True,False
occupation_235015,235015,Ginecologo,True,True,False
occupation_235016,235016,Medico,True,True,False
occupation_235017,235017,"Medico, Acupuntura",True,True,False
occupation_235018,235018,"Medico, Anestesia",True,True,False
occupation_235019,235019,"Medico, Cardiologia",True,True,False
occupation_235020,235020,"Medico, Dermatologia",True,True,False
occupation_235021,235021,"Medico, Endocrinologo",True,True,False
occupation_235022,235022,"Medico, Estomatologia",True,True,False
occupation_235023,235023,Medico Forense,True,True,False
occupation_235024,235024,"Medico, Gastroenterologo",True,True,False
occupation_235025,235025,"Medico, Geriatra",True,True,False
occupation_235026,235026,"Medico, Ginecologia",True,True,False
occupation_235027,235027,"Medico, Laringologo",True,True,False
occupation_235028,235028,"Medico, Medicina General",True,True,False
occupation_235029,235029,"Medico, Nefrologo",True,True,False
occupation_235030,235030,"Medico, Neumologo",True,True,False
occupation_235031,235031,"Medico, Neurologo",True,True,False
occupation_235032,235032,"Medico, Obstetra",True,True,False
occupation_235033,235033,"Medico, Oftalmologia (Oculista)",True,True,False
occupation_235034,235034,"Medico, Osteopatia",True,True,False
occupation_235035,235035,"Medico, Otorrinolaringologia",True,True,False
occupation_235036,235036,"Medico, Patologo",True,True,False
occupation_235037,235037,"Medico, Pediatria",True,True,False
occupation_235038,235038,"Medico, Psiquiatria",True,True,False
occupation_235039,235039,"Medico, Puericultor",True,True,False
occupation_235040,235040,"Medico, Radiologia",True,True,False
occupation_235041,235041,"Medico, Urologo",True,True,False
occupation_235042,235042,"Medico, Venereologo",True,True,False
occupation_235043,235043,Neurocirujano,True,True,False
occupation_235044,235044,Oftalmologo,True,True,False
occupation_235045,235045,"Ortofonia, Especialista",True,True,False
occupation_235046,235046,"Ortoptia, Especialista",True,True,False
occupation_235047,235047,Otorrinolaringologo,True,True,False
occupation_235048,235048,Pediatra,True,True,False
occupation_235049,235049,Psiquiatra,True,True,False
occupation_236001,236001,"Cirujano, Bucodental",True,True,False
occupation_236002,236002,"Cirujano, Dentista",True,True,False
occupation_236003,236003,Dentista,True,True,False
occupation_236004,236004,"Dentista, Protesis Dentales",True,True,False
occupation_236005,236005,"Medico, Odontologo",True,True,False
occupation_236006,236006,Odontologo,True,True,False
occupation_236007,236007,"Odontologo, Endodoncia",True,True,False
occupation_236008,236008,"Odontologo, Ortodoncia",True,True,False
occupation_236009,236009,"Odontologo, Pedodoncia",True,True,False
occupation_236010,236010,"Odontologo, Periodoncia",True,True,False
occupation_237001,237001,Veterinario,True,True,False
occupation_237002,237002,"Veterinario, Cirugia",True,True,False
occupation_237003,237003,"Veterinario, Epidemiologia",True,True,False
occupation_237004,237004,"Veterinario, Salud Publica, Profesional",True,True,False
occupation_237005,237005,"Veterinario, Otros",True,True,False
occupation_238001,238001,Farmaceutico,True,True,False
occupation_238002,238002,"Farmaceutico, Comercio",True,True,False
occupation_238003,238003,"Farmaceutico, Hospital",True,True,False
occupation_238004,238004,Quimico-Farmaceutico,True,True,False
occupation_239001,239001,"Enfermera, Tecnico",True,True,False
occupation_239002,239002,"Enfermera, Tecmico",True,True,False
occupation_239003,239003,"Enfermera, Nivel Superior/Clinica",True,True,False
occupation_239004,239004,"Enfermera, Nivel Superior/Consultorio",True,True,False
occupation_239005,239005,"Enfermera, Nivel Superior/Hospital",True,True,False
occupation_239006,239006,"Enfermera, Nivel Superior/Maternidad",True,True,False
occupation_239007,239007,"Enfermera, Nivel Superior/Obstetricia",True,True,False
occupation_239008,239008,"Enfermero, Nivel Superior (Diplomados)",True,True,False
occupation_239009,239009,"Enfermero, Nivel Superior",True,True,False
occupation_239010,239010,"Enfermero, Nivel Superior/Clinica",True,True,False
occupation_239011,239011,"Enfermero, Nivel Superior/Hospital",True,True,False
occupation_241001,241001,"Profesor, Educacion Superior",True,True,False
occupation_241002,241002,"Profesor, Educacion Superior/Administracion",True,True,False
occupation_241003,241003,"Profesor, Educacion Superior/Agricultura",True,True,False
occupation_241004,241004,"Profesor, Educacion Superior/Agronomia",True,True,False
occupation_241005,241005,"Profesor, Educacion Superior/Anatomia",True,True,False
occupation_241006,241006,"Profesor, Educacion Superior/Antropologia",True,True,False
occupation_241007,241007,"Profesor, Educacion Superior/Arqueologia",True,True,False
occupation_241008,241008,"Profesor, Educacion Superior/Arquitectura",True,True,False
occupation_241009,241009,"Profesor, Educacion Superior/Arte Dramatico",True,True,False
occupation_241010,241010,"Profesor, Educacion Superior/Artes Industriales",True,True,False
occupation_241011,241011,"Profesor, Educacion Superior/Astronomia",True,True,False
occupation_241012,241012,"Profesor, Educacion Superior/Bacteriologia",True,True,False
occupation_241013,241013,"Profesor, Educacion Superior/Bellas Artes",True,True,False
occupation_241014,241014,"Profesor, Educacion Superior/Biblioteconomia",True,True,False
occupation_241015,241015,"Profesor, Educacion Superior/Biologia",True,True,False
occupation_241016,241016,"Profesor, Educacion Superior/Bioquimica",True,True,False
occupation_241017,241017,"Profesor, Educacion Superior/Botanica",True,True,False
occupation_241018,241018,"Profesor, Educacion Superior/Ciencias Agronomicas",True,True,False
occupation_241019,241019,"Profesor, Educacion Superior/Ciencias Biologicas",True,True,False
occupation_241020,241020,"Profesor, Educacion Superior/Ciencias Economicas",True,True,False
occupation_241021,241021,"Profesor, Educacion Superior/Ciencias Fisicas Y Quimicas",True,True,False
occupation_241022,241022,"Profesor, Educacion Superior/Ciencias Forenses",True,True,False
occupation_241023,241023,"Profesor, Educacion Superior/Ciencias Matematicas",True,True,False
occupation_241024,241024,"Profesor, Educacion Superior/Ciencias Mecanicas",True,True,False
occupation_241025,241025,"Profesor, Educacion Superior/Ciencias Medicas",True,True,False
occupation_241026,241026,"Profesor, Educacion Superior/Ciencias Militares",True,True,False
occupation_241027,241027,"Profesor, Educacion Superior/Ciencias Politicas",True,True,False
occupation_241028,241028,"Profesor, Educacion Superior/Ciencias Sociales",True,True,False
occupation_241029,241029,"Profesor, Educacion Superior/Ciencias Tecnicas",True,True,False
occupation_241030,241030,"Profesor, Educacion Superior/Ciencias Tecnicas (Electricida",True,True,False
occupation_241031,241031,"Profesor, Educacion Superior/Ciencias Tecnicas (Electronica",True,True,False
occupation_241032,241032,"Profesor, Educacion Superior/Ciencias Tecnicas (Ingenieria",True,True,False
occupation_241033,241033,"Profesor, Educacion Superior/Ciencias Tecnicas (Quimica)",True,True,False
occupation_241034,241034,"Profesor, Educacion Superior/Ciencias Tecnicas (Tecnologia",True,True,False
occupation_241035,241035,"Profesor, Educacion Superior/Ciencias Tecnicas (Tecnologia)",True,True,False
occupation_241036,241036,"Profesor, Educacion Superior/Ciencias Tecnicas (Telecomunic",True,True,False
occupation_241037,241037,"Profesor, Educacion Superior/Comercializacion",True,True,False
occupation_241038,241038,"Profesor, Educacion Superior/Conservatorio",True,True,False
occupation_241039,241039,"Profesor, Educacion Superior/Contabilidad",True,True,False
occupation_241040,241040,"Profesor, Educacion Superior/Cooperativismo",True,True,False
occupation_241041,241041,"Profesor, Educacion Superior/Cria De Ganado",True,True,False
occupation_241042,241042,"Profesor, Educacion Superior/Demografia",True,True,False
occupation_241043,241043,"Profesor, Educacion Superior/Derecho",True,True,False
occupation_241044,241044,"Profesor, Educacion Superior/Dibujo Industrial",True,True,False
occupation_241045,241045,"Profesor, Educacion Superior/Dietetica",True,True,False
occupation_241046,241046,"Profesor, Educacion Superior/Economia",True,True,False
occupation_241047,241047,"Profesor, Educacion Superior/Economia Domestica",True,True,False
occupation_241048,241048,"Profesor, Educacion Superior/Economia Y Comercio",True,True,False
occupation_241049,241049,"Profesor, Educacion Superior/Educacion Fisica",True,True,False
occupation_241050,241050,"Profesor, Educacion Superior/Elaboracion De Alimentos",True,True,False
occupation_241051,241051,"Profesor, Educacion Superior/Enfermeria",True,True,False
occupation_241052,241052,"Profesor, Educacion Superior/Entomologia",True,True,False
occupation_241053,241053,"Profesor, Educacion Superior/Ergoterapia",True,True,False
occupation_241054,241054,"Profesor, Educacion Superior/Escuela De Policia",True,True,False
occupation_241055,241055,"Profesor, Educacion Superior/Escultura",True,True,False
occupation_241056,241056,"Profesor, Educacion Superior/Especializado En Coop.Agraria,",True,True,False
occupation_241057,241057,"Profesor, Educacion Superior/Estadistica",True,True,False
occupation_241058,241058,"Profesor, Educacion Superior/Estudios Comerciales",True,True,False
occupation_241059,241059,"Profesor, Educacion Superior/Estudios Internacionales",True,True,False
occupation_241060,241060,"Profesor, Educacion Superior/Farmacia",True,True,False
occupation_241061,241061,"Profesor, Educacion Superior/Farmacologia",True,True,False
occupation_241062,241062,"Profesor, Educacion Superior/Filologia",True,True,False
occupation_241063,241063,"Profesor, Educacion Superior/Filosofia",True,True,False
occupation_241064,241064,"Profesor, Educacion Superior/Finanzas",True,True,False
occupation_241065,241065,"Profesor, Educacion Superior/Fisica",True,True,False
occupation_241066,241066,"Profesor, Educacion Superior/Fisioterapia",True,True,False
occupation_241067,241067,"Profesor, Educacion Superior/Geodesia",True,True,False
occupation_241068,241068,"Profesor, Educacion Superior/Geofisica",True,True,False
occupation_241069,241069,"Profesor, Educacion Superior/Geografia",True,True,False
occupation_241070,241070,"Profesor, Educacion Superior/Geologia",True,True,False
occupation_241071,241071,"Profesor, Educacion Superior/Historia",True,True,False
occupation_241072,241072,"Profesor, Educacion Superior/Historia Del Arte",True,True,False
occupation_241073,241073,"Profesor, Educacion Superior/Horticultura",True,True,False
occupation_241074,241074,"Profesor, Educacion Superior/Idiomas Y Linguistica",True,True,False
occupation_241075,241075,"Profesor, Educacion Superior/Informatica",True,True,False
occupation_241076,241076,"Profesor, Educacion Superior/Ingenieria Y Arquitectura",True,True,False
occupation_241077,241077,"Profesor, Educacion Superior/Lengua Y Literatura",True,True,False
occupation_241078,241078,"Profesor, Educacion Superior/Letras",True,True,False
occupation_241079,241079,"Profesor, Educacion Superior/Linguistica",True,True,False
occupation_241080,241080,"Profesor, Educacion Superior/Literatura",True,True,False
occupation_241081,241081,"Profesor, Educacion Superior/Matematicas",True,True,False
occupation_241082,241082,"Profesor, Educacion Superior/Medicina",True,True,False
occupation_241083,241083,"Profesor, Educacion Superior/Medicina Forense",True,True,False
occupation_241084,241084,"Profesor, Educacion Superior/Medicina Veterinaria",True,True,False
occupation_241085,241085,"Profesor, Educacion Superior/Metalurgia",True,True,False
occupation_241086,241086,"Profesor, Educacion Superior/Meteorologia",True,True,False
occupation_241087,241087,"Profesor, Educacion Superior/Metodos De Venta",True,True,False
occupation_241088,241088,"Profesor, Educacion Superior/Mineria",True,True,False
occupation_241089,241089,"Profesor, Educacion Superior/Musica",True,True,False
occupation_241090,241090,"Profesor, Educacion Superior/Navegacion Aerea",True,True,False
occupation_241091,241091,"Profesor, Educacion Superior/Navegacion Maritima",True,True,False
occupation_241092,241092,"Profesor, Educacion Superior/Observacion Meteorologica",True,True,False
occupation_241093,241093,"Profesor, Educacion Superior/Obstetricia",True,True,False
occupation_241094,241094,"Profesor, Educacion Superior/Odontologia",True,True,False
occupation_241095,241095,"Profesor, Educacion Superior/Optometria",True,True,False
occupation_241096,241096,"Profesor, Educacion Superior/Osteopatia",True,True,False
occupation_241097,241097,"Profesor, Educacion Superior/Patologia",True,True,False
occupation_241098,241098,"Profesor, Educacion Superior/Pedagogia",True,True,False
occupation_241099,241099,"Profesor, Educacion Superior/Periodismo",True,True,False
occupation_241100,241100,"Profesor, Educacion Superior/Pesca",True,True,False
occupation_241101,241101,"Profesor, Educacion Superior/Pintura Artistica",True,True,False
occupation_241102,241102,"Profesor, Educacion Superior/Planificacion Familiar",True,True,False
occupation_241103,241103,"Profesor, Educacion Superior/Planificacion Industrial",True,True,False
occupation_241104,241104,"Profesor, Educacion Superior/Prehistoria",True,True,False
occupation_241105,241105,"Profesor, Educacion Superior/Programa De Urbanismo",True,True,False
occupation_241106,241106,"Profesor, Educacion Superior/Programacion De Computadoras",True,True,False
occupation_241107,241107,"Profesor, Educacion Superior/Psicologia",True,True,False
occupation_241108,241108,"Profesor, Educacion Superior/Publicidad E Informacion Publi",True,True,False
occupation_241109,241109,"Profesor, Educacion Superior/Quimica",True,True,False
occupation_241110,241110,"Profesor, Educacion Superior/Quiropractica",True,True,False
occupation_241111,241111,"Profesor, Educacion Superior/Radiologia",True,True,False
occupation_241112,241112,"Profesor, Educacion Superior/Relaciones Publicas",True,True,False
occupation_241113,241113,"Profesor, Educacion Superior/Servicios De Telecomunicacione",True,True,False
occupation_241114,241114,"Profesor, Educacion Superior/Silvicultura",True,True,False
occupation_241115,241115,"Profesor, Educacion Superior/Sociologia",True,True,False
occupation_241116,241116,"Profesor, Educacion Superior/Teologia",True,True,False
occupation_241117,241117,"Profesor, Educacion Superior/Teoria Y Practica Bancaria",True,True,False
occupation_241118,241118,"Profesor, Educacion Superior/Terapeutica Paramedica",True,True,False
occupation_241119,241119,"Profesor, Educacion Superior/Tratamientos Medicos",True,True,False
occupation_241120,241120,"Profesor, Educacion Superior/Turismo (Escuela De Turismo)",True,True,False
occupation_241121,241121,"Profesor, Educacion Superior/Zoologia",True,True,False
occupation_241122,241122,"Profesor, Universidad, Otros",True,True,False
occupation_242001,242001,"Profesor, Educacion Secundaria",True,True,False
occupation_242002,242002,"Profesor, Educacion Secundaria/Agricultura",True,True,False
occupation_242003,242003,"Profesor, Educacion Secundaria/Alfabetizacion De Adultos",True,True,False
occupation_242004,242004,"Profesor, Educacion Secundaria/Artes Manuales",True,True,False
occupation_242005,242005,"Profesor, Educacion Secundaria/Arte-Oficios",True,True,False
occupation_242006,242006,"Profesor, Educacion Secundaria/Artesania",True,True,False
occupation_242007,242007,"Profesor, Educacion Secundaria/Bellas Artes",True,True,False
occupation_242008,242008,"Profesor, Educacion Secundaria/Biologia",True,True,False
occupation_242009,242009,"Profesor, Educacion Secundaria/Botanica",True,True,False
occupation_242010,242010,"Profesor, Educacion Secundaria/Ciencias Naturales",True,True,False
occupation_242011,242011,"Profesor, Educacion Secundaria/Ciencias Sociales",True,True,False
occupation_242012,242012,"Profesor, Educacion Secundaria/Comercio Y Secretariado",True,True,False
occupation_242013,242013,"Profesor, Educacion Secundaria/Contabilidad Mercantil",True,True,False
occupation_242014,242014,"Profesor, Educacion Secundaria/Costura",True,True,False
occupation_242015,242015,"Profesor, Educacion Secundaria/Dibujo Tecnico",True,True,False
occupation_242016,242016,"Profesor, Educacion Secundaria/Ebanisteria",True,True,False
occupation_242017,242017,"Profesor, Educacion Secundaria/Economia Domestica",True,True,False
occupation_242018,242018,"Profesor, Educacion Secundaria/Educacion Civica",True,True,False
occupation_242019,242019,"Profesor, Educacion Secundaria/Educacion Fisica",True,True,False
occupation_242020,242020,"Profesor, Educacion Secundaria/Enfermeria Basica",True,True,False
occupation_242021,242021,"Profesor, Educacion Secundaria/Filosofia",True,True,False
occupation_242022,242022,"Profesor, Educacion Secundaria/Fisica",True,True,False
occupation_242023,242023,"Profesor, Educacion Secundaria/Formacion Profesional",True,True,False
occupation_242024,242024,"Profesor, Educacion Secundaria/Geografia",True,True,False
occupation_242025,242025,"Profesor, Educacion Secundaria/Geologia",True,True,False
occupation_242026,242026,"Profesor, Educacion Secundaria/Historia",True,True,False
occupation_242027,242027,"Profesor, Educacion Secundaria/Historia Del Arte",True,True,False
occupation_242028,242028,"Profesor, Educacion Secundaria/Labores",True,True,False
occupation_242029,242029,"Profesor, Educacion Secundaria/Labra (Metales)",True,True,False
occupation_242030,242030,"Profesor, Educacion Secundaria/Lengua Y Literatura",True,True,False
occupation_242031,242031,"Profesor, Educacion Secundaria/Literatura",True,True,False
occupation_242032,242032,"Profesor, Enseñanza Secundaria/Matematicas",True,True,False
occupation_242033,242033,"Profesor, Educacion Secundaria/Mecanica",True,True,False
occupation_242034,242034,"Profesor, Educacion Secundaria/Mecanografia",True,True,False
occupation_242035,242035,"Profesor, Educacion Secundaria/Musica",True,True,False
occupation_242036,242036,"Profesor, Educacion Secundaria/Pedagogia",True,True,False
occupation_242037,242037,"Profesor, Educacion Secundaria/Programacion De Computadoras",True,True,False
occupation_242038,242038,"Profesor, Educacion Secundaria/Quimica",True,True,False
occupation_242039,242039,"Profesor, Educacion Secundaria/Religion",True,True,False
occupation_242040,242040,"Profesor, Educacion Secundaria/Secretariado",True,True,False
occupation_242041,242041,"Profesor, Educacion Secundaria/Sociologia",True,True,False
occupation_242042,242042,"Profesor, Educacion Secundaria/Talla (Madera)",True,True,False
occupation_242043,242043,"Profesor, Educacion Secundaria/Taquigrafia",True,True,False
occupation_242044,242044,"Profesor, Educacion Secundaria/Tecnica",True,True,False
occupation_242045,242045,"Profesor, Educacion Secundaria/Tecnologica",True,True,False
occupation_242046,242046,"Profesor, Educacion Secundaria/Zoologia",True,True,False
occupation_242047,242047,"Profesor, Educacion Secundaria/Otros",True,True,False
occupation_243001,243001,Maestro De Enseñanza Primaria,True,True,False
occupation_243002,243002,Maestro De Escuela,True,True,False
occupation_243003,243003,Normalista,True,True,False
occupation_243004,243004,Profesor De Enseñanza Primaria,True,True,False
occupation_244001,244001,Profesor(A) De Escuela Maternal O Cuna (Guarderia),True,True,False
occupation_244002,244002,Profesor(A) De Jardin De Infancia,True,True,False
occupation_244003,244003,Profesor(A) De Parvulos,True,True,False
occupation_244004,244004,Profesor De Educacion Inicial (Pre-Escolar),True,True,False
occupation_245001,245001,Profesor De Alumnos Fisicamente Deficientes,True,True,False
occupation_245002,245002,Profesor De Alumnos Mentalmente Deficientes,True,True,False
occupation_245003,245003,Profesor De Ciegos,True,True,False
occupation_245004,245004,Profesor De Mudos,True,True,False
occupation_245005,245005,Profesor De Niños Excepcionales,True,True,False
occupation_245006,245006,Profesor De Sordos,True,True,False
occupation_246001,246001,Profesor De Academia,True,True,False
occupation_246002,246002,Profesor De Cenecape,True,True,False
occupation_246003,246003,Profesor De Senati Y Tecsup,True,True,False
occupation_246004,246004,"Profesor De Talleres, Otros",True,True,False
occupation_247001,247001,"Asesor, Metodos De Enseñanza",True,True,False
occupation_247002,247002,Auxiliar De Educacion (Encargado De Curso),True,True,False
occupation_247003,247003,Consejero De Educacion,True,True,False
occupation_247004,247004,Consejero Vocacional,True,True,False
occupation_247005,247005,"Especialista, Enseðanza/Metodos Audiovisuales",True,True,False
occupation_247006,247006,"Inspector, Escuelas",True,True,False
occupation_247007,247007,Institutriz,True,True,False
occupation_247008,247008,"Instructor De Manejo De Aparatos Electricos, Electronicos,",True,True,False
occupation_247009,247009,Profesor Alfabetizador,True,True,False
occupation_247010,247010,Profesor De Baile,True,True,False
occupation_247011,247011,Profesor De Idiomas,True,True,False
occupation_247012,247012,"Profesores, Otros",True,True,False
occupation_251001,251001,Asesor Contable,True,True,False
occupation_251002,251002,Auditor,True,True,False
occupation_251003,251003,Contador,True,True,False
occupation_251004,251004,"Contador, Auditoria De Empresas",True,True,False
occupation_251005,251005,"Contador, Contabilidad Municipal",True,True,False
occupation_251006,251006,"Contador, Costos",True,True,False
occupation_251007,251007,"Contador, Costos Y Precios",True,True,False
occupation_251008,251008,"Contador, Empresa",True,True,False
occupation_251009,251009,"Interventor, Cuentas",True,True,False
occupation_251010,251010,Perito Contable,True,True,False
occupation_252001,252001,Administrador De Empresas,True,True,False
occupation_252002,252002,Especialista En Cooperativas,True,True,False
occupation_252003,252003,"Administradores, Otros",True,True,False
occupation_253001,253001,"Analista, Ocupaciones",True,True,False
occupation_253002,253002,"Analista, Profesiones",True,True,False
occupation_253003,253003,"Analista, Puestos De Trabajo",True,True,False
occupation_253004,253004,"Conciliador, Laboral",True,True,False
occupation_253005,253005,"Conciliador, Relaciones Laborales",True,True,False
occupation_253006,253006,"Consejero, Empleo",True,True,False
occupation_253007,253007,"Consejero, Orientacion Profesional",True,True,False
occupation_253008,253008,"Consejero, Perspectivas De Carrera",True,True,False
occupation_253009,253009,"Entrevistador, Colocacion",True,True,False
occupation_253010,253010,Especialista Cuestiones De Personal,True,True,False
occupation_253011,253011,"Especialista, Formacion Del Personal",True,True,False
occupation_253012,253012,"Especialista, Relaciones Profesionales",True,True,False
occupation_253013,253013,"Especialista, Seguridad En El Trabajo",True,True,False
occupation_254001,254001,Abogado,True,True,False
occupation_254002,254002,Abogado Patrocinante,True,True,False
occupation_254003,254003,Abogado Penalista,True,True,False
occupation_254004,254004,"Abogado, Civil-Laboral/Derecho Privado",True,True,False
occupation_254005,254005,"Abogado, Criminalista/Derecho Publico (Constit.Penal, Admin",True,True,False
occupation_254006,254006,Apoderado,True,True,False
occupation_254007,254007,"Abogado, Derecho Internacional",True,True,False
occupation_254008,254008,Abogados Y Otros,True,True,False
occupation_256001,256001,Agente Fiscal,True,True,False
occupation_257001,257001,Notario Publico,True,True,False
occupation_258001,258001,"Consejero Juridico, Empresa",True,True,False
occupation_258002,258002,"Consejero Juridico, Impuestos",True,True,False
occupation_259003,259003,"Conservador, Galeria De Arte",True,True,False
occupation_259004,259004,"Conservador, Museo",True,True,False
occupation_261001,261001,Bibliotecario,True,True,False
occupation_261002,261002,Documentalista,True,True,False
occupation_261003,261003,"Documentalista, Materias Economicas",True,True,False
occupation_261004,261004,"Documentalista, Materias Tecnicas",True,True,False
occupation_261005,261005,"Especialista, Biblioteconomia",True,True,False
occupation_262001,262001,Econometrista,True,True,False
occupation_262002,262002,Economista (Ingeniero),True,True,False
occupation_262003,262003,"Economista, Agricultura",True,True,False
occupation_262004,262004,"Economista, Comercio Internacional",True,True,False
occupation_262005,262005,"Economista, Desarrollo",True,True,False
occupation_262006,262006,"Economista, Econometria",True,True,False
occupation_262007,262007,"Economista, Especialista En Mercadotecnia",True,True,False
occupation_262008,262008,"Economista, Otros",True,True,False
occupation_262009,262009,Planificadores,True,True,False
occupation_263001,263001,Antropologo,True,True,False
occupation_263002,263002,Arqueologo,True,True,False
occupation_263003,263003,Etnografo,True,True,False
occupation_263004,263004,Etnologo,True,True,False
occupation_263005,263005,Geneologista,True,True,False
occupation_263006,263006,Historiador,True,True,False
occupation_263007,263007,"Historiador, Ciencias Sociales",True,True,False
occupation_263008,263008,"Historiador, Historia Economica",True,True,False
occupation_263009,263009,"Historiador, Historia Politica",True,True,False
occupation_263010,263010,Politologo,True,True,False
occupation_263011,263011,"Sociologo, Criminologia",True,True,False
occupation_263012,263012,"Sociologo, Industria",True,True,False
occupation_263013,263013,"Sociologo, Patologia Social",True,True,False
occupation_264001,264001,"Geografo, Geografia Economica",True,True,False
occupation_264002,264002,"Geografo, Geografia Fisica",True,True,False
occupation_264003,264003,"Geografo, Geografia Politico",True,True,False
occupation_265001,265001,"Cientifico, Ciencias Politicas",True,True,False
occupation_265002,265002,"Especialista, Ciencias Politicas",True,True,False
occupation_265003,265003,Filosofo,True,True,False
occupation_265004,265004,"Filosofo, Ciencias Politicas",True,True,False
occupation_266001,266001,"Argumentista, Teatro O Cine",True,True,False
occupation_266002,266002,Autor,True,True,False
occupation_266003,266003,"Autor, Drama",True,True,False
occupation_266004,266004,"Autor, Letra De Canciones",True,True,False
occupation_266005,266005,"Autor, Teatro",True,True,False
occupation_266006,266006,Biografo,True,True,False
occupation_266007,266007,"Comentarista, Actualidades",True,True,False
occupation_266008,266008,"Comentarista, Deportes",True,True,False
occupation_266009,266009,"Comentarista, Radio Y Television",True,True,False
occupation_266010,266010,"Corresponsal, Medios De Informacion",True,True,False
occupation_266011,266011,Critico,True,True,False
occupation_266012,266012,"Critico, Arte",True,True,False
occupation_266013,266013,"Critico, Artes Plasticas",True,True,False
occupation_266014,266014,"Critico, Cinematografico",True,True,False
occupation_266015,266015,"Critico, Literario",True,True,False
occupation_266016,266016,"Critico, Musica",True,True,False
occupation_266017,266017,"Critico, Radio",True,True,False
occupation_266018,266018,"Critico, Teatro",True,True,False
occupation_266019,266019,"Critico, Television",True,True,False
occupation_266020,266020,Cronista,True,True,False
occupation_266021,266021,"Cronista, Deportes",True,True,False
occupation_266022,266022,"Cronista, Tribunales",True,True,False
occupation_266023,266023,Dialoguista,True,True,False
occupation_266024,266024,"Editor, Libros/Revistas",True,True,False
occupation_266025,266025,Editorialista,True,True,False
occupation_266026,266026,Ensayista,True,True,False
occupation_266027,266027,Escritor,True,True,False
occupation_266028,266028,"Escritor, Libretos",True,True,False
occupation_266029,266029,"Escritor, Novelas",True,True,False
occupation_266030,266030,"Escritor, Poesia",True,True,False
occupation_266031,266031,"Escritor, Teatro",True,True,False
occupation_266032,266032,Folletinista,True,True,False
occupation_266033,266033,Gacetillero,True,True,False
occupation_266034,266034,Guionista,True,True,False
occupation_266035,266035,Hombres De Letras,True,True,False
occupation_266036,266036,Libretista,True,True,False
occupation_266037,266037,Literato,True,True,False
occupation_266038,266038,Novelista,True,True,False
occupation_266039,266039,Periodista,True,True,False
occupation_266040,266040,Periodista Reportero,True,True,False
occupation_266041,266041,"Periodista, Radio",True,True,False
occupation_266042,266042,"Periodista, Television",True,True,False
occupation_266043,266043,Poeta,True,True,False
occupation_266044,266044,Redactor,True,True,False
occupation_266045,266045,"Redactor Jefe, Diarios",True,True,False
occupation_266046,266046,"Redactor Jefe, Finanzas",True,True,False
occupation_266047,266047,"Redactor Jefe, Guiones/Radio Y Television",True,True,False
occupation_266048,266048,"Redactor Jefe, Revistas",True,True,False
occupation_266049,266049,"Redactor, Articulos De Fondo",True,True,False
occupation_266050,266050,"Redactor, Informacion Publica",True,True,False
occupation_266051,266051,"Redactor, Modas",True,True,False
occupation_266052,266052,"Redactor, Prensa/T.V.",True,True,False
occupation_266053,266053,"Redactor, Prensa/Extranjero",True,True,False
occupation_266054,266054,"Redactor, Publicidad",True,True,False
occupation_266055,266055,"Redactor, Revistas",True,True,False
occupation_266056,266056,"Redactor, Tecnico",True,True,False
occupation_266057,266057,"Redactor, Tecnico/Manuales",True,True,False
occupation_266058,266058,Reportero,True,True,False
occupation_266059,266059,"Reportero, Moda",True,True,False
occupation_266060,266060,"Reportero, Prensa/T.V. O Radio",True,True,False
occupation_266061,266061,Jefe De Redaccion/Diario,True,True,False
occupation_266062,266062,Jefe De Redaccion/Revista,True,True,False
occupation_267001,267001,"Especialista, Fonetica",True,True,False
occupation_267002,267002,"Especialista, Semantica",True,True,False
occupation_267003,267003,Etimologista,True,True,False
occupation_267004,267004,Filologo,True,True,False
occupation_267005,267005,"Filologo, Etimologia",True,True,False
occupation_267006,267006,"Filologo, Fonetica",True,True,False
occupation_267007,267007,"Filologo, Fonologia",True,True,False
occupation_267008,267008,"Filologo, Grafologia",True,True,False
occupation_267009,267009,"Filologo, Lexicografia",True,True,False
occupation_267010,267010,"Filologo, Linguistica",True,True,False
occupation_267011,267011,"Filologo, Morfologia",True,True,False
occupation_267012,267012,"Filologo, Semantica",True,True,False
occupation_267013,267013,Grafologo,True,True,False
occupation_267014,267014,Interprete,True,True,False
occupation_267015,267015,Lexicografo,True,True,False
occupation_267016,267016,Linguista,True,True,False
occupation_267017,267017,Morfologo,True,True,False
occupation_267018,267018,Traductor,True,True,False
occupation_268001,268001,Psicologo,True,True,False
occupation_268002,268002,Psicologo Clinico,True,True,False
occupation_268003,268003,"Psicologo, Experimentos",True,True,False
occupation_268004,268004,"Psicologo, Industrias",True,True,False
occupation_268005,268005,"Psicologo, Ocupaciones",True,True,False
occupation_268006,268006,"Psicologo, Pedagogia",True,True,False
occupation_268007,268007,"Psicologo, Problemas Sociales",True,True,False
occupation_268008,268008,"Psicologo, Trabajo",True,True,False
occupation_269001,269001,Asistente Medico Social,True,True,False
occupation_269002,269002,Asistente Social,True,True,False
occupation_269003,269003,"Asistente Social, Bienestar Social",True,True,False
occupation_269004,269004,"Asistente Social, Delincuencia",True,True,False
occupation_269005,269005,"Asistente Social, Delincuencia/Libertad Condicional",True,True,False
occupation_269006,269006,"Asistente Social, Delincuencia/Prevencion Y Rehabilitacion",True,True,False
occupation_269007,269007,"Asistente Social, Empresa",True,True,False
occupation_269008,269008,"Asistente Social, Hospital",True,True,False
occupation_269009,269009,"Asistente Social, Prisiones",True,True,False
occupation_269010,269010,"Asistente Social, Proteccion De La Familia",True,True,False
occupation_269011,269011,"Asistente Social, Proteccion De La Infancia",True,True,False
occupation_269012,269012,"Asistente Social, Psiquiatria",True,True,False
occupation_269013,269013,"Asistente Social, Rehabilitacion/Incapacitados Fisicos",True,True,False
occupation_269014,269014,"Asistente Social, Servicios Comunitarios",True,True,False
occupation_269015,269015,"Asistente Social, Servicios Culturales",True,True,False
occupation_269016,269016,"Asistente Social, Servicios De Ayuda Familiar",True,True,False
occupation_269017,269017,"Asistente Social, Servicios Sociales",True,True,False
occupation_271026,271026,"Publicista, Responsable De Campaða Publicitaria",True,True,False
occupation_272026,272026,"Director, Coros",True,True,False
occupation_272027,272027,"Director, Orquesta Sinfonica",True,True,False
occupation_272033,272033,Mezzo-Soprano,True,True,False
occupation_272040,272040,Soprano,True,True,False
occupation_272042,272042,Tenor,True,True,False
occupation_273007,273007,"Director, Danza",True,True,False
occupation_273008,273008,"Director, Coreografia",True,True,False
occupation_273009,273009,Maestro De Ballet,True,True,False
occupation_274009,274009,"Director Artistico, Cine",True,True,False
occupation_274010,274010,"Director Artistico, Teatro",True,True,False
occupation_274012,274012,"Director, Escena/Cine",True,True,False
occupation_274013,274013,"Director, Escena/Teatro",True,True,False
occupation_274014,274014,"Director, Fotografia/Cine",True,True,False
occupation_274020,274020,"Realizador, Radiodifusion O Television",True,True,False
occupation_274022,274022,"Recitador, Radio O Television",True,True,False
occupation_274023,274023,"Regente, Escena",True,True,False
occupation_281001,281001,Profesional En Hoteleria,True,True,False
occupation_281002,281002,Profesional En Turismo,True,True,False
occupation_282001,282001,"Relacionista, Industrial",True,True,False
occupation_282002,282002,"Relacionista, Laboral",True,True,False
occupation_282003,282003,"Relacionista, Publico",True,True,False
occupation_282004,282004,"Relacionista, Otros",True,True,False
occupation_283001,283001,"Diplomaticos, Extranjeros",True,True,False
occupation_283002,283002,"Diplomaticos, Peruanos (Excepto Embajadores Y Consules En F",True,True,False
occupation_284001,284001,Arcipreste,True,True,False
occupation_284002,284002,Arzobispo,True,True,False
occupation_284003,284003,Bonzo,True,True,False
occupation_284004,284004,Canonigo,True,True,False
occupation_284005,284005,Capellan,True,True,False
occupation_284006,284006,Cura,True,True,False
occupation_284007,284007,Iman,True,True,False
occupation_284008,284008,Ministro Del Culto,True,True,False
occupation_284009,284009,Misionero,True,True,False
occupation_284010,284010,Monja,True,True,False
occupation_284011,284011,Monje,True,True,False
occupation_284012,284012,Obispo,True,True,False
occupation_284013,284013,Parroco,True,True,False
occupation_284014,284014,Pastor Protestante,True,True,False
occupation_284015,284015,Poojari,True,True,False
occupation_284016,284016,Prior,True,True,False
occupation_284017,284017,Rabino,True,True,False
occupation_284018,284018,Sacerdote,True,True,False
occupation_284019,284019,Sacerdote Budista,True,True,False
occupation_284020,284020,Teologo,True,True,False
occupation_284021,284021,Vicario,True,True,False
occupation_331001,331001,"Cuarto Oficial, Maquinista/Barco",True,True,False
occupation_331002,331002,"Inspector Tecnico, Marina/Mercante",True,True,False
occupation_331003,331003,Instructor Navegacion/Vela,True,True,False
occupation_331004,331004,"Jefe De Maquinas, Barco",True,True,False
occupation_331006,331006,"Oficial Maquinista, Barco",True,True,False
occupation_331007,331007,"Primer Oficial, Maquinista/Barco",True,True,False
occupation_331008,331008,"Segundo Oficial, Maquinista/Barco",True,True,False
occupation_331009,331009,"Superintendente Tecnico, Marina Mercante",True,True,False
occupation_331010,331010,"Tercer Oficial, Maquinista/Marina Mercante",True,True,False
occupation_332001,332001,"Alferez De Fragata, Reserva Naval/Marina Mercante",True,True,False
occupation_332013,332013,"Oficial, Cubierta",True,True,False
occupation_332014,332014,"Oficial, Navegacion",True,True,False
occupation_332021,332021,"Piloto, Aerodeslizador",True,True,False
occupation_332022,332022,"Piloto, Costero",True,True,False
occupation_332023,332023,"Piloto, Deslizador",True,True,False
occupation_332024,332024,"Piloto, Hidroplano",True,True,False
occupation_332025,332025,Piloto-Practico Navegacion,True,True,False
occupation_333002,333002,"Copiloto, Aeronave",True,True,False
occupation_333003,333003,Instructor De Vuelo,True,True,False
occupation_333004,333004,"Oficial Mecanico, Vuelo/Mecanico Navegante",True,True,False
occupation_333005,333005,"Oficial Navegante, Aeronave",True,True,False
occupation_333006,333006,"Piloto, Aeronave/Transporte Aereo",True,True,False
occupation_333007,333007,"Piloto, Fumigacion",True,True,False
occupation_333008,333008,"Piloto, Helicoptero",True,True,False
occupation_333009,333009,"Piloto, Hidroavion",True,True,False
occupation_333010,333010,"Piloto, Instructor",True,True,False
occupation_333011,333011,"Piloto, Pruebas/Aeronautica",True,True,False
occupation_335005,335005,"Inspector, Control De Calidad",True,True,False
occupation_335006,335006,"Inspector, Control De Calidad/Electricidad",True,True,False
occupation_335007,335007,"Inspector, Control De Calidad/Equipos Electricos",True,True,False
occupation_335008,335008,"Inspector, Control De Calidad/Equipos Electronicos",True,True,False
occupation_335009,335009,"Inspector, Control De Calidad/Maquinas",True,True,False
occupation_335010,335010,"Inspector, Control De Calidad/Procesos Industriales",True,True,False
occupation_335011,335011,"Inspector, Control De Calidad/Productos Mecanicos",True,True,False
occupation_335012,335012,"Inspector, Control De Calidad/Servicios",True,True,False
occupation_335013,335013,"Inspector, Control De Calidad/Tejidos",True,True,False
occupation_335014,335014,"Inspector, Seguridad Y Salud",True,True,False
occupation_335015,335015,"Inspector, Seguridad Y Salud/Contaminacion Del Medio Ambien",True,True,False
occupation_335016,335016,"Inspector, Seguridad Y Salud/Cuidados A Los Niðos",True,True,False
occupation_335017,335017,"Inspector, Seguridad Y Salud/Electricidad",True,True,False
occupation_335018,335018,"Inspector, Seguridad Y Salud/Establecimientos",True,True,False
occupation_335019,335019,"Inspector, Seguridad Y Salud/Fabrica",True,True,False
occupation_335020,335020,"Inspector, Seguridad Y Salud/Proteccion De Los Consumidores",True,True,False
occupation_335021,335021,"Inspector, Seguridad Y Salud/Seguridad Industrial",True,True,False
occupation_335022,335022,"Inspector, Seguridad Y Salud/Tiendas Y Comercios",True,True,False
occupation_335023,335023,"Inspector, Seguridad Y Salud/Trabajo",True,True,False
occupation_335024,335024,"Inspector, Seguridad Y Salud/Tratamiento De Desechos Indust",True,True,False
occupation_335025,335025,"Inspector, Seguridad Y Salud/Vehiculos",True,True,False
occupation_335026,335026,"Inspector, Seguridad/Productos",True,True,False
occupation_352001,352001,"Enfermera, Nivel Superior (Diplomados)",True,True,False
occupation_352002,352002,"Enfermera, Nivel Medio",True,True,False
occupation_352003,352003,"Enfermera, Nivel Medio/Clinica, Centro De Salud, Etc.",True,True,False
occupation_352004,352004,"Enfermera, Nivel Medio/Maternidad",True,True,False
occupation_352005,352005,"Enfermera, Nivel Medio/Obstetricia",True,True,False
occupation_352006,352006,"Enfermera, Nivel Medio/Ortopedia",True,True,False
occupation_352007,352007,"Enfermera, Nivel Medio/Pediatria",True,True,False
occupation_352008,352008,"Enfermero, Nivel Medio",True,True,False
occupation_352009,352009,"Enfermero, Nivel Medio/Clinica",True,True,False
occupation_352010,352010,"Enfermero, Nivel Medio/Obstetricia",True,True,False
occupation_352011,352011,"Enfermero, Nivel Medio/Ortopedia",True,True,False
occupation_352012,352012,"Enfermero, Nivel Medio/Pediatria",True,True,False
occupation_361001,361001,"Inspector Jefe, Comercio Al Por Mayor",True,True,False
occupation_361002,361002,"Supervisor De Ventas, Comercio Al Por Mayor",True,True,False
occupation_362001,362001,"Inspector Jefe, Comercio Al Por Menor",True,True,False
occupation_362002,362002,"Supervisor De Ventas, Comercio Al Por Menor",True,True,False
occupation_363001,363001,"Supervisor, Comercio N.E.P",True,True,False
occupation_364001,364001,"Administrador, Abastecimiento",True,True,False
occupation_364002,364002,"Administrador, Hogar/Economos",True,True,False
occupation_364003,364003,"Administrador, Material Contable",True,True,False
occupation_364004,364004,"Administrador, Personal",True,True,False
occupation_373001,373001,"Administrador, Propiedades Inmuebles",True,True,False
occupation_374001,374001,"Agente Administrativo, Administracion Publica/Servicio De Turismo",True,True,False
occupation_374002,374002,"Agente Administrativo, Consulado/Servicio De Turismo",True,True,False
occupation_374003,374003,"Agente, Turismo",True,True,False
occupation_377001,377001,Aduanero,True,True,False
occupation_377008,377008,"Agente, Servicios De Almacenamiento",True,True,False
occupation_377009,377009,Correo Diplomatico,True,True,False
occupation_377010,377010,"Funcionario, Consulado",True,True,False
occupation_379011,379011,"Empresario, Circo",True,True,False
occupation_379012,379012,"Empresario, Musica",True,True,False
occupation_379013,379013,"Empresario, Teatro",True,True,False
occupation_379014,379014,"Funcionario, Servicio Del Empleo",True,True,False
occupation_379015,379015,"Funcionario, Servicio Del Empleo/Jovenes",True,True,False
occupation_379016,379016,"Organizador De Espectaculo, Varios",True,True,False
occupation_382001,382001,"Empleado, Fisco",True,True,False
occupation_382002,382002,"Inspector, Hacienda",True,True,False
occupation_383001,383001,"Funcionario, Prestaciones Sociales Y Otros",True,True,False
occupation_383002,383002,"Funcionario, Expedicion De Licencias Y Permisos",True,True,False
occupation_383003,383003,"Funcionario, Expedicion De Licencias/Exportacion",True,True,False
occupation_383004,383004,"Funcionario, Expedicion De Licencias/Importacion",True,True,False
occupation_383005,383005,"Funcionario, Expedicion De Pasaportes",True,True,False
occupation_383006,383006,"Funcionario, Inmigracion",True,True,False
occupation_383007,383007,"Funcionario, Permisos De Construccion",True,True,False
occupation_396003,396003,"Director, Orquesta/Baile",True,True,False
occupation_412001,412001,Empleado De  Registro Civil,True,True,False
occupation_412002,412002,Empleado De Registro Electoral,True,True,False
occupation_418001,418001,Empleados De Contabilidad Y Calculo De Costos,True,True,False
occupation_418002,418002,"Empleado, Caja",True,True,False
occupation_418003,418003,"Empleado, Calculo De Costos",True,True,False
occupation_418004,418004,"Empleado, Calculo De Presupuestos",True,True,False
occupation_418005,418005,"Empleado, Calculo De Salarios",True,True,False
occupation_418006,418006,"Empleado, Contabilidad",True,True,False
occupation_418007,418007,"Empleado, Contabilidad/Calculo De Costos",True,True,False
occupation_418008,418008,"Empleado, Contabilidad/Calculo De Intereses",True,True,False
occupation_418009,418009,"Empleado, Contabilidad/Cuentas Corrientes",True,True,False
occupation_418010,418010,"Empleado, Contabilidad/Descuentos",True,True,False
occupation_418011,418011,"Empleado, Contabilidad/Estimaciones",True,True,False
occupation_418012,418012,"Empleado, Contabilidad/Verificacion",True,True,False
occupation_418013,418013,"Empleado, Facturas",True,True,False
occupation_418014,418014,"Empleado, Pagador De Planillas De Pago",True,True,False
occupation_418015,418015,"Empleado, Planillero",True,True,False
occupation_418016,418016,"Empleado, Pago De Nominas",True,True,False
occupation_418017,418017,"Empleado, Pago De Salarios",True,True,False
occupation_418018,418018,"Empleado, Servicio Del Personal",True,True,False
occupation_418019,418019,"Empleado, Subastas",True,True,False
occupation_418020,418020,"Empleado, Teneduria De Libros",True,True,False
occupation_419003,419003,Empleado Actuarial,True,True,False
occupation_419004,419004,"Empleado, Bancos",True,True,False
occupation_419005,419005,"Empleado, Banco/Prestamos",True,True,False
occupation_419006,419006,"Empleado, Bolsa",True,True,False
occupation_419007,419007,"Empleado, Creditos",True,True,False
occupation_419008,419008,"Empleado, Estadistica",True,True,False
occupation_419009,419009,"Empleado, Finanzas",True,True,False
occupation_419010,419010,"Empleado, Hipotecas",True,True,False
occupation_419011,419011,"Empleado, Inversiones",True,True,False
occupation_419012,419012,"Empleado, Oficina De Impuestos/Sellos Y Timbres",True,True,False
occupation_419013,419013,"Empleado, Registro De Titulos Y Acciones",True,True,False
occupation_419014,419014,"Empleado, Servicios Financieros",True,True,False
occupation_419015,419015,"Empleado, Seguros",True,True,False
occupation_419016,419016,"Empleado, Seguros/Modificaciones De Cobertura",True,True,False
occupation_419017,419017,"Empleado, Seguros/Pago De Suministros",True,True,False
occupation_419018,419018,"Empleado, Seguros/Polizas",True,True,False
occupation_419019,419019,"Empleado, Servicios Juridicos",True,True,False
occupation_419020,419020,"Empleado, Transacciones",True,True,False
occupation_419021,419021,"Empleado, Valores",True,True,False
occupation_421002,421002,"Empleado, Abastecimiento",True,True,False
occupation_421003,421003,"Empleado, Almacenaje Y Aprovisionamiento",True,True,False
occupation_421004,421004,"Empleado, Contabilidad/Existencias",True,True,False
occupation_421005,421005,"Empleado, Control De Peso",True,True,False
occupation_421006,421006,"Empleado, Deposito",True,True,False
occupation_421007,421007,"Empleado, Despacho",True,True,False
occupation_421008,421008,"Empleado, Embarque/Mercaderia",True,True,False
occupation_421009,421009,"Empleado, Existencias/Registrador",True,True,False
occupation_421010,421010,"Empleado, Existencias/Control",True,True,False
occupation_421011,421011,"Empleado, Existencias/Control (Registros)",True,True,False
occupation_421012,421012,"Empleado, Existencias/Inventario",True,True,False
occupation_421013,421013,"Empleado, Existencias/Mercaderia",True,True,False
occupation_421014,421014,"Empleado, Expedicion Y Recepcion De Mercaderia",True,True,False
occupation_421015,421015,"Empleado, Guardamuebles",True,True,False
occupation_421016,421016,"Empleado, Herramientas/Almacen",True,True,False
occupation_421017,421017,"Empleado, Interventor Almacenista",True,True,False
occupation_421018,421018,"Empleado, Mercaderias",True,True,False
occupation_421019,421019,"Empleado, Movimiento/Mercaderias",True,True,False
occupation_421020,421020,"Empleado, Recepcion/Mercaderia (Almacen)",True,True,False
occupation_421021,421021,"Empleado, Registrador/Entradas Y Salidas De Mercaderias",True,True,False
occupation_421022,421022,"Empleado, Servicio De Almacenaje",True,True,False
occupation_421023,421023,"Empleado, Suministros",True,True,False
occupation_421024,421024,"Empleado, Kardista/Tarjador",True,True,False
occupation_422001,422001,"Empleado, Abastecimiento/Materiales",True,True,False
occupation_422002,422002,"Empleado, Calculo De Materiales",True,True,False
occupation_422003,422003,"Empleado, Planificacion De La Produccion",True,True,False
occupation_422004,422004,"Empleado, Planificacion De La Produccion/Coordinacion",True,True,False
occupation_422005,422005,"Empleado, Planificacion De La Produccion/Programa",True,True,False
occupation_422006,422006,"Empleado, Planificacion/Materiales",True,True,False
occupation_422007,422007,"Empleado, Programa De Abastecimiento/Materiales",True,True,False
occupation_423001,423001,Empleado De Agencia De Seguros,True,True,False
occupation_423002,423002,Empleado De Correspondencia,True,True,False
occupation_423003,423003,Empleado De Oficina En General,True,True,False
occupation_423004,423004,Empleado De Oficina Publica O Particular,True,True,False
occupation_423005,423005,"Empleado De Servicios Administrativos, Otros",True,True,False
occupation_423006,423006,Empleado De Servicios De Personal,True,True,False
occupation_436002,436002,"Controlador Administrativo, Ferrocarril/Mercancias",True,True,False
occupation_436003,436003,"Controlador Administrativo, Trafico Aereo",True,True,False
occupation_436004,436004,"Controlador Administrativo, Transporte Aereo",True,True,False
occupation_436005,436005,"Controlador Administrativo, Transporte Ferroviario (Cargas)",True,True,False
occupation_436006,436006,"Controlador Administrativo, Transporte Maritimo",True,True,False
occupation_436007,436007,"Controlador Administrativo, Transporte Por Carretera",True,True,False
occupation_436008,436008,"Empleado, Despacho/Autobuses",True,True,False
occupation_436009,436009,"Empleado, Despacho/Barcos",True,True,False
occupation_436010,436010,"Empleado, Despacho/Camiones",True,True,False
occupation_436011,436011,"Empleado, Despacho/Ferrocarril",True,True,False
occupation_436012,436012,"Empleado, Despacho/Gasoducto",True,True,False
occupation_436013,436013,"Empleado, Despacho/Muelles",True,True,False
occupation_436014,436014,"Empleado, Despacho/Oleoducto",True,True,False
occupation_436015,436015,"Empleado, Despacho/Transporte Aereo",True,True,False
occupation_436016,436016,"Empleado, Despacho/Transporte Carga",True,True,False
occupation_436017,436017,"Empleado, Despacho/Transporte Fluvial Y Transbordador",True,True,False
occupation_436018,436018,"Empleado, Despacho/Transporte Maritimo",True,True,False
occupation_436019,436019,"Empleado, Despacho/Transporte Por Carretera (Excepto Autobu",True,True,False
occupation_436020,436020,"Empleado, Ferrocarril/Deposito",True,True,False
occupation_436021,436021,"Empleado, Movimientos/Trenes",True,True,False
occupation_436022,436022,"Empleado, Operaciones/Transporte Aereo",True,True,False
occupation_436023,436023,"Empleado, Transporte",True,True,False
occupation_436024,436024,"Empleado, Transporte Aereo/Expedicion",True,True,False
occupation_436025,436025,"Empleado, Transporte Aereo/Movimiento",True,True,False
occupation_436026,436026,"Empleado, Transporte Maritimo/Estacion Terminal",True,True,False
occupation_436027,436027,"Empleado, Transporte Maritimo/Muelle",True,True,False
occupation_436028,436028,"Empleado, Transporte Por Carretera/Trafico",True,True,False
occupation_442004,442004,"Empleado, Archivo/Servicios",True,True,False
occupation_442005,442005,"Empleado, Biblioteca",True,True,False
occupation_442006,442006,"Empleado, Biblioteca/Adquisiciones",True,True,False
occupation_442007,442007,"Empleado, Biblioteca/Clasificacion",True,True,False
occupation_442008,442008,"Empleado, Biblioteca/Indice",True,True,False
occupation_442009,442009,"Empleado, Biblioteca/Prestamo De Libros",True,True,False
occupation_443003,443003,"Empleado De Correos, Correspondencia/Clasificacion",True,True,False
occupation_443004,443004,"Empleado, Distribucion/Correspondencia",True,True,False
occupation_443011,443011,"Supervisor, Correo",True,True,False
occupation_444002,444002,"Empleado, Correccion De Pruebas/Imprenta",True,True,False
occupation_444003,444003,"Empleado, Elaboracion De Listas",True,True,False
occupation_444004,444004,"Empleado, Escrituras",True,True,False
occupation_444005,444005,"Empleado, Clasificador De Documentos",True,True,False
occupation_444006,444006,"Empleado, Maquina Franqueadora",True,True,False
occupation_451014,451014,"Empleado, Emision De Billetes/Excepto De Viaje",True,True,False
occupation_451015,451015,"Empleado, Operaciones De Cambio",True,True,False
occupation_451016,451016,"Empleado, Ventanilla De Banco",True,True,False
occupation_451017,451017,"Empleado, Ventanilla De Correos",True,True,False
occupation_454001,454001,"Empleado, Agencia De Viajes",True,True,False
occupation_454002,454002,"Empleado, Agencia De Viajes/Ventas De Billetes",True,True,False
occupation_454003,454003,"Empleado, Emision De Billetes/Viajes",True,True,False
occupation_454004,454004,"Empleado, Viajes",True,True,False
occupation_454005,454005,"Empleado, Viajes/Ferrocarriles",True,True,False
occupation_454006,454006,"Empleado, Viajes/Lineas Aereas",True,True,False
occupation_454007,454007,"Empleado, Concertacion De Entrevistas",True,True,False
occupation_454008,454008,"Empleado, Informes",True,True,False
occupation_462002,462002,"Empleado, Operador De Maquina Autocopista",True,True,False
occupation_462003,462003,"Empleado, Operador De Fotocopiadora",True,True,False
occupation_462004,462004,"Empleado, Operador De Maquina Reproductora De Documentos",True,True,False
occupation_462005,462005,"Empleado, Operador De Maquina Multicopista",True,True,False
occupation_462006,462006,"Empleado De Oficina, Otros",True,True,False
occupation_711001,711001,Adornistas,True,True,True
occupation_711002,711002,Apiri,True,True,True
occupation_711003,711003,"Apuntalador, Ademador, Aladero, Entibador, Minas",True,True,True
occupation_711004,711004,"Artillero, Minas Y Canteras",True,True,True
occupation_711005,711005,Apurador-Lavador De Mineral,True,True,True
occupation_711006,711006,Aserrador De Piedra,True,True,True
occupation_711007,711007,"Barrenero, Dinamitero",True,True,True
occupation_712008,712008,"Peon De Torre, Petroleo",True,True,True
occupation_713001,713001,"Ayudante, Horno Alto",True,True,True
occupation_714001,714001,Auxiliar De Tren De Laminacion,True,True,True
occupation_714002,714002,Ayudante De Tren De Laminacion,True,True,True
occupation_714010,714010,Operario De Tren De Laminacion,True,True,True
occupation_714011,714011,Operario De Laminado De Revestimiento,True,True,True
occupation_714012,714012,Operario De Laminado Reversible,True,True,True
occupation_715001,715001,Ayudante De Horno De Segunda Fusion O De Recalentado,True,True,True
occupation_716008,716008,Operario De Nave De Colada,True,True,True
occupation_716009,716009,Operario De Colada Continua,True,True,True
occupation_733003,733003,"Obrero Tratam. Petroleo Crudo, Campos Extraccion",True,True,True
occupation_737005,737005,Obreros De La Coagulacion De Latex,True,True,True
occupation_737006,737006,Obreros Tratamiento Quimico De Materiales Radiactivos,True,True,True
occupation_737007,737007,Obreros Del Tratamiento De Desechos Radiactivos,True,True,True
occupation_737008,737008,Obreros En La Fabricacion De Abonos,True,True,True
occupation_737009,737009,Obreros En La Fabricacion De Acidos,True,True,True
occupation_737010,737010,"Obrero, Fabricacion Colorantes, Tintes, Pinturas, Barnices",True,True,True
occupation_737011,737011,"Obrero, Fabricacion De Carusa",True,True,True
occupation_737012,737012,"Obrero, Fabricacion De Minio",True,True,True
occupation_737013,737013,"Obrero, Fabricacion Hidrogeno, Oxigeno, Acetileno, Otros",True,True,True
occupation_737014,737014,"Obrero, Fabricacion De Explosivos",True,True,True
occupation_737015,737015,"Obrero, Fabricacion De Comprimidos Y Grageas",True,True,True
occupation_742014,742014,Obrero Textil,True,True,True
occupation_767018,767018,Obrero De La Elaboracion De Vinos,True,True,True
occupation_767019,767019,Obrero De La Fabricacion De Levadura,True,True,True
occupation_767020,767020,"Obrero De La Germinacion De Granos,Cerveza",True,True,True
occupation_767021,767021,Obrero De Vinos Achampanados,True,True,True
occupation_767022,767022,"Obrero Elaboracion Sodas, Gaseosas Y Otras Bebidas No Alcoh",True,True,True
occupation_782001,782001,Ayudante De Mecanico De Vehiculos De Motor,True,True,True
occupation_785006,785006,Ayudante De Hojalateria,True,True,True
occupation_785007,785007,Ayudante De Remachador De Estructuras Metalicas,True,True,True
occupation_785025,785025,"Operario De Mesa De Corte, Oxicortador",True,True,True
occupation_785026,785026,Operario De Oxicorte,True,True,True
occupation_811017,811017,Obrero Del Apomazado Del Caucho,True,True,True
occupation_811018,811018,Obrero En La Fabric. De Articulos De Caucho,True,True,True
occupation_813001,813001,Ayudante De Reencauchador De Neumaticos,True,True,True
occupation_843004,843004,Obrero De La Elabor. De Prefabricados De Hormigon Armado,True,True,True
occupation_843005,843005,Obrero De La Elaboracion De Prod.Hormigon Armado,True,True,True
occupation_843006,843006,Obrero De La Elaboracion De Fibrocemento De Amianto,True,True,True
occupation_843007,843007,Obrero De La Fabricacion De Piedra Artificial,True,True,True
occupation_843008,843008,Obrero De La Fabric. De Aglomerados De Piedra Artificial,True,True,True
occupation_843009,843009,Obrero De La Fabricacion De Papel Y Tela De Esmeril(Lija),True,True,True
occupation_843010,843010,Obrero De La Fab. De Telas Y Papeles Prevestidos,True,True,True
occupation_843011,843011,Losetero Fabricacion De Locetas Y Mosaicos,True,True,True
occupation_843012,843012,Obrero De La Preparacion De Arenas Siliceas Para Filtros,True,True,True
occupation_843013,843013,Otros Obreros De La Fabricacion De Prod. Derivados,True,True,True
occupation_844018,844018,Obrero De Impermeabilizacion De Telas Al Aceite,True,True,True
occupation_844019,844019,Obrero De La Elaboracion De Productos De Corcho,True,True,True
occupation_844020,844020,Obrero De La Elaboracion De Cuerdas De Tripa,True,True,True
occupation_844021,844021,Obrero De La Fabricacion De Linoleo,True,True,True
occupation_844022,844022,Obrero De La Fabric.De Peliculas Y Papel Fotografico,True,True,True
occupation_844023,844023,Obrero De La Fabricacion De Juguetes De Madera,True,True,True
occupation_844024,844024,Obrero De Fabricacion De Juguete Metalicos,True,True,True
occupation_844025,844025,Obrero De Trat. Y Revest. De Alquitran O Asfalto Del Papel,True,True,True
occupation_844026,844026,Obrero En La Elaboracion De Telas Aceitadas,True,True,True
occupation_844027,844027,Obrero En La Fabricacion De Botones,True,True,True
occupation_844028,844028,Obrero En La Fabricacion De Adornos Artificiales,True,True,True
occupation_861001,861001,Adoquineros,True,True,True
occupation_861002,861002,Adoquinador-Pavimentador,True,True,True
occupation_861003,861003,Albañil,True,True,True
occupation_861004,861004,Albañilero,True,True,True
occupation_861005,861005,Albañil En General,True,True,True
occupation_861006,861006,"Colocacion De Losas,Suelo, Solador",True,True,True
occupation_861007,861007,Colocador De Labrillos En General,True,True,True
occupation_861008,861008,"Constructor De Casas, Albanil",True,True,True
occupation_861009,861009,"Constructor De Alcantarillas, Albaðil",True,True,True
occupation_861010,861010,Enlosador,True,True,True
occupation_861011,861011,"Estufista,Fumista Albaðil En La Industria",True,True,True
occupation_861012,861012,Mampostero,True,True,True
occupation_861013,861013,"Marmolista, Construccion",True,True,True
occupation_861014,861014,"Mosaista,Colocador De Mosaicos",True,True,True
occupation_861015,861015,Pavimentador,True,True,True
occupation_861016,861016,Rejuntador De Mamposteria Careada Y Concertada,True,True,True
occupation_861017,861017,"Restaurador De Mamposteria De Construc.Historic.,Albaðil",True,True,True
occupation_861018,861018,Solador En Mosaico,True,True,True
occupation_861019,861019,Solador De Labrillos O Baldosas,True,True,True
occupation_861020,861020,"Solador En Materiales Plasticas, Sintasol",True,True,True
occupation_862001,862001,Armador De Hormigon,True,True,True
occupation_862002,862002,"Carpintero De Arma, Trabajo De Encofrado",True,True,True
occupation_862003,862003,"Cementero De Hormigon Armado,En General",True,True,True
occupation_862004,862004,"Cementero,Trabajo De Acabado",True,True,True
occupation_862005,862005,Encofrador En Madera,True,True,True
occupation_862006,862006,Enfoscador,True,True,True
occupation_862007,862007,En Terrazo,True,True,True
occupation_862008,862008,Obrero Del Curado Del Hormigon,True,True,True
occupation_862010,862010,"Solador En Terrazo, Pavimento Continuo",True,True,True
occupation_862011,862011,Vestimientos Con Hormigon,True,True,True
occupation_863001,863001,"Colocador De Cubiertas De Asfalto, De Junco De Metal",True,True,True
occupation_863002,863002,"Colocador De Tejas, Techador",True,True,True
occupation_863003,863003,Otros Techadores,True,True,True
occupation_863004,863004,"Techador En General, Pizarra, Teja, Asfalto, Materiales Sin",True,True,True
occupation_863005,863005,En Metal De Paja Y Similares,True,True,True
occupation_864001,864001,"Carpintero En Construc En Gral,Exc:Arma,Trab.De Encofrado",True,True,True
occupation_864002,864002,"Calafatero,Carpintero",True,True,True
occupation_864003,864003,Carpintero-Ebanista De Construccion,True,True,True
occupation_864004,864004,Carpintero De Aviacion,True,True,True
occupation_864005,864005,"Carpintero Ebanista, Construccion De Edificios",True,True,True
occupation_864006,864006,"Carpintero Ebanista, Construccion De Barcos",True,True,True
occupation_864007,864007,Carpintero-Armador De Embarcaciones,True,True,True
occupation_864008,864008,Carpintero Naval O Calafatero,True,True,True
occupation_864009,864009,Carpintero De Rivera,True,True,True
occupation_864010,864010,Carpintero De Puerta Y Ventanas,True,True,True
occupation_864011,864011,Colocador De Parquet,True,True,True
occupation_864012,864012,Entarugador De Pavimentos,True,True,True
occupation_864013,864013,"Montador De Ebanisteria, Edificacion",True,True,True
occupation_864014,864014,"Parquetero, Coloca Pisos De Parquet",True,True,True
occupation_864015,864015,Portaventanero,True,True,True
occupation_865001,865001,Decorador En Yeso Fibroso,True,True,True
occupation_865002,865002,Enlistonador,True,True,True
occupation_865003,865003,"Enlucidor En Yeso, En General",True,True,True
occupation_865004,865004,"Escayolista-Decorador, Escayolista",True,True,True
occupation_865005,865005,"Estuquista-Decorador,Escoyolista",True,True,True
occupation_865006,865006,Listonero,True,True,True
occupation_865007,865007,Revocador,True,True,True
occupation_865008,865008,Yesero En General,True,True,True
occupation_867001,867001,Cristalero De Edificio,True,True,True
occupation_867002,867002,Cristalero De Claroboyas,True,True,True
occupation_867003,867003,Colocador De Vidrios En Ventanas,True,True,True
occupation_867004,867004,Colocador De Lunas De Vehiculos,True,True,True
occupation_867005,867005,"Vidriero, Colocador De Vidrios",True,True,True
occupation_868001,868001,"Asfalto, Grano De Arena Y Materiales Similares",True,True,True
occupation_868004,868004,Colocador De Baldosas Sinteticas,True,True,True
occupation_868005,868005,Colocador De Caðerias Principales De Agua,True,True,True
occupation_868006,868006,Colocador De Cables Gruesos Subterraneos,True,True,True
occupation_868007,868007,"Colocador De Tubos, Conducciones",True,True,True
occupation_868008,868008,Constructor De Canalizacion Por Tubos,True,True,True
occupation_868010,868010,Montador De Andamios,True,True,True
occupation_868011,868011,Montador De Elementos Prefabric.De La Edificac.,True,True,True
occupation_868012,868012,"Montador,Edificacion Con Elementos Prefabricado",True,True,True
occupation_868013,868013,"Obrero De Conservacion, Reparacion Y Mantenimiento De Edifi",True,True,True
occupation_868014,868014,Obrero De Revest.De Suelos De Baldosas Sinteticas,True,True,True
occupation_868015,868015,Obrero Especializado En Suelo Revestidos Con Asfalto,True,True,True
occupation_868016,868016,Obrero Especializado En Apeos,True,True,True
occupation_868017,868017,Pocero,True,True,True
occupation_868019,868019,"Solador,Ladrillos Y Baldosas De Material Sintetico",True,True,True
occupation_868020,868020,Trabajador En La Construccion Y Repaciones,True,True,True
occupation_868021,868021,Capataz De Construcción,True,True,True
occupation_868022,868022,Oficial De Construcción,True,True,True
occupation_882001,882001,"Auxiliar De La Camara De Maquinas,Barcos",True,True,True
occupation_882003,882003,Fogonero De Barco,True,True,True
occupation_882004,882004,Limpiador De Maquinas.Barcos,True,True,True
occupation_883001,883001,Ayudante De Maquinistas De Tren,True,True,True
occupation_886005,886005,"Obrero De Compuertas De Evacuacion,Exclusas En Dique Seco",True,True,True
occupation_911001,911001,"Vendedor Ambulante, Cereales: Avena, Cebada, Trigo, Etc.",True,True,True
occupation_911002,911002,"Vendedor Ambulante, Especerias: Canela, Clavo De Olor, Pimi",True,True,True
occupation_911003,911003,"Vendedor Ambulante, Fruta Fresca",True,True,True
occupation_911004,911004,"Vendedor Ambulante, Hortalizas: Ajo, Cebolla, Choclo, Vaini",True,True,True
occupation_911005,911005,"Vendedor Ambulante, Menestras: Frijoles, Garbanzos, Lenteja",True,True,True
occupation_911006,911006,"Vendedor Ambulante, Tuberculos: Camote, Papa, Yuca, Etc.",True,True,True
occupation_912001,912001,"Vendedor Ambulante, Anticuchos",True,True,True
occupation_912002,912002,"Vendedor Ambulante, Cebiches Y Derivados",True,True,True
occupation_912003,912003,"Vendedor Ambulante, Churros",True,True,True
occupation_912004,912004,"Vendedor Ambulante, Emoliente",True,True,True
occupation_912005,912005,"Vendedor Ambulante, Jugos Y Refrescos",True,True,True
occupation_912006,912006,"Vendedor Ambulante, Picantes",True,True,True
occupation_912007,912007,"Vendedor Ambulante, Raspadillas",True,True,True
occupation_912008,912008,"Vendedor Ambulante, Salchipapas",True,True,True
occupation_912009,912009,"Vendedor Ambulante, Sandwich",True,True,True
occupation_912010,912010,"Vendedor Ambulante, Comidas Preparadas En La Calle, Otros",True,True,True
occupation_913001,913001,"Vendedor Ambulante, Alfalfa Y Forraje",True,True,True
occupation_913002,913002,"Vendedor Ambulante, Coca",True,True,True
occupation_913003,913003,"Vendedor Ambulante, Flores",True,True,True
occupation_913004,913004,"Vendedor Ambulante, Plantas Y Semillas",True,True,True
occupation_913005,913005,"Vendedor Ambulante, Cochinilla",True,True,True
occupation_914001,914001,"Vendedor Ambulante, Camarones Y Langostinos",True,True,True
occupation_914002,914002,"Vendedor Ambulante, Carne De: Ballena, Lobo Marino, Tortuga",True,True,True
occupation_914003,914003,"Vendedor Ambulante, Mariscos: Choros, Conchas, Etc.",True,True,True
occupation_914004,914004,"Vendedor Ambulante, Pescados: Bonito, Jurel, Pejerrey, Truc",True,True,True
occupation_915001,915001,"Vendedor Ambulante, Animales Vivos: Conejos, Gatos, Perros,",True,True,True
occupation_915002,915002,"Vendedor Ambulante, Aves Vivos Y/O Sus Carnes",True,True,True
occupation_915003,915003,"Vendedor Ambulante, Carnes: Porcino, Vacuno, Etc.",True,True,True
occupation_915004,915004,"Vendedor Ambulante, Repartidor De Leche",True,True,True
occupation_916001,916001,"Vendedor Ambulante, Productos Farmaceuticos: Alcohol, Algod",True,True,True
occupation_916002,916002,"Vendedor Ambulante, Cortezas Y Hierbas/ Uso Medicinal",True,True,True
occupation_916003,916003,"Vendedor Ambulante, Raices De Plantas/ Uso Medicinal",True,True,True
occupation_917001,917001,"Vendedor Ambulante, Aceite Comestible",True,True,True
occupation_917002,917002,"Vendedor Ambulante, Cafe Tostado, Molido, Envasado Y/O Gran",True,True,True
occupation_917003,917003,"Vendedor Ambulante, Caramelos, Confites, Chocolates, Gallet",True,True,True
occupation_917004,917004,"Vendedor Ambulante, Helados, Hielo, Marcianos, Etc.",True,True,True
occupation_917005,917005,"Vendedor Ambulante, Pan, Pasteles",True,True,True
occupation_917006,917006,"Vendedor Ambulante, Productos Lacteos, Fideos, Harinas, Azu",True,True,True
occupation_917007,917007,"Vendedor Ambulante, Productos Alimenticios Para Animales/ A",True,True,True
occupation_917008,917008,"Vendedor Ambulante, Abarrotes",True,True,True
occupation_918001,918001,"Vendedor Ambulante, Cigarro, Tabaco, Pipas E Implementos Pa",True,True,True
occupation_918002,918002,"Vendedor Ambulante, Agua Mineral, Gaseosas, Vino, Etc.",True,True,True
occupation_919001,919001,"Vendedor Ambulante; Cosmeticos, Perfumes, Locion, Etc.",True,True,True
occupation_919002,919002,"Vendedor Ambulante; Escobas, Escobillas, Escobillones, Etc.",True,True,True
occupation_919003,919003,"Vendedor Ambulante; Jabones, Detergentes, Etc.",True,True,True
occupation_919004,919004,"Vendedor Ambulante; Pasta Dentrifica, Papel Higienico, Etc.",True,True,True
occupation_919005,919005,"Vendedor Ambulante; Productos De: Ornella, Unique, Yambal,",True,True,True
occupation_921001,921001,"Vendedor Ambulante; Aceite Para Autos, Lubricantes (Envasad",True,True,True
occupation_921002,921002,Vendedor Ambulante; Gas / Repartidor En Camioneta O Tricicl,True,True,True
occupation_921003,921003,"Vendedor Ambulante, Leða O Carbon",True,True,True
occupation_922001,922001,"Vendedor Ambulante, Calzados, Zapatillas, Sandalias, Slaps,",True,True,True
occupation_922002,922002,"Vendedor Ambulante, Merceria: Agujas, Adornos De Vestido, B",True,True,True
occupation_922003,922003,"Vendedor Ambulante, Prendas De Vestir: Camisas, Carteras, P",True,True,True
occupation_922004,922004,"Vendedor Ambulante, Telas Y/O Tejidos",True,True,True
occupation_922005,922005,"Vendedor Ambulante, Sombreros",True,True,True
occupation_922006,922006,"Vendedor Ambulante Pasamaneria, Lenceria, Merceria",True,True,True
occupation_923001,923001,"Vendedor Ambulante, Alfombras. Cortinas, Tapices Y Articulo",True,True,True
occupation_923002,923002,"Vendedor Ambulante, Art. Domest.: Cocina, Lavadora, Refrige",True,True,True
occupation_923003,923003,"Vendedor Ambulante, Catres Y Colchones/ Camas",True,True,True
occupation_923004,923004,"Vendedor Ambulante, Muebles Para El Hogar",True,True,True
occupation_923005,923005,"Vendedor Ambulante, Utensilios De Cocina: Cacerolas, Cuchil",True,True,True
occupation_923006,923006,"Vendedor Ambulante, Art. De Mesa: Manteles, Individuales, P",True,True,True
occupation_924001,924001,"Vendedor Ambulante, Diarios Y Revistas / Canillitas",True,True,True
occupation_924002,924002,"Vendedor Ambulante, Libros Y Novelas",True,True,True
occupation_924003,924003,"Vendedor Ambulante, Utles De Escritorio: Borradores, Cuader",True,True,True
occupation_925001,925001,"Vendedor Ambulante, Antiguedades",True,True,True
occupation_925002,925002,"Vendedor Ambulante, Articulos Artesanales",True,True,True
occupation_925003,925003,"Vendedor Ambulante, Articulos De Plata",True,True,True
occupation_925004,925004,"Vendedor Ambulante, Articulos Religiosos",True,True,True
occupation_925005,925005,"Vendedor Ambulante, Articulos Para Fiestas Y Disfraces",True,True,True
occupation_925006,925006,"Vendedor Ambulante, Cuadros Y Esculturas",True,True,True
occupation_926001,926001,"Vendedor Ambulante, Articulos Deportivos",True,True,True
occupation_926002,926002,"Vendedor Ambulante, Juguetes",True,True,True
occupation_927001,927001,"Vendedor Ambulante, Anteojos Y Lunas",True,True,True
occupation_927002,927002,"Vendedor Ambulante, Cassettes (Blancos Y Grabados) Y Discos",True,True,True
occupation_927003,927003,"Vendedor Ambulante, Hules Y/O Marroquines",True,True,True
occupation_927004,927004,"Vendedor Ambulante, Maletas Y Maletines / Carteras",True,True,True
occupation_927005,927005,"Vendedor Ambulante, Relojes",True,True,True
occupation_927006,927006,"Vendedor Ambulante, Repuesto Y/O Art. De Ferreteria",True,True,True
occupation_927007,927007,"Vendedor Ambulante, Otros",True,True,True
occupation_941001,941001,Ama De Cria O Seca O Leche O Niðos,True,True,True
occupation_941002,941002,Ama De Llaves,True,True,True
occupation_941003,941003,Aya Mama,True,True,True
occupation_941004,941004,Ayuda De Camara,True,True,True
occupation_941005,941005,Cantinero,True,True,True
occupation_941006,941006,Camarero,True,True,True
occupation_941007,941007,Cocinero,True,True,True
occupation_941008,941008,Criado,True,True,True
occupation_941009,941009,Dama De Compaðia,True,True,True
occupation_941011,941011,Lavandero,True,True,True
occupation_941014,941014,Mesero,True,True,True
occupation_941015,941015,Mozo (Personal Domestico),True,True,True
occupation_941016,941016,Mucama,True,True,True
occupation_941017,941017,Nana,True,True,True
occupation_941018,941018,Niñera,True,True,True
occupation_941019,941019,Sirvienta (E),True,True,True
occupation_941020,941020,"Sirvienta (E), Cocina",True,True,True
occupation_941021,941021,"Sirvienta (E), Salon",True,True,True
occupation_941022,941022,"Sirviente (A), Cocina",True,True,True
occupation_941023,941023,"Sirviente (A), Salon",True,True,True
occupation_944001,944001,Lavador Ambulante De Autos,True,True,True
occupation_944002,944002,Limpiabotas,True,True,True
occupation_944003,944003,Limpiador De Ventanas,True,True,True
occupation_944004,944004,Lustrabotas,True,True,True
occupation_944005,944005,Pegador De Carteles,True,True,True
occupation_944006,944006,Recadero,True,True,True
occupation_945004,945004,Ayudante De Camion,True,True,True
occupation_945005,945005,"Ayudante, Baðos Turcos",True,True,True
occupation_945006,945006,"Ayudante, Baðos Sauna",True,True,True
occupation_945011,945011,Descargador De Aviones,True,True,True
occupation_945012,945012,Descargador De Barcos,True,True,True
occupation_945015,945015,Ensacador A Mano,True,True,True
occupation_945016,945016,Escogedor De Botellas,True,True,True
occupation_945018,945018,Estibador Cargador De Barcos,True,True,True
occupation_945021,945021,Llenado O Envasador De Productos,True,True,True
occupation_945025,945025,Mozo De Mercados De Abastos,True,True,True
occupation_945026,945026,Mozo De Transporte De Muebles,True,True,True
occupation_945027,945027,Mozo De Almacen,True,True,True
occupation_945028,945028,"Mozo De Cuerda, Excepto En Los Hoteles",True,True,True
occupation_945029,945029,"Mozo De Equipajes, Excepto En Los Hoteles",True,True,True
occupation_945031,945031,Obrero Portuario,True,True,True
occupation_945033,945033,"Pelador De Pollos, Gallinas Y Otras Aves",True,True,True
occupation_945037,945037,Recogedor De Pelotas,True,True,True
occupation_945046,945046,Zapatero Remendon (Ambulante),True,True,True
occupation_945047,945047,Cuidado De Niðos En Viviendas Particulares,True,True,True
occupation_961001,961001,Basurero,True,True,True
occupation_961002,961002,Barrendero,True,True,True
occupation_961003,961003,"Barrendero, Calles",True,True,True
occupation_961004,961004,"Barrendero, Fabricas",True,True,True
occupation_961005,961005,"Barrendero, Plazas Y Parques/Jardines",True,True,True
occupation_961006,961006,Peon Carbonero,True,True,True
occupation_961007,961007,Peon General,True,True,True
occupation_961008,961008,"Peon, Recoleccion De Desechos",True,True,True
occupation_961009,961009,"Recogedor, Basuras/Camion O Triciclo",True,True,True
occupation_971001,971001,"Agricultor, Ayudante",True,True,True
occupation_971002,971002,Apanador/Cosechador De Algodon,True,True,True
occupation_971003,971003,Arboricultor,True,True,True
occupation_971004,971004,Arriero,True,True,True
occupation_971005,971005,Boyero,True,True,True
occupation_971006,971006,Bracero Agricola,True,True,True
occupation_971007,971007,Caballerizo (Obrero),True,True,True
occupation_971008,971008,Campesino,True,True,True
occupation_971009,971009,Capador (Obrero),True,True,True
occupation_971010,971010,"Conductor, Bovinos",True,True,True
occupation_971011,971011,Cortador De Caða De Azucar,True,True,True
occupation_971012,971012,"Cosechador: Mani, Algodon, Pajas, Etc.",True,True,True
occupation_971013,971013,"Criador De Ranas, Pajaros (Obrero)",True,True,True
occupation_971014,971014,Criador De Gusanos De Seda (Obrero),True,True,True
occupation_971015,971015,"Cultivador: Algodon, Caða, Azucar, Etc.",True,True,True
occupation_971016,971016,Dimidor,True,True,True
occupation_971017,971017,Enganchador Agricola,True,True,True
occupation_971018,971018,Esquilador (Obrero),True,True,True
occupation_971019,971019,"Establero, Caballos Reproductores",True,True,True
occupation_971020,971020,Gaðan,True,True,True
occupation_971021,971021,Golondrino,True,True,True
occupation_971022,971022,Injertador De Arboles Frutales (Obrero),True,True,True
occupation_971023,971023,Inseminador (Obrero),True,True,True
occupation_971024,971024,Jardinero (Obrero),True,True,True
occupation_971025,971025,Jornalero Agricola,True,True,True
occupation_971026,971026,Leñador,True,True,True
occupation_971027,971027,Marronero (Obrero),True,True,True
occupation_971028,971028,Mozo De Cuadra (Obrero),True,True,True
occupation_971029,971029,"Obrero Ganadero, Ayudante",True,True,True
occupation_971030,971030,"Obrero Criador, Ayudante",True,True,True
occupation_971031,971031,"Obrero Avicultor, Ayudante",True,True,True
occupation_971032,971032,Obrero Agricola De Arboles Frutales,True,True,True
occupation_971033,971033,"Obrero Agricola, Ayudante",True,True,True
occupation_971034,971034,"Obrero Forestal, Ayudante",True,True,True
occupation_971035,971035,"Palmero, Obrero Agricola",True,True,True
occupation_971036,971036,Pastor Mochilero,True,True,True
occupation_971037,971037,Peon Agropecuario,True,True,True
occupation_971038,971038,"Peon Agropecuario, Animales De Peleteria",True,True,True
occupation_971039,971039,"Peon Agropecuario, Cria De Animales De Piel",True,True,True
occupation_971040,971040,"Peon Agricola, Papero",True,True,True
occupation_971041,971041,"Peon Agricola, Hortalizas",True,True,True
occupation_971042,971042,"Peon Agricola, Cosechador/Frutas",True,True,True
occupation_971043,971043,"Peon Agricola, Cosechador/Te",True,True,True
occupation_971044,971044,"Peon Agricola, Cultivo Extensivo",True,True,True
occupation_971045,971045,"Peon Agropecuario, Estacional",True,True,True
occupation_971046,971046,"Peon Agropecuario, Ganado",True,True,True
occupation_971047,971047,"Peon Agropecuario, Temporero",True,True,True
occupation_971048,971048,Peon De Estancia O Hacienda,True,True,True
occupation_971049,971049,"Peon De Labranza, Arboricultor",True,True,True
occupation_971050,971050,"Peon Agropecuario, Ordeðador/Ganado Lechero",True,True,True
occupation_971051,971051,"Peon Agropecuario, Migrante",True,True,True
occupation_971052,971052,"Peon Agropecuario, Ganado Equino",True,True,True
occupation_971053,971053,"Peon Agropecuario, Gusanos De Seda",True,True,True
occupation_971054,971054,"Peon Agricola, Cosechador/Algodon",True,True,True
occupation_971055,971055,Peon Agricola En General,True,True,True
occupation_971056,971056,"Peon De Labranza, Cosechador/Frutos",True,True,True
occupation_971057,971057,"Peon De Labranza, Cosechador/Huertos",True,True,True
occupation_971058,971058,"Peon De Labranza, Cosechador/Algodon",True,True,True
occupation_971059,971059,"Peon De Labranza, Cosechador",True,True,True
occupation_971060,971060,"Peon De Labranza, Citricos",True,True,True
occupation_971061,971061,"Peon De Labranza, Cosechador/Te",True,True,True
occupation_971062,971062,"Peon De Labranza, Cria De Ganado",True,True,True
occupation_971063,971063,"Peon De Labranza, Ganado Ovino",True,True,True
occupation_971064,971064,"Peon De Labranza, Ganado Bovino",True,True,True
occupation_971065,971065,"Peon De Labranza, Ganado",True,True,True
occupation_971066,971066,"Peon De Labranza, Cultivo Extensivo",True,True,True
occupation_971067,971067,Peon De Labranza,True,True,True
occupation_971068,971068,Porquerizo,True,True,True
occupation_971069,971069,Recogedor De Frutas (Obrero),True,True,True
occupation_971070,971070,Recolector De Miel,True,True,True
occupation_971071,971071,"Recolector De Frutos, Hojas De Te, Cafe, Etc.",True,True,True
occupation_971072,971072,Resinero (Obrero),True,True,True
occupation_971073,971073,Rezador,True,True,True
occupation_971074,971074,Tornero,True,True,True
occupation_971075,971075,Trabajador Agricola,True,True,True
occupation_971076,971076,Tropero,True,True,True
occupation_971077,971077,Vareador,True,True,True
occupation_971078,971078,Vigilante De Monte,True,True,True
occupation_972001,972001,Descuajador,True,True,True
occupation_972002,972002,Peon Forestal,True,True,True
occupation_973001,973001,Batidor De Caza,True,True,True
occupation_973002,973002,"Encebador, Caza Con Trampa",True,True,True
occupation_973003,973003,Peon Cazador,True,True,True
occupation_973004,973004,Peon Trampero,True,True,True
occupation_973005,973005,"Rastrillador, Playas",True,True,True
occupation_973006,973006,Pescador Artesanal,True,True,True
occupation_981001,981001,"Ahoyador, Canteras",True,True,True
occupation_981002,981002,"Peón, Lavador De Oro",True,True,True
occupation_981003,981003,"Peón, Lavador De Minerales",True,True,True
occupation_981004,981004,Minero En General,True,True,True
occupation_981005,981005,Obrero De Mineria De Lavado,True,True,True
occupation_981006,981006,Pedrero,True,True,True
occupation_981007,981007,"Peon, Suministro De Electricidad, Gas Y Agua",True,True,True
occupation_981008,981008,"Peon, Minas O Canteras",True,True,True
occupation_981009,981009,"Peon, Canteras",True,True,True
occupation_981010,981010,"Picador, Minas",True,True,True
occupation_981011,981011,Picapedrero,True,True,True
occupation_982001,982001,"Cavador, Zanjas Y Acequias",True,True,True
occupation_982002,982002,Desbrozador De Tierra,True,True,True
occupation_982003,982003,Limpiabarros,True,True,True
occupation_982004,982004,"Obreros Del Balasto, Ferrocarril",True,True,True
occupation_982005,982005,Peon Bracero,True,True,True
occupation_982006,982006,Peon Caminero,True,True,True
occupation_982007,982007,"Peon Cavador, Fosos",True,True,True
occupation_982008,982008,"Peon Cavador, Pozos De Agua",True,True,True
occupation_982009,982009,"Peon Cavador, Sepulturas, Sepulturero, Enterrador",True,True,True
occupation_982010,982010,"Peon Ferrocarrillero, Balasto",True,True,True
occupation_982011,982011,Peon Construccion,True,True,True
occupation_982012,982012,Peon Construccion/Carreteras,True,True,True
occupation_982013,982013,Peon Construccion/Diques,True,True,True
occupation_982014,982014,"Peon, De Brega",True,True,True
occupation_982015,982015,"Peon, De Brigada Ferrocarriles",True,True,True
occupation_982016,982016,Peon En General,True,True,True
occupation_982017,982017,"Portamiras, Topografia",True,True,True
occupation_982018,982018,Vaciador De Pozos  Negros,True,True,True
occupation_983001,983001,"Apilador De Material, Construccion/Edificios, A Mano",True,True,True
occupation_983002,983002,Empapelador De Paredes,True,True,True
occupation_983003,983003,"Peon, Albaðileria Y Ayudante De Albaðil",True,True,True
occupation_983004,983004,"Peon, Demolicion",True,True,True
occupation_983005,983005,"Peon, Tareas Diversas",True,True,True
occupation_984001,984001,"Cosedor A Mano, Encuadernacion",True,True,True
occupation_984002,984002,Descabezados De Pescado,True,True,True
occupation_984003,984003,"Embalador, A Mano",True,True,True
occupation_984004,984004,"Embalador, A Mano/Cajas",True,True,True
occupation_984005,984005,"Embalador, Industria Conservera/Enlatado",True,True,True
occupation_984006,984006,Embotellador Manual,True,True,True
occupation_984007,984007,"Empaquetador, Manual",True,True,True
occupation_984008,984008,"Ensacador, A Mano",True,True,True
occupation_984009,984009,"Envasador, A Mano",True,True,True
occupation_984010,984010,Escamador De Pescado,True,True,True
occupation_984011,984011,"Etiquetador, A Mano",True,True,True
occupation_984012,984012,"Lavador, Articulos Textiles/A Mano",True,True,True
occupation_984013,984013,"Lavador, Cueros Y Pieles/A Mano",True,True,True
occupation_984014,984014,"Lavador, Reses/Carniceria(A Mano)",True,True,True
occupation_984015,984015,"Lavador, Taller De Fabricacion/A Mano",True,True,True
occupation_984016,984016,"Peon, Armado",True,True,True
occupation_984017,984017,"Peon, Clasificacion/Botellas",True,True,True
occupation_984018,984018,"Peón, Limpiador De Pescado",True,True,True
occupation_984019,984019,"Peon, Enrollador De Bobinas/A Mano",True,True,True
occupation_984020,984020,"Peon, Enrollador De Filamentos/A Mano",True,True,True
occupation_984021,984021,"Peon, Enrollador De Resortes/A Mano",True,True,True
occupation_984022,984022,"Peon, Industria Vinicola",True,True,True
occupation_984023,984023,"Peon, Industrias Manufactureras",True,True,True
occupation_984024,984024,"Peon, Operaciones De Montaje Manual",True,True,True
occupation_985001,985001,"Carretillero, Cargador Ambulante De Mercancias",True,True,True
occupation_985002,985002,"Conductor, Bicicleta",True,True,True
occupation_985003,985003,"Conductor, Carro De Mano",True,True,True
occupation_985004,985004,"Conductor, Silla De Manos",True,True,True
occupation_985005,985005,"Conductor, Triciclo/No Motorizado",True,True,True
occupation_985006,985006,"Conductor, Vehiculo A Pedales",True,True,True
occupation_985007,985007,"Conductor, Velocipedo De Transporte",True,True,True
occupation_986001,986001,"Arriero, Conductor De Vehiculos De Traccion Animal",True,True,True
occupation_986002,986002,"Burrero, Transporte",True,True,True
occupation_986003,986003,"Caballista, Arrastre De Vazonetas En Minas Y Canteras",True,True,True
occupation_986004,986004,Caravanero,True,True,True
occupation_986005,986005,"Carretero, Conductor De Vehiculos De Traccion",True,True,True
occupation_986006,986006,Cochero De Punto,True,True,True
occupation_986007,986007,"Conductor, Animales/Canteras, Carreteras",True,True,True
occupation_986008,986008,"Conductor, Animales/Minas",True,True,True
occupation_986009,986009,Conductor De Animales De Carga,True,True,True
occupation_986010,986010,"Conductor, Maquinaria Agricola/No Motorizada",True,True,True
occupation_986011,986011,"Conductor, Mulas, Asemileros; Mulero, Transportes",True,True,True
occupation_986012,986012,"Conductor, Recuas",True,True,True
occupation_986013,986013,"Conductor, Vehiculo De Traccion Animal/Canteras",True,True,True
occupation_986014,986014,"Conductor, Vehiculo De Traccion Animal/Carreteras",True,True,True
occupation_986015,986015,"Conductor, Vehiculo De Traccion Animal/Minas",True,True,True
occupation_986016,986016,Yuguero De Bueyes,True,True,True
occupation_986017,986017,Yuguero De Mulas,True,True,True
occupation_986018,986018,Yuguero De Mulas Y Bueyes,True,True,True
occupation_986019,986019,Yuntero De Mulas Y Bueyes,True,True,True
occupation_987001,987001,Cargador,True,True,True
occupation_987002,987002,Cargador De Bultos,True,True,True
occupation_987003,987003,"Cargador, Buques",True,True,True
occupation_987004,987004,"Cargador, Buques Cisterna/Gases",True,True,True
occupation_987005,987005,"Cargador, Buques Cisterna/Liquido",True,True,True
occupation_987006,987006,"Cargador, Camiones",True,True,True
occupation_987007,987007,"Cargador, Muebles",True,True,True
occupation_987008,987008,"Cargador, Vehiculos/Transporte Ferroviario",True,True,True
occupation_987009,987009,"Cargador, Vehiculos/Transporte Por Carretera",True,True,True
occupation_987010,987010,"Estibador, Manual",True,True,True
occupation_987011,987011,"Manipulador, Almacenes Frigorificos",True,True,True
occupation_987012,987012,"Manipulador, Carga",True,True,True
occupation_987013,987013,"Manipulador, Carne",True,True,True
occupation_987014,987014,"Manipulador, Fruta",True,True,True
occupation_987015,987015,"Manipulador, Grandes Almacenes",True,True,True
occupation_987016,987016,"Manipulador, Mercado De Alimentos",True,True,True
occupation_987017,987017,"Manipulador, Mercancias",True,True,True
occupation_987018,987018,"Manipulador, Pescado",True,True,True
occupation_987019,987019,"Manipulador, Tienda",True,True,True
occupation_987020,987020,"Peon De Carga, Aviones",True,True,True
occupation_987021,987021,"Peon De Carga, Buques",True,True,True
occupation_987022,987022,"Peon De Carga, Buques Cisterna/Gases",True,True,True
occupation_987023,987023,"Peon De Carga, Buques Cisterna/Liquidos",True,True,True
occupation_987024,987024,"Peon De Carga, Empresas De Mudanzas",True,True,True
occupation_987025,987025,Peon Portuario,True,True,True
occupation_121018,121018,"Miembro Del Directorio, Asesor Tecnico/Explotacion: Agricol",True,True,False
occupation_121019,121019,"Miembro Del Directorio, Consejo Administrativo/Coop. Agrari",True,True,False
occupation_121021,121021,"Sub Director De Empresa, Agricultura, Caza, Silvicultura Y",True,True,False
occupation_122007,122007,"Miembro Del Directorio, Industrias Manufactureras, Minas Y",True,True,False
occupation_122009,122009,"Sub Director De Empresa, Industrias Manufactureras, Minas Y",True,True,False
occupation_123005,123005,"Miembro Del Directorio, Construccion Y Obras Publicas",True,True,False
occupation_123007,123007,"Sub Director De Empresa, Construccion Y Obras Publicas",True,True,False
occupation_124012,124012,"Miembro Del Directorio, Comercio Mayorista Y Minorista, Rep",True,True,False
occupation_124014,124014,"Sub Director De Empresa, Coimercio Mayorista Y Minorista, R",True,True,False
occupation_125011,125011,"Miembro Del Directorio, Restaurantes Y Hoteleria",True,True,False
occupation_125013,125013,"Sub Director De Empresa, Restaurantes Y Hoteleria",True,True,False
occupation_126011,126011,"Miembro Del Directorio, Transporte, Almacenamiento Y Comuni",True,True,False
occupation_126013,126013,"Sub Director De Empresa, Transporte, Almacenamiento Y Comun",True,True,False
occupation_127039,127039,"Miembro Del Directorio, Servicios Publicos Y Financieros",True,True,False
occupation_127041,127041,"Sub Director De Empresa, Servicios Publicos Y Financieros",True,True,False
occupation_128001,128001,"Director De Departamento, Produccion Y Operaciones/Agricult",True,True,False
occupation_128002,128002,"Director De Departamento, Produccion Y Operaciones/Pesca",True,True,False
occupation_128003,128003,"Director De Departamento, Produccion Y Operaciones/Silvicul",True,True,False
occupation_129001,129001,"Director De Departamento, Produccion Y Operaciones/Industri",True,True,False
occupation_129003,129003,Director De Explotacion De Minas Y Canteras,True,True,False
occupation_129007,129007,Super Intendente De Planta,True,True,False
occupation_129008,129008,Super Intendente De Produccion,True,True,False
occupation_131001,131001,"Director De Departamento, Produccion Y Operaciones/Construc",True,True,False
occupation_132001,132001,"Director De Departamento, Produccion Y Operaciones/Comercio Mayorista",True,True,False
occupation_132002,132002,"Director De Departamento, Produccion Y Operaciones/Comercio Mayorista Exportación",True,True,False
occupation_132003,132003,"Director De Departamento, Produccion Y Operaciones/Comercio Mayorista Importación",True,True,False
occupation_132004,132004,"Director De Departamento, Produccion Y Operaciones/Comercio Minorista",True,True,False
occupation_132005,132005,"Director De Departamento, Produccion Y Operaciones/Comercio Minorista Supermercados",True,True,False
occupation_132006,132006,"Director De Departamento, Produccion Y Operaciones/Comercio Minorista Tiendas",True,True,False
occupation_132007,132007,"Director De Departamento, Produccion Y Operaciones/Reparac.",True,True,False
occupation_133001,133001,"Director De Departamento, Produccion Y Operaciones/Hoteles",True,True,False
occupation_133002,133002,"Director De Departamento, Produccion Y Operaciones/Restaura",True,True,False
occupation_134001,134001,"Director De Departamento, Produccion Y Operaciones/Almacena",True,True,False
occupation_134002,134002,"Director De Departamento, Produccion Y Operaciones/Comunicaciones",True,True,False
occupation_134003,134003,"Director De Departamento, Produccion Y Operaciones/Comunicaciones Correos",True,True,False
occupation_134004,134004,"Director De Departamento, Produccion Y Operaciones/Comunicaciones Telecomunicaciones",True,True,False
occupation_134005,134005,"Director De Departamento, Produccion Y Operaciones/Transporte",True,True,False
occupation_134006,134006,"Director De Departamento, Produccion Y Operaciones/Transporte Gasoductos Y Oleoductos",True,True,False
occupation_134007,134007,"Director De Departamento, Produccion Y Operaciones/Transporte Mercancías",True,True,False
occupation_134008,134008,"Director De Departamento, Produccion Y Operaciones/Transporte Pasajeros",True,True,False
occupation_135001,135001,"Director De Departamento, Produccion Y Operaciones/Actividades Culturales",True,True,False
occupation_135002,135002,"Director De Departamento, Produccion Y Operaciones/Actividades Deportivas",True,True,False
occupation_135003,135003,"Director De Departamento, Produccion Y Operaciones/Actividades Recreativas",True,True,False
occupation_135004,135004,"Director De Departamento, Produccion Y Operaciones/Administ",True,True,False
occupation_135005,135005,"Director De Departamento, Produccion Y Operaciones/Agencias",True,True,False
occupation_135006,135006,"Director De Departamento, Produccion Y Operaciones/Espectac",True,True,False
occupation_135007,135007,"Director De Departamento, Produccion Y Operaciones/Instituc",True,True,False
occupation_135008,135008,"Director De Departamento, Produccion Y Operaciones/Salud",True,True,False
occupation_135009,135009,"Director De Departamento, Produccion Y Operaciones/Servicio",True,True,False
occupation_135010,135010,"Director De Departamento, Produccion Y Operaciones/Trabajo",True,True,False
occupation_135011,135011,"Director De Plato, Cine",True,True,False
occupation_135012,135012,Director Teatral,True,True,False
occupation_135013,135013,"Director, Musical",True,True,False
occupation_135014,135014,"Productor, Cine",True,True,False
occupation_135015,135015,"Productor, Radio",True,True,False
occupation_135016,135016,"Productor, Teatro",True,True,False
occupation_135017,135017,"Productor, Television",True,True,False
occupation_135018,135018,"Regidor, Teatro",True,True,False
occupation_136006,136006,Director De Estudios,True,True,False
occupation_136009,136009,Director De La Unidad De Servicios Educativos,True,True,False
occupation_136011,136011,Director Universitario,True,True,False
occupation_137001,137001,"Director De Departamento, Administracion",True,True,False
occupation_137002,137002,"Director De Departamento, Contabilidad",True,True,False
occupation_137003,137003,"Director De Departamento, Finanzas/Gerente",True,True,False
occupation_137004,137004,"Director De Departamento, Presupuesto",True,True,False
occupation_138001,138001,"Director De Departamento, Personal",True,True,False
occupation_138002,138002,"Director De Departamento, Publicidad",True,True,False
occupation_138003,138003,"Director De Departamento, Relaciones Industriales",True,True,False
occupation_138004,138004,"Director De Departamento, Relaciones Laborales",True,True,False
occupation_138005,138005,"Director De Departamento, Relaciones Publicas",True,True,False
occupation_139001,139001,"Director De Departamento, Abastecimiento/Suministro",True,True,False
occupation_139002,139002,"Director De Departamento, Almacenamiento",True,True,False
occupation_139003,139003,"Director De Departamento, Comercializacion",True,True,False
occupation_139004,139004,"Director De Departamento, Compras/Adquisicion",True,True,False
occupation_139005,139005,"Director De Departamento, Distribucion",True,True,False
occupation_139006,139006,"Director De Departamento, Informatica",True,True,False
occupation_139007,139007,"Director De Departamento, Investigacion Y Desarrollo",True,True,False
occupation_139008,139008,"Director De Departamento, Ventas",True,True,False
occupation_139009,139009,"Director De Departamento, Ventas/ Organizacion",True,True,False
occupation_144001,144001,"Comerciante, Mayorista",True,True,False
occupation_144002,144002,"Comerciante, Minorista",True,True,False
occupation_145001,145001,"Administrador, Comercio Nep",True,True,False
occupation_145002,145002,"Director, Comercio Nep",True,True,False
occupation_148001,148001,"Geren.-Adm., Agencia De Limpieza Y Desinfeccion",True,True,False
occupation_148002,148002,"Geren.-Adm., Agencia De Pompas Funebres",True,True,False
occupation_148003,148003,"Geren.-Adm., Agencia De Proteccion Y Seguridad",True,True,False
occupation_148004,148004,"Geren.-Adm., Agencia De Turismo/Excursiones",True,True,False
occupation_148005,148005,"Geren.-Adm., Agencia De Servicios/Excepto:Bares, Hotel Y Si",True,True,False
occupation_148006,148006,"Geren.-Adm., Centro De Estetica",True,True,False
occupation_148007,148007,"Geren.-Adm., Centro De Recreacion",True,True,False
occupation_148008,148008,"Geren.-Adm., Gimnasio",True,True,False
occupation_148009,148009,"Geren.-Adm., Lavanderia",True,True,False
occupation_148010,148010,"Geren.-Adm., Talleres/Medianos Y Pequeðos",True,True,False
occupation_254009,254009,"Asesor, Legal O Juridico",True,True,False
occupation_255011,255011,"Presidente, Tribunal De Justicia",True,True,False
occupation_274011,274011,Director De Produccion (Radio Y T.V.),True,True,False
occupation_274015,274015,"Director, Teatro",True,True,False
occupation_274016,274016,"Empresario, Cine",True,True,False
occupation_283003,283003,Representantes De Organismos Internacionales,True,True,False
occupation_332002,332002,"Capitan, Altura",True,True,False
occupation_332003,332003,"Capitan, Barco/Navegacion Fluvial O Lacustre",True,True,False
occupation_332004,332004,"Capitan, Barco/Navegacion Maritima",True,True,False
occupation_332005,332005,"Capitan, Buque",True,True,False
occupation_332006,332006,"Capitan, Marina Mercante/Barco",True,True,False
occupation_332007,332007,"Capitan, Pesca",True,True,False
occupation_332008,332008,"Capitan, Puerto",True,True,False
occupation_332009,332009,"Capitan, Remolcador",True,True,False
occupation_332010,332010,"Capitan, Yate",True,True,False
occupation_332011,332011,"Comandante, Barco/Navegacion Maritima",True,True,False
occupation_332012,332012,"Comandante, Barco/Navegacion Interior (Lagos, Rios)",True,True,False
occupation_332027,332027,"Superintendente, Armamento/Cubierta (Buques)",True,True,False
occupation_333001,333001,"Comandante, Aeronave",True,True,False
occupation_411001,411001,Jefe De Abastecimiento,True,True,False
occupation_411002,411002,Jefe De Almacen,True,True,False
occupation_411003,411003,Jefe De Archivo Y Correspondencia,True,True,False
occupation_411004,411004,Jefe De Bienestar Social,True,True,False
occupation_411005,411005,"Jefe De Empleados De Oficina, Otros",True,True,False
occupation_411006,411006,Jefe De Personal Administrativo,True,True,False
occupation_411008,411008,Coordinador,True,True,False
occupation_413012,413012,"Secretaria, Ejecutiva/Bilingue",True,True,False
occupation_431001,431001,Jefe De Estacion De Ferrocarril,True,True,False
occupation_432003,432003,Jefe De Movimiento De Trenes,True,True,False
occupation_432004,432004,"Jefe De Trafico, Ferrocarriles",True,True,False
occupation_433001,433001,Jefe De Servicios De Transporte Por Carretera,True,True,False
occupation_434001,434001,Jefe De Escala De Transporte Aereo,True,True,False
occupation_434002,434002,Jefe De Operaciones De Vuelo Transporte Aereo,True,True,False
occupation_435001,435001,Jefe De Tren De Pasajeros,True,True,False
occupation_441001,441001,Jefe De Oficina De Correo,True,True,False
occupation_441002,441002,Jefe De Servicios De Correo,True,True,False
occupation_441003,441003,Jefe De Servicios De Postales,True,True,False
occupation_441004,441004,Jefe De Servicios De Telecomunicaciones,True,True,False
occupation_129009,129009,Supervisor De Produccion,True,True,True
occupation_259001,259001,"Archivero, De Biblioteca Y Servicios De Archivos",True,True,True
occupation_259002,259002,"Archivero, Paleologo",True,True,True
occupation_269018,269018,Visitador Social,True,True,True
occupation_269019,269019,"Visitador, Prisiones",True,True,True
occupation_271001,271001,Acuarelista,True,True,True
occupation_271002,271002,Artista Comercial,True,True,True
occupation_271003,271003,Artista Creativo,True,True,True
occupation_271004,271004,Artista Pintor,True,True,True
occupation_271005,271005,Caricaturista,True,True,True
occupation_271006,271006,Ceramista Artistico,True,True,True
occupation_271007,271007,"Creador, Dibujos Animados",True,True,True
occupation_271008,271008,"Creador, Modelos/Joyeria Y Orfebreria",True,True,True
occupation_271009,271009,"Dibujante, Caricaturista",True,True,True
occupation_271010,271010,"Dibujante, Dibujos Animados",True,True,True
occupation_271011,271011,"Dibujante, Diseño Industrial",True,True,True
occupation_271012,271012,"Dibujante, Joyeria Y Orfebreria",True,True,True
occupation_271013,271013,"Dibujante, Publicidad",True,True,True
occupation_271014,271014,Escultor,True,True,True
occupation_271015,271015,Estatuario,True,True,True
occupation_271016,271016,Grabador Artistico,True,True,True
occupation_271017,271017,Imaginero,True,True,True
occupation_271018,271018,Maquetista,True,True,True
occupation_271019,271019,Miniaturista,True,True,True
occupation_271020,271020,Orfebre Artista,True,True,True
occupation_271021,271021,Paisajista,True,True,True
occupation_271022,271022,Pastelista,True,True,True
occupation_271023,271023,"Pintor, Agua Fuerte",True,True,True
occupation_271024,271024,"Pintor, Pintura Abstracta",True,True,True
occupation_271025,271025,"Pintor, Pintura Figurativa",True,True,True
occupation_271027,271027,"Restaurador, Cuadros",True,True,True
occupation_271028,271028,"Restaurador, Obras De Arte",True,True,True
occupation_271029,271029,Retratista,True,True,True
occupation_272001,272001,Adaptador Musical,True,True,True
occupation_272002,272002,Armonista,True,True,True
occupation_272003,272003,Arpista,True,True,True
occupation_272004,272004,Artista Lirico,True,True,True
occupation_272005,272005,Bajo,True,True,True
occupation_272006,272006,Bajonista,True,True,True
occupation_272007,272007,Baritono,True,True,True
occupation_272008,272008,Baterista,True,True,True
occupation_272009,272009,Cantante,True,True,True
occupation_272010,272010,"Cantante, Concierto",True,True,True
occupation_272011,272011,"Cantante, Coral",True,True,True
occupation_272012,272012,"Cantante, Jazz",True,True,True
occupation_272013,272013,"Cantante, Musica Popular",True,True,True
occupation_272014,272014,"Cantante, Opera",True,True,True
occupation_272015,272015,Citarista,True,True,True
occupation_272016,272016,Clarinetista,True,True,True
occupation_272017,272017,Clavecinista,True,True,True
occupation_272018,272018,Compositor,True,True,True
occupation_272019,272019,"Concertador, Coros",True,True,True
occupation_272020,272020,Concertista Cantante,True,True,True
occupation_272021,272021,Concertista Instrumentista,True,True,True
occupation_272022,272022,Contrabajo,True,True,True
occupation_272023,272023,Contralto,True,True,True
occupation_272024,272024,"Copista, Musica",True,True,True
occupation_272025,272025,Corista,True,True,True
occupation_272028,272028,"Ejecutante, Musico",True,True,True
occupation_272029,272029,Fagotista,True,True,True
occupation_272030,272030,Flautista,True,True,True
occupation_272031,272031,Guitarrista,True,True,True
occupation_272032,272032,Instrumentista,True,True,True
occupation_272034,272034,Oboista,True,True,True
occupation_272035,272035,Organista,True,True,True
occupation_272036,272036,Orquestador,True,True,True
occupation_272037,272037,Percusionista,True,True,True
occupation_272038,272038,Pianista,True,True,True
occupation_272039,272039,Saxofonista,True,True,True
occupation_272041,272041,Tamborilero,True,True,True
occupation_272043,272043,Trombonista,True,True,True
occupation_272044,272044,Trompetista,True,True,True
occupation_272045,272045,Violinista,True,True,True
occupation_272046,272046,Violonchelista,True,True,True
occupation_272047,272047,"Otros, Compositores, Musicos Y Cantantes",True,True,True
occupation_273001,273001,Bailarin,True,True,True
occupation_273002,273002,Bailarines De Danza Clasica Y Moderna,True,True,True
occupation_273003,273003,"Bailarin, Ballet",True,True,True
occupation_273004,273004,"Bailarin, Solista",True,True,True
occupation_273005,273005,Bailarina,True,True,True
occupation_273006,273006,Coreografo,True,True,True
occupation_274001,274001,Actor,True,True,True
occupation_274002,274002,"Actor, Cine",True,True,True
occupation_274003,274003,"Actor, Teatro",True,True,True
occupation_274004,274004,Actriz,True,True,True
occupation_274005,274005,"Actriz, Cine",True,True,True
occupation_274006,274006,"Actriz, Teatro",True,True,True
occupation_274007,274007,Caricato,True,True,True
occupation_274008,274008,Comediante,True,True,True
occupation_274017,274017,"Imitador, Cabaret",True,True,True
occupation_274018,274018,"Lector, Radio O Television",True,True,True
occupation_274019,274019,Mimo,True,True,True
occupation_274021,274021,"Recitador, Excepto Radio O Television",True,True,True
occupation_274024,274024,Tragico,True,True,True
occupation_274025,274025,"Otros, Actores Y Directores De Cine, Radio, Teatro, Televis",True,True,True
occupation_311001,311001,"Tecnico, Analista Quimico",True,True,True
occupation_311002,311002,"Tecnico, Astronomia",True,True,True
occupation_311003,311003,"Tecnico, Fisica/Investigacion (Ciencias Fisicas)",True,True,True
occupation_311004,311004,"Tecnico, Geofisica",True,True,True
occupation_311005,311005,"Tecnico, Geologia",True,True,True
occupation_311006,311006,"Tecnico, Laboratorista Fisico O Quimico",True,True,True
occupation_311007,311007,"Tecnico, Meteorologia",True,True,True
occupation_311008,311008,"Tecnico, Oceanografia",True,True,True
occupation_311009,311009,"Tecnico, Quimica/Investigacion (Ciencias Quimicas)",True,True,True
occupation_311010,311010,"Tecnico, Especialista En Fisico-Quimica",True,True,True
occupation_312001,312001,"Aparejador, Ingenieria Civil",True,True,True
occupation_312002,312002,"Tecnico Calculista, Ingenieria Civil/Costo De Construccion",True,True,True
occupation_312003,312003,"Tecnico, Agrimensor",True,True,True
occupation_312004,312004,"Tecnico, Auxiliar De Arquitectura",True,True,True
occupation_312005,312005,"Tecnico, Cartografo",True,True,True
occupation_312006,312006,"Tecnico, Fotogrametrista Y Aerofotogrametrista",True,True,True
occupation_312007,312007,"Tecnico, Ingenieria Civil",True,True,True
occupation_312008,312008,"Tecnico, Ingenieria Civil/Construccion De Viviendas Y Edifi",True,True,True
occupation_312009,312009,"Tecnico, Ingenieria Civil/Contratista (Construccion)",True,True,True
occupation_312010,312010,"Tecnico, Ingenieria Civil/Estructuras",True,True,True
occupation_312011,312011,"Tecnico, Ingenieria Civil/Hidraulica",True,True,True
occupation_312012,312012,"Tecnico, Ingenieria Civil/Irrigacion",True,True,True
occupation_312013,312013,"Tecnico, Ingenieria Civil/Mecanica De Suelos",True,True,True
occupation_312014,312014,"Tecnico, Ingenieria Civil/Sanitaria",True,True,True
occupation_313001,313001,"Tecnico, Electricista",True,True,True
occupation_313002,313002,"Tecnico Electricista, Alta Tension",True,True,True
occupation_313003,313003,"Tecnico Electricista, Energia Electrica/Distribucion",True,True,True
occupation_313004,313004,"Tecnico Electricista, Radio Y/O T.V.",True,True,True
occupation_313005,313005,"Tecnico Electricista, Iluminacion",True,True,True
occupation_313006,313006,"Tecnico Electricista, Sonido",True,True,True
occupation_313007,313007,"Tecnico, Ingenieria Electrica",True,True,True
occupation_313008,313008,"Tecnico Calculista, Ingenieria Electronica",True,True,True
occupation_313009,313009,"Tecnico, Ingenieria Electronica",True,True,True
occupation_313010,313010,"Tecnico, Sistemas Electricos De Aeronaves",True,True,True
occupation_313011,313011,"Tecnico, Telecomunicaciones",True,True,True
occupation_313012,313012,"Tecnico, Operador De Radar",True,True,True
occupation_313013,313013,"Tecnico, Telecomunicaciones/Radio",True,True,True
occupation_313014,313014,"Tecnico, Telecomunicaciones/Sistemas De Seðales",True,True,True
occupation_313015,313015,"Tecnico, Telecomunicaciones/Telefono",True,True,True
occupation_313016,313016,"Tecnico, Telecomunicaciones/Telegrafo",True,True,True
occupation_313017,313017,"Tecnico, Telecomunicaciones/Television",True,True,True
occupation_314001,314001,"Tecnico Calculista, Construccion Mecanica",True,True,True
occupation_314002,314002,Tecnico Aeronautico,True,True,True
occupation_314003,314003,"Tecnico Inspector, Naval",True,True,True
occupation_314004,314004,"Tecnico Inspector, Naval/Buques",True,True,True
occupation_314005,314005,Tecnico Mecanico,True,True,True
occupation_314006,314006,"Tecnico Mecanico, Acondicionamiento De Aire",True,True,True
occupation_314007,314007,"Tecnico Mecanico, Aeronautica",True,True,True
occupation_314008,314008,"Tecnico Mecanico, Agricultura",True,True,True
occupation_314009,314009,"Tecnico Mecanico, Automoviles",True,True,True
occupation_314010,314010,"Tecnico Mecanico, Calefaccion, Refrigeracion Y Ventilacion",True,True,True
occupation_314011,314011,"Tecnico Mecanico, Construccion Naval",True,True,True
occupation_314012,314012,"Tecnico Mecanico, Energia Nuclear",True,True,True
occupation_314013,314013,"Tecnico Mecanico, Instructor De Vehiculos Automotores",True,True,True
occupation_314014,314014,"Tecnico Mecanico, Instrumentos",True,True,True
occupation_314015,314015,"Tecnico Mecanico, Lubricacion",True,True,True
occupation_314016,314016,"Tecnico Mecanico, Maquinaria Y Herramientas Industriales",True,True,True
occupation_314017,314017,"Tecnico Mecanico, Mantenimiento De Avion",True,True,True
occupation_314018,314018,"Tecnico Mecanico, Motores",True,True,True
occupation_314019,314019,"Tecnico Mecanico, Motores De Combustion Interna",True,True,True
occupation_314020,314020,"Tecnico Mecanico, Motores De Locomotoras",True,True,True
occupation_314021,314021,"Tecnico Mecanico, Motores De Propulsion A Chorro",True,True,True
occupation_314022,314022,"Tecnico Mecanico, Motores Diesel",True,True,True
occupation_314023,314023,"Tecnico Mecanico, Sistemas Hidraulicos",True,True,True
occupation_314024,314024,"Tecnico Mecanico, Turbinas De Gas",True,True,True
occupation_314025,314025,"Tecnico, Acondicionamiento De Aire",True,True,True
occupation_314026,314026,"Verificador, Naval",True,True,True
occupation_315001,315001,"Estimador, Quimica Industrial",True,True,True
occupation_315002,315002,"Tecnico, Fibra Textil (De Ing. Textil)",True,True,True
occupation_315003,315003,"Tecnico, Petroquimica",True,True,True
occupation_315004,315004,"Tecnico, Quimica Industrial",True,True,True
occupation_315005,315005,"Tecnico, Quimico Industrial/Caucho",True,True,True
occupation_315006,315006,"Tecnico, Quimica Industrial/Gas",True,True,True
occupation_315007,315007,"Tecnico, Quimica Industrial/Plasticos",True,True,True
occupation_315008,315008,"Tecnico, Quimica Industrial/Petroleo",True,True,True
occupation_315009,315009,"Tecnico, Quimica Industrial/Procesos Quimicos",True,True,True
occupation_315010,315010,"Tecnico, Quimica Industrial/Produccion Y Distribucion De Ga",True,True,True
occupation_315011,315011,"Tecnico, Quimica Industrial/Refinacion Del Petroleo",True,True,True
occupation_316001,316001,"Acidificador, Pozos De Petroleo Y Gas",True,True,True
occupation_316002,316002,"Técnico, Cementador, Pozos De Petroleo Y Gas",True,True,True
occupation_316003,316003,"Desincrustador, Pozos De Petroleo Y Gas",True,True,True
occupation_316004,316004,"Pegador, Pozos De Petroleo Y Gas",True,True,True
occupation_316005,316005,"Tecnico, Acidificacion/Pozos",True,True,True
occupation_316006,316006,"Tecnico, Extraccion/Carbon",True,True,True
occupation_316007,316007,"Tecnico, Extraccion/Gas (Sondeo De Pozos)",True,True,True
occupation_316008,316008,"Tecnico, Extraccion/Metales",True,True,True
occupation_316009,316009,"Tecnico, Extraccion/Petroleo Y Gas Natural",True,True,True
occupation_316010,316010,"Tecnico, Metalurgia/Ensayador De Metales",True,True,True
occupation_316011,316011,"Tecnico, Metalurgia/Extraccion",True,True,True
occupation_316012,316012,"Tecnico, Metalurgia/Siderurgica",True,True,True
occupation_316013,316013,"Tecnico, Metalurgia/Fundicion",True,True,True
occupation_316014,316014,"Tecnico, Metalurgia/Tratamiento Y/O Produccion De Metales",True,True,True
occupation_316015,316015,"Tecnico, Mineria",True,True,True
occupation_316016,316016,"Tecnico, Sondeo/Pozos De Petroleo Y Gas",True,True,True
occupation_317001,317001,Delineante,True,True,True
occupation_317002,317002,"Delineante, Arquitectura",True,True,True
occupation_317003,317003,"Delineante, Cartografia",True,True,True
occupation_317004,317004,"Delineante, Geologia",True,True,True
occupation_317005,317005,"Delineante, Ilustraciones Tecnicas",True,True,True
occupation_317006,317006,"Delineante, Industrial",True,True,True
occupation_317007,317007,"Delineante, Ingenieria Aeronautica",True,True,True
occupation_317008,317008,"Delineante, Ingenieria Civil",True,True,True
occupation_317009,317009,"Delineante, Ingenieria De Edificios",True,True,True
occupation_317010,317010,"Delineante, Ingenieria De Sistemas De Calefaccion Y Ventila",True,True,True
occupation_317011,317011,"Delineante, Ingenieria Electrica",True,True,True
occupation_317012,317012,"Delineante, Ingenieria Electronica",True,True,True
occupation_317013,317013,"Delineante, Ingenieria Mecanica",True,True,True
occupation_317014,317014,"Delineante, Ingenieria Naval",True,True,True
occupation_317015,317015,"Delineante, Litografia",True,True,True
occupation_317016,317016,"Delineante, Matrices Y Herramientas",True,True,True
occupation_317017,317017,"Delineante, Tecnico",True,True,True
occupation_317018,317018,"Dibujante, Ilustraciones Tecnicas",True,True,True
occupation_317019,317019,"Dibujante, Proyectista/Artes Graficas",True,True,True
occupation_317020,317020,"Delineante, Dibujantes/Otros",True,True,True
occupation_317021,317021,Supervisor De Artes Graficas,True,True,True
occupation_318001,318001,"Tecnico, Alimentos",True,True,True
occupation_318002,318002,"Tecnico, Calculo De Costos Y Cantidades",True,True,True
occupation_318003,318003,"Tecnico, Ceramica",True,True,True
occupation_318004,318004,"Tecnico, Cueros Y Pieles",True,True,True
occupation_318005,318005,"Tecnico, Eficiencia Industrial",True,True,True
occupation_318006,318006,"Tecnico, Estudio Del Trabajo",True,True,True
occupation_318007,318007,"Tecnico, Ingenieria/Estudio De Tiempos Y Movimientos",True,True,True
occupation_318008,318008,"Tecnico, Ingenieria/Metodos",True,True,True
occupation_318009,318009,"Tecnico, Ingenieria/Organizacion Industrial",True,True,True
occupation_318010,318010,"Tecnico, Ingenieria/Planificacion",True,True,True
occupation_318011,318011,"Tecnico, Ingenieria/Seguridad E Higiene Industrial",True,True,True
occupation_318012,318012,"Tecnico, Ingenieria/Produccion",True,True,True
occupation_318013,318013,"Tecnico, Papel",True,True,True
occupation_318014,318014,"Tecnico, Pesqueria",True,True,True
occupation_318015,318015,"Tecnico, Sistemas/Excepto Informaticos",True,True,True
occupation_318016,318016,"Tecnico En La Industria, Otros",True,True,True
occupation_319001,319001,Tecnico En Estadistica,True,True,True
occupation_319002,319002,"Tecnico, En Matematica",True,True,True
occupation_319003,319003,"Tecnico En Estadistica O Matematica, Otros",True,True,True
occupation_319004,319004,"Programador, Codificador De Los Programas",True,True,True
occupation_319005,319005,"Programador, Desarrollo De La Logica Del Proceso",True,True,True
occupation_319006,319006,"Programador, Informatica/Por Computadora",True,True,True
occupation_319007,319007,"Programador, Informatica/Analisis De Base De Datos",True,True,True
occupation_319008,319008,"Programador, Informatica/Analisis De Sistemas",True,True,True
occupation_319009,319009,"Programador, Prueba Y Ejecucion Del Programa En Computadora",True,True,True
occupation_319010,319010,"Tecnico, Analisis Informatico",True,True,True
occupation_319011,319011,"Tecnico, Programacion Por Computadoras",True,True,True
occupation_319012,319012,"Tecnico, Servicios Informaticos Para Usuarios",True,True,True
occupation_321001,321001,"Operador, Equipos Informaticos/Computadoras",True,True,True
occupation_321002,321002,"Operador, Equipos Informaticos/Unidades Perifericas (Impres",True,True,True
occupation_321003,321003,"Operador, Almacenamiento De Datos",True,True,True
occupation_321004,321004,"Operador, Proceso De Aplicaciones Catalogadas",True,True,True
occupation_321005,321005,"Tecnico, Control De Equipos Informaticos",True,True,True
occupation_322001,322001,"Ayudante De Direccion, Cine",True,True,True
occupation_322002,322002,"Ayudante, Direccion Cinematografica",True,True,True
occupation_322003,322003,Camarografo,True,True,True
occupation_322004,322004,"Camarografo, Cinematografo",True,True,True
occupation_322005,322005,"Camarografo, Television",True,True,True
occupation_322006,322006,Cineasta,True,True,True
occupation_322007,322007,Fotografo,True,True,True
occupation_322008,322008,Fotografo Aereo,True,True,True
occupation_322009,322009,Fotografo Comercial,True,True,True
occupation_322010,322010,Fotografo Industrial,True,True,True
occupation_322011,322011,Fotografo Medico,True,True,True
occupation_322012,322012,Fotografo Publicitario,True,True,True
occupation_322013,322013,Fotografo Retratista,True,True,True
occupation_322014,322014,"Fotografo, Arquitectura",True,True,True
occupation_322015,322015,"Fotografo, Ilustracion Comercial",True,True,True
occupation_322016,322016,"Fotografo, Microfotografia",True,True,True
occupation_322017,322017,"Fotografo, Modas",True,True,True
occupation_322018,322018,"Fotografo, Policia",True,True,True
occupation_322019,322019,"Fotografo, Prensa",True,True,True
occupation_322020,322020,Montajista,True,True,True
occupation_322021,322021,"Operador, Camara De Cine",True,True,True
occupation_322022,322022,"Operador, Camara De Television",True,True,True
occupation_322023,322023,"Operador, Equipo Audio/Radio",True,True,True
occupation_322024,322024,"Operador, Equipo Audio/Television",True,True,True
occupation_322025,322025,"Operador, Equipo De Sonorizacion, Cine",True,True,True
occupation_322026,322026,"Operador, Equipo De Radio Y Television",True,True,True
occupation_322027,322027,"Operador, Grabacion De Sonido",True,True,True
occupation_322028,322028,"Operador, Grabacion De Sonido/Discos",True,True,True
occupation_322029,322029,"Operador, Grabacion De Sonido/Radio",True,True,True
occupation_322030,322030,"Operador, Grabacion De Sonido/Television",True,True,True
occupation_322031,322031,Reportero Grafico/Fotografo Reportero,True,True,True
occupation_322032,322032,Tecnico En Audio Visuales,True,True,True
occupation_322033,322033,"Tecnico, Efectos Sonoros/Cine",True,True,True
occupation_322034,322034,"Tecnico, Equipo De Sonorizacion/Radio",True,True,True
occupation_322035,322035,"Tecnico, Equipo De Sonorizacion/Television",True,True,True
occupation_322036,322036,"Tecnico, Equipo De Grabacion/Cinta Magnetica",True,True,True
occupation_322037,322037,"Tecnico, Equipo De Grabacion/Discos Digitales",True,True,True
occupation_322038,322038,"Tecnico, Equipo De Grabacion/Efectos Sonoros",True,True,True
occupation_322039,322039,"Tecnico, Equipo De Grabacion/Hilo Magnetico",True,True,True
occupation_322040,322040,"Tecnico, Equipo De Grabacion/Sonido",True,True,True
occupation_322041,322041,"Tecnico, Equipo De Grabacion/Video",True,True,True
occupation_322042,322042,"Tecnico, Equipo De Radio Y Television",True,True,True
occupation_322043,322043,"Tecnico, Material De Doblaje",True,True,True
occupation_322044,322044,"Tecnico, Pruebas De Sonido/Sonidista",True,True,True
occupation_323001,323001,"Luminotecnico, Television",True,True,True
occupation_323002,323002,"Operador, Cabina De Proyeccion/Cinematografia",True,True,True
occupation_323003,323003,"Operador, Equipo De Amplificacion De Sonido",True,True,True
occupation_323004,323004,"Operador, Equipo De Difusion/Telefilmes",True,True,True
occupation_323005,323005,"Operador, Equipo De Difusion/Television",True,True,True
occupation_323006,323006,"Operador, Equipo De Difusion/Video",True,True,True
occupation_323007,323007,"Operador, Equipo De Radiodifusion",True,True,True
occupation_323008,323008,"Operador, Equipo De Radiotelefonia/Estaciones Terrestres",True,True,True
occupation_323009,323009,"Operador, Equipo Moviles De Radiodifusion Y Television",True,True,True
occupation_323010,323010,"Operador, Estacion Emisora De Radio",True,True,True
occupation_323011,323011,"Operador, Estacion Emisora De Television",True,True,True
occupation_323012,323012,"Operador, Estudios De Radio",True,True,True
occupation_323013,323013,"Operador, Estudios De Television",True,True,True
occupation_323014,323014,"Operador, Microfonos",True,True,True
occupation_323015,323015,"Operador, Radar",True,True,True
occupation_323016,323016,"Operador, Radio/Navegacion Aerea",True,True,True
occupation_323017,323017,"Operador, Radio/Navegacion Maritima",True,True,True
occupation_323018,323018,"Operador, Telecomunicaciones",True,True,True
occupation_323019,323019,"Operador, Transmisores/Radio",True,True,True
occupation_323020,323020,"Operador, Transmisores/Television",True,True,True
occupation_323021,323021,"Operador-Jefe, Telecomunicaciones/Estacion",True,True,True
occupation_323022,323022,"Operador-Jefe, Telecomunicaciones/Trafico",True,True,True
occupation_323023,323023,Radionavegante,True,True,True
occupation_323024,323024,Radiotelegrafista,True,True,True
occupation_323025,323025,"Radiotelegrafista, Navegacion Maritima",True,True,True
occupation_323026,323026,Tecnico Sala De Control/Radio,True,True,True
occupation_323027,323027,Tecnico Sala De Control/Television,True,True,True
occupation_323028,323028,Telegrafista,True,True,True
occupation_324001,324001,Operador De Audiometria,True,True,True
occupation_324002,324002,Operador De Electrocardiografia,True,True,True
occupation_324003,324003,Operador De Electroencefolografia,True,True,True
occupation_324004,324004,Operador De Scaner,True,True,True
occupation_324005,324005,Operador De Scaner (Optica),True,True,True
occupation_324006,324006,Operador De Radiografia,True,True,True
occupation_324007,324007,Operador De Rayos X,True,True,True
occupation_331005,331005,"Motorista, Lancha/Bolichera",True,True,True
occupation_332015,332015,"Patron, Bolichera",True,True,True
occupation_332016,332016,"Patron, Barco/Navegacion Interior",True,True,True
occupation_332017,332017,"Patron, Barco/Navegacion Maritima",True,True,True
occupation_332018,332018,"Patron, Puerto",True,True,True
occupation_332019,332019,"Patron, Remolcador",True,True,True
occupation_332020,332020,"Patron, Yate",True,True,True
occupation_332026,332026,"Practico, Puerto",True,True,True
occupation_334001,334001,"Controlador, Trafico Aereo",True,True,True
occupation_334002,334002,"Tecnico, Seguridad/Trafico Aereo",True,True,True
occupation_335001,335001,"Especialista, Prevencion De Incendios",True,True,True
occupation_335002,335002,"Inspector, Incendios",True,True,True
occupation_335003,335003,"Inspector, Obras Y Edificios",True,True,True
occupation_335004,335004,"Investigador, Incendios",True,True,True
occupation_335027,335027,"Inspector, Vehiculos/Especificaciones Tecnicas",True,True,True
occupation_335028,335028,"Revisor, Tejidos, Tecnicos",True,True,True
occupation_335029,335029,Revisor/Telas,True,True,True
occupation_335030,335030,"Revisor-Inspector, Calidad",True,True,True
occupation_335031,335031,"Revisor-Probador, Maquina",True,True,True
occupation_335032,335032,"Tecnico, Prevencion De Incendios",True,True,True
occupation_341001,341001,Disecador-Taxidermista,True,True,True
occupation_341002,341002,Taxidermista (Naturalista-Preparador),True,True,True
occupation_341003,341003,"Tecnico, Anatomia",True,True,True
occupation_341004,341004,"Tecnico, Bacteriologia",True,True,True
occupation_341005,341005,"Tecnico, Bancos De Sangre",True,True,True
occupation_341006,341006,"Tecnico, Biofisica",True,True,True
occupation_341007,341007,"Tecnico, Biologia (Analista)",True,True,True
occupation_341008,341008,"Tecnico, Bioquimica",True,True,True
occupation_341009,341009,"Tecnico, Botanica",True,True,True
occupation_341010,341010,"Tecnico, Ciencias Biologicas/Otros",True,True,True
occupation_341011,341011,"Tecnico, Citologia",True,True,True
occupation_341012,341012,"Tecnico, Ecologia",True,True,True
occupation_341013,341013,"Tecnico, Farmacologia",True,True,True
occupation_341014,341014,"Tecnico, Fisiologia",True,True,True
occupation_341015,341015,"Tecnico, Histologia",True,True,True
occupation_341016,341016,"Tecnico, Laboratorio Biologico",True,True,True
occupation_341017,341017,"Tecnico, Patologia",True,True,True
occupation_341018,341018,"Tecnico, Serologia",True,True,True
occupation_341019,341019,"Tecnico, Tejidos",True,True,True
occupation_341020,341020,"Tecnico, Zoologia En Ciencias Biologicas",True,True,True
occupation_342001,342001,Animador Rural,True,True,True
occupation_342002,342002,"Demostrador, Practicas Agricolas",True,True,True
occupation_342003,342003,"Consejero, Agricola",True,True,True
occupation_342004,342004,"Consejero, Forestal",True,True,True
occupation_342005,342005,"Extensionista Agricola, Vulgarizador, Agricola",True,True,True
occupation_342006,342006,Perito Agricola,True,True,True
occupation_342007,342007,Tecnico Agronomo,True,True,True
occupation_342008,342008,"Tecnico Agronomo, Suelo",True,True,True
occupation_342009,342009,"Tecnico, Agropecuario",True,True,True
occupation_342010,342010,"Tecnico, Forestal",True,True,True
occupation_342011,342011,"Tecnico, Ganaderia (Pecuario)",True,True,True
occupation_342012,342012,"Tecnico, Horticultura",True,True,True
occupation_342013,342013,"Tecnico, Oleicultura",True,True,True
occupation_342014,342014,"Tecnico, Pomologia",True,True,True
occupation_342015,342015,"Tecnico, Silvicultura",True,True,True
occupation_342016,342016,"Tecnico, Zoologia En Agronomia, Zootecnia Y Silvicultura",True,True,True
occupation_343001,343001,Asistente Medico,True,True,True
occupation_343002,343002,"Asistente Medico, Planificacion Familiar",True,True,True
occupation_343003,343003,Auxiliar Medico,True,True,True
occupation_343004,343004,Practicante En Medicina,True,True,True
occupation_343005,343005,Sanitario,True,True,True
occupation_343006,343006,Topiquero,True,True,True
occupation_344001,344001,Higienista,True,True,True
occupation_344002,344002,"Inspector, Sanidad",True,True,True
occupation_345001,345001,Tecnico Bromatologo,True,True,True
occupation_345002,345002,"Tecnico Consejero Dietetico, Industria De Alimentos",True,True,True
occupation_345003,345003,Tecnico Dietista,True,True,True
occupation_345004,345004,"Tecnico Dietista, Dietetico Medica",True,True,True
occupation_345005,345005,"Tecnico Nutricionista, Salud Publica",True,True,True
occupation_346001,346001,Contactologo,True,True,True
occupation_346002,346002,"Optico, Anteojos",True,True,True
occupation_346003,346003,"Optico, Oftalmologia",True,True,True
occupation_346004,346004,Optometrista,True,True,True
occupation_347001,347001,"Asistente Dentista, Escuelas",True,True,True
occupation_347002,347002,"Auxiliar, Dentista",True,True,True
occupation_347003,347003,"Higienista, Bucodental",True,True,True
occupation_347004,347004,"Higienista, Profilaxia",True,True,True
occupation_347005,347005,Practicante De Odontologia,True,True,True
occupation_348001,348001,"Baños Medicinales, Tratamiento",True,True,True
occupation_348002,348002,Electroterapeuta,True,True,True
occupation_348003,348003,Ergoterapeuta,True,True,True
occupation_348004,348004,Fisioterapeuta (Terapeuta),True,True,True
occupation_348005,348005,Hidroterapeuta,True,True,True
occupation_348006,348006,Kinesiterapeuta (Kinesiologos),True,True,True
occupation_348007,348007,Masajista,True,True,True
occupation_348008,348008,Osteopata,True,True,True
occupation_348009,348009,Podologo,True,True,True
occupation_348010,348010,Quiropodista,True,True,True
occupation_348011,348011,Quiropractico,True,True,True
occupation_348012,348012,"Tecnico, Gimnasia Medica",True,True,True
occupation_348013,348013,"Tecnico, Readaptacion Profesional",True,True,True
occupation_348014,348014,"Terapeuta, Readaptacion Fisica",True,True,True
occupation_348015,348015,"Terapeuta, Readaptacion Profesional",True,True,True
occupation_349001,349001,"Asistente, Veterinario",True,True,True
occupation_349002,349002,Auxiliar Veterinario,True,True,True
occupation_349003,349003,"Tecnico Veterinario, Inseminacion Artificial",True,True,True
occupation_349004,349004,"Vacunador, Veterinario",True,True,True
occupation_349005,349005,"Vacunador, Veterinario/Aves De Granja",True,True,True
occupation_349006,349006,"Veterinario En Salud Publica, Tecnico",True,True,True
occupation_351001,351001,"Asistente, Farmaceutico",True,True,True
occupation_351002,351002,Auxiliar Farmaceutico,True,True,True
occupation_351003,351003,Practicante De Farmacia,True,True,True
occupation_351004,351004,Practico En Farmacia,True,True,True
occupation_352013,352013,"Hermana, Enfermera/Nivel Medio",True,True,True
occupation_352014,352014,Paramedicos,True,True,True
occupation_353001,353001,Auxiliar De Partera,True,True,True
occupation_353002,353002,Comadrona (Partera Practica),True,True,True
occupation_353003,353003,Matrona (Partera Practica),True,True,True
occupation_353004,353004,Partera Practica,True,True,True
occupation_354001,354001,Curandero,True,True,True
occupation_354002,354002,"Curandero-Naturista, Aldea",True,True,True
occupation_354003,354003,"Curandero, Religioso",True,True,True
occupation_354004,354004,"Curandero, Sugestion",True,True,True
occupation_354005,354005,Especialista En Ortoptia Y/O Ortofonia,True,True,True
occupation_354006,354006,Herbolario,True,True,True
occupation_354007,354007,Huesero,True,True,True
occupation_354008,354008,Naturopata,True,True,True
occupation_355001,355001,Tecnico Ortopedico,True,True,True
occupation_355002,355002,Tecnologo Protesis,True,True,True
occupation_355003,355003,Tecnico Radiologo,True,True,True
occupation_355004,355004,Tecnologo Medico,True,True,True
occupation_356001,356001,Tecnico En Laboratorio Clinico,True,True,True
occupation_356002,356002,Tecnico De Salud,True,True,True
occupation_364005,364005,"Tecnicos Administradores, Otros",True,True,True
occupation_364006,364006,Tecnicos En Racionalizacion Administrativa,True,True,True
occupation_365001,365001,"Tecnico, Comercio",True,True,True
occupation_365002,365002,"Tecnico, Cooperativismo",True,True,True
occupation_365003,365003,"Tecnico, Economia",True,True,True
occupation_365004,365004,"Tecnico, Mercadotecnia (Marketting)",True,True,True
occupation_365005,365005,"Tecnico, Planificacion",True,True,True
occupation_366001,366001,Contador Mercantil,True,True,True
occupation_366002,366002,Tecnico Contable En Costos,True,True,True
occupation_366003,366003,Tecnico Contable Empresarial,True,True,True
occupation_366004,366004,Tecnico Contable Gubernamental,True,True,True
occupation_366005,366005,Tecnico En Teneduria De Libros,True,True,True
occupation_366006,366006,"Tecnicos Contables, Otros",True,True,True
occupation_367001,367001,Tecnico En Ciencias Sociales,True,True,True
occupation_367002,367002,Promotor Social (Tecnico Asimilado),True,True,True
occupation_371001,371001,"Agente, Bolsa",True,True,True
occupation_371002,371002,"Agente, Cambio",True,True,True
occupation_371003,371003,"Asesor, Inversiones",True,True,True
occupation_371004,371004,"Corredor, Bolsa",True,True,True
occupation_371005,371005,"Corredor, Valores",True,True,True
occupation_372001,372001,"Agente, Seguros",True,True,True
occupation_372002,372002,Asegurador,True,True,True
occupation_372003,372003,"Asegurador, Maritimo",True,True,True
occupation_372004,372004,"Corredor, Seguros",True,True,True
occupation_372005,372005,"Negociador, Seguros",True,True,True
occupation_372006,372006,Vendedor De Polizas De Seguros,True,True,True
occupation_373002,373002,Agente Inmobiliario,True,True,True
occupation_373003,373003,"Corredor, Fincas",True,True,True
occupation_373004,373004,"Vendedor, Bienes Raices",True,True,True
occupation_373005,373005,"Vendedor, Propiedades Inmuebles",True,True,True
occupation_374004,374004,"Agente, Viajes",True,True,True
occupation_374005,374005,"Consejero, Turismo",True,True,True
occupation_374006,374006,"Organizador, Viajes",True,True,True
occupation_375001,375001,Agente Distribuidor,True,True,True
occupation_375002,375002,"Agente, Ventas",True,True,True
occupation_375003,375003,"Agente, Ventas/Comercio",True,True,True
occupation_375004,375004,"Agente, Ventas/Industria Manufacturera",True,True,True
occupation_375005,375005,"Agente, Ventas/Tecnico",True,True,True
occupation_375006,375006,"Consejero, Servicio Postventa",True,True,True
occupation_375007,375007,"Corredor, Fabrica",True,True,True
occupation_375008,375008,"Inspector Tecnico, Ventas",True,True,True
occupation_375009,375009,"Representante,  Compaðia Nacional",True,True,True
occupation_375010,375010,"Representante, Fabrica/Concesionario",True,True,True
occupation_375011,375011,"Representante, Firmas Extranjeras",True,True,True
occupation_375012,375012,"Representante, Institucion Comercial",True,True,True
occupation_375013,375013,"Representante, Ventas/Comercio",True,True,True
occupation_375014,375014,"Representante, Ventas/Industria Manufacturera",True,True,True
occupation_375015,375015,"Representante, Ventas/Tecnico",True,True,True
occupation_375016,375016,"Vendedor, Comercio",True,True,True
occupation_375017,375017,"Vendedor, Industria Manufacturera",True,True,True
occupation_375018,375018,"Vendedor, Tecnico",True,True,True
occupation_375019,375019,"Viajante, Comercio/Agente",True,True,True
occupation_375020,375020,Visitador Medico,True,True,True
occupation_376001,376001,"Agente, Compras/Suministros",True,True,True
occupation_376002,376002,"Agente, Suministros",True,True,True
occupation_376003,376003,Comprador,True,True,True
occupation_376004,376004,"Comprador, Mercancias/Comercio Mayorista",True,True,True
occupation_376005,376005,"Comprador, Mercancias/Comercio Minorista",True,True,True
occupation_376006,376006,Evaluador,True,True,True
occupation_376007,376007,"Inspector, Siniestros",True,True,True
occupation_376008,376008,"Liquidador, Reclamaciones/Seguros",True,True,True
occupation_376009,376009,"Martillero, Subastas Publicas",True,True,True
occupation_376010,376010,Rematador,True,True,True
occupation_376011,376011,Subastador,True,True,True
occupation_376012,376012,Tasador,True,True,True
occupation_376013,376013,"Tasador, Seguros",True,True,True
occupation_376014,376014,"Tasador, Siniestros",True,True,True
occupation_376015,376015,"Verificador, Solicitudes De Indemnizacion",True,True,True
occupation_378001,378001,"Agente De Ventas, Servicio De Proteccion  Contra Robos E In",True,True,True
occupation_378002,378002,"Agentes De Ventas, Servicio De Iluminacion Y Limpieza",True,True,True
occupation_378003,378003,"Agente De Servicio De Aduana, No Empleado Publico",True,True,True
occupation_379001,379001,Agente Transporte Y/O Mudanza,True,True,True
occupation_379002,379002,"Agente, Oficina De Colocacion",True,True,True
occupation_379003,379003,"Agente, Deportivo",True,True,True
occupation_379004,379004,"Agente, Literario",True,True,True
occupation_379005,379005,"Agente, Musical",True,True,True
occupation_379006,379006,"Agente, Publicidad",True,True,True
occupation_379007,379007,"Agente, Servicios A Las Empresas",True,True,True
occupation_379008,379008,"Agente, Teatro",True,True,True
occupation_379009,379009,"Agente, Venta De Publicidad/Espacios",True,True,True
occupation_379010,379010,"Contratista, Mano De Obra",True,True,True
occupation_379017,379017,"Promotor, Deportes",True,True,True
occupation_379018,379018,"Representante, Servicios A Las Empresas",True,True,True
occupation_379019,379019,"Representante, Servicios A Las Empresas/Espacios Publicitar",True,True,True
occupation_381001,381001,"Auxiliar, Abogacia",True,True,True
occupation_381002,381002,"Auxiliar, Actuario",True,True,True
occupation_381003,381003,"Auxiliar, Agente De Bolsa",True,True,True
occupation_381004,381004,"Auxiliar, Bufete/Abogado",True,True,True
occupation_381005,381005,"Auxiliar, Contador",True,True,True
occupation_381006,381006,Auxiliar Estadistico (Empleado Estadistico),True,True,True
occupation_381007,381007,Auxiliar Matematico,True,True,True
occupation_381008,381008,"Ayudante, Contable",True,True,True
occupation_381009,381009,"Evaluador, Seguros/Primas",True,True,True
occupation_381010,381010,"Pasante, Abogado",True,True,True
occupation_381011,381011,"Pasante, Escribano",True,True,True
occupation_381012,381012,"Pasante, Notario",True,True,True
occupation_381013,381013,"Redactor, Polizas/Seguros",True,True,True
occupation_381014,381014,"Secretario, Juzgado, Tecnico",True,True,True
occupation_381015,381015,Tenedor De Libros,True,True,True
occupation_382003,382003,"Recaudador, Impuestos",True,True,True
occupation_391001,391001,Blasonistas,True,True,True
occupation_391002,391002,Decorador De Ambiente,True,True,True
occupation_391003,391003,"Decorador Proyectista, Cine Y Teatro",True,True,True
occupation_391004,391004,"Decorador, Escaparates",True,True,True
occupation_391005,391005,Decorador Exposiciones,True,True,True
occupation_391006,391006,"Decorador, Interiores",True,True,True
occupation_391007,391007,"Dibujante, Carteles",True,True,True
occupation_391008,391008,"Dibujante, Ilustraciones",True,True,True
occupation_391009,391009,"Dibujante, Interiores",True,True,True
occupation_391010,391010,"Dibujante, Moda",True,True,True
occupation_391011,391011,"Diseñador, Alfombras",True,True,True
occupation_391012,391012,"Diseñador, Decoracion De Interiores",True,True,True
occupation_391013,391013,"Diseñador, Decorador",True,True,True
occupation_391014,391014,"Diseñador, Decorador/Escenarios De Teatro",True,True,True
occupation_391015,391015,"Diseñador, Envases",True,True,True
occupation_391016,391016,"Diseñador, Escaparatista",True,True,True
occupation_391017,391017,"Diseñador, Exposiciones",True,True,True
occupation_391018,391018,"Diseñador, Grafico",True,True,True
occupation_391019,391019,"Diseñador, Heraldista",True,True,True
occupation_391020,391020,"Diseñador, Herreria Artistica",True,True,True
occupation_391021,391021,"Diseñador, Industrial",True,True,True
occupation_391022,391022,"Diseñador, Joyas",True,True,True
occupation_391023,391023,"Diseñador, Moda",True,True,True
occupation_391024,391024,"Diseñador, Muebles",True,True,True
occupation_391025,391025,"Diseñador, Orfebreria",True,True,True
occupation_391026,391026,"Diseñador, Piezas De Ceramica",True,True,True
occupation_391027,391027,"Diseñador, Prendas De Vestir",True,True,True
occupation_391028,391028,"Diseñador, Productos Comerciales",True,True,True
occupation_391029,391029,"Diseñador, Productos Industriales",True,True,True
occupation_391030,391030,"Diseñador, Telas Y Tejidos",True,True,True
occupation_391031,391031,Escaparatista Decorador,True,True,True
occupation_391032,391032,Heraldista,True,True,True
occupation_391033,391033,"Pintor, Tatuajes",True,True,True
occupation_392001,392001,Anfitrion,True,True,True
occupation_392002,392002,"Comentarista-Entrevistador, Television - Radio",True,True,True
occupation_392003,392003,"Cronista, Noticiarios",True,True,True
occupation_392004,392004,"Locutor, Noticias",True,True,True
occupation_392005,392005,"Locutor, Radio",True,True,True
occupation_392006,392006,"Locutor, Television",True,True,True
occupation_392007,392007,Presentador-Animador,True,True,True
occupation_392008,392008,"Presentador-Animador, Espectaculos Publicos",True,True,True
occupation_392009,392009,Tecnico En Comunicacion,True,True,True
occupation_393001,393001,Acrobata,True,True,True
occupation_393002,393002,"Amaestrador, Elefantes",True,True,True
occupation_393003,393003,"Amaestrador, Fieras",True,True,True
occupation_393004,393004,"Artista, Marionetas",True,True,True
occupation_393005,393005,"Artista, Strip-Tease",True,True,True
occupation_393006,393006,"Artista, Trapecio",True,True,True
occupation_393007,393007,"Caballista, Circo",True,True,True
occupation_393008,393008,Comico,True,True,True
occupation_393009,393009,"Comico, Circo",True,True,True
occupation_393010,393010,Contorsionista,True,True,True
occupation_393011,393011,"Domador, Circo",True,True,True
occupation_393012,393012,"Domador, Fieras",True,True,True
occupation_393013,393013,"Encantador, Serpientes",True,True,True
occupation_393014,393014,Equilibrista,True,True,True
occupation_393015,393015,"Extras, Dobles",True,True,True
occupation_393016,393016,Funambulo,True,True,True
occupation_393017,393017,Hipnotizador,True,True,True
occupation_393018,393018,Ilusionista,True,True,True
occupation_393019,393019,Imitador,True,True,True
occupation_393020,393020,"Imitador, Ruidos De Animales",True,True,True
occupation_393021,393021,Mago,True,True,True
occupation_393022,393022,Malabarista,True,True,True
occupation_393023,393023,Payaso,True,True,True
occupation_393024,393024,Prestidigitador,True,True,True
occupation_393025,393025,Titiritero,True,True,True
occupation_393026,393026,Trapecista,True,True,True
occupation_393027,393027,Vedette,True,True,True
occupation_393028,393028,Ventrilocuo,True,True,True
occupation_393029,393029,Volatinero,True,True,True
occupation_393030,393030,"Otros, Payasos, Acrobatas Y Afines",True,True,True
occupation_394001,394001,"Arbitro, Deportivo",True,True,True
occupation_394002,394002,Atleta,True,True,True
occupation_394003,394003,"Automovilista, Carreras",True,True,True
occupation_394004,394004,Banderillero,True,True,True
occupation_394005,394005,Basketbolista,True,True,True
occupation_394006,394006,Boxeador,True,True,True
occupation_394007,394007,Catchascanista,True,True,True
occupation_394008,394008,"Corredor, Ciclista",True,True,True
occupation_394009,394009,"Deportista, Profesional",True,True,True
occupation_394010,394010,"Entrenador, Artes Marciales",True,True,True
occupation_394011,394011,"Entrenador, Atletismo",True,True,True
occupation_394012,394012,"Entrenador, Boxeo",True,True,True
occupation_394013,394013,"Entrenador, Golf",True,True,True
occupation_394014,394014,"Entrenador, Lucha",True,True,True
occupation_394015,394015,"Entrenador, Yoga",True,True,True
occupation_394016,394016,Futbolista,True,True,True
occupation_394017,394017,Jockey,True,True,True
occupation_394018,394018,"Juez, Boxeo",True,True,True
occupation_394019,394019,"Juez, Cancha",True,True,True
occupation_394020,394020,"Juez, Salida/Carreras",True,True,True
occupation_394021,394021,Luchador,True,True,True
occupation_394022,394022,"Monitor, Cultura Fisico",True,True,True
occupation_394023,394023,"Picador, Toros",True,True,True
occupation_394024,394024,"Piloto, Carreras/Automoviles",True,True,True
occupation_394025,394025,"Profesor, Ajedrez",True,True,True
occupation_394026,394026,"Profesor, Billar",True,True,True
occupation_394027,394027,Torero,True,True,True
occupation_394028,394028,Voleibolista,True,True,True
occupation_394029,394029,"Otros, Atletas, Deportistas Y Afines",True,True,True
occupation_395001,395001,Acolito,True,True,True
occupation_395002,395002,"Ayudante, Culto",True,True,True
occupation_395003,395003,Diaconisa,True,True,True
occupation_395004,395004,Diacono,True,True,True
occupation_395005,395005,Evangelizador,True,True,True
occupation_395006,395006,Fraile,True,True,True
occupation_395007,395007,"Miembro, Ejercito De Salvacion",True,True,True
occupation_395008,395008,"Monja, Nivel Medio",True,True,True
occupation_395009,395009,"Monje, Nivel Medio",True,True,True
occupation_395010,395010,"Predicador, Seglar",True,True,True
occupation_396001,396001,"Bailarin, Peðas, Salsodromos, Restaurantes Turisticos",True,True,True
occupation_396004,396004,"Musico, Peðas, Salsodromos, Restaurantes Turisticos",True,True,True
occupation_396005,396005,Musico Ambulante,True,True,True
occupation_396007,396007,Cantor Ambulante,True,True,True
occupation_411009,411009,"Encargado Del Servicio De Mantenimiento De Tramites, Etc.",True,True,True
occupation_413001,413001,Mecanografa - Dactilografa,True,True,True
occupation_413002,413002,"Mecanografa, Estadisticas",True,True,True
occupation_413003,413003,"Mecanografa, Estenografia",True,True,True
occupation_413004,413004,"Mecanografa, Facturas",True,True,True
occupation_413005,413005,"Mecanografa, Maquina Perforadora",True,True,True
occupation_413006,413006,"Mecanografa, Taquigrafia",True,True,True
occupation_413007,413007,"Mecanografa, Textos",True,True,True
occupation_413008,413008,Oficinista-Mecanografa,True,True,True
occupation_413009,413009,Secretaria,True,True,True
occupation_413010,413010,"Secretaria, Bilingue",True,True,True
occupation_413011,413011,"Secretaria, Comercial",True,True,True
occupation_413014,413014,"Secretaria, Medico",True,True,True
occupation_413015,413015,Secretaria-Mecanografa,True,True,True
occupation_413016,413016,"Secretaria, Otros",True,True,True
occupation_413017,413017,Secretaria-Taquigrafa,True,True,True
occupation_413018,413018,Secretaria-Taquimecanografa,True,True,True
occupation_413019,413019,Taquigrafa,True,True,True
occupation_413020,413020,Taquimecanografa,True,True,True
occupation_413021,413021,Mecanografica En Domicilio,True,True,True
occupation_414001,414001,"Operador De Maquina, Tratamiento De Texto",True,True,True
occupation_414002,414002,"Operador, Telefax",True,True,True
occupation_414003,414003,"Operador, Telegrafo",True,True,True
occupation_414004,414004,"Operador, Teleimpresora",True,True,True
occupation_414005,414005,"Teletipista, Telex",True,True,True
occupation_415001,415001,Digitador,True,True,True
occupation_415002,415002,"Controlador, Perforaciones",True,True,True
occupation_415003,415003,"Operador, Entrada De Datos/Clasificadora",True,True,True
occupation_415004,415004,"Operador, Entrada De Datos/Computadoras",True,True,True
occupation_415005,415005,"Operador, Entrada De Datos/Convertidor (De Cintas A Tarjeta",True,True,True
occupation_415006,415006,"Operador, Entrada De Datos/Maquina Convertidora (De Cintas",True,True,True
occupation_415007,415007,"Operador, Entrada De Datos/Maquina Convertidora (De Tarjeta",True,True,True
occupation_415008,415008,"Operador, Entrada De Datos/Maquina Perforadoras (Cintas)",True,True,True
occupation_415009,415009,"Operador, Entrada De Datos/Maquina Perforadoras (Tarjetas Y",True,True,True
occupation_415010,415010,"Operador, Entrada De Datos/Maquina Perforadoras (Teclado)",True,True,True
occupation_415011,415011,"Operador, Entrada De Datos/Tabuladora",True,True,True
occupation_415012,415012,"Operador, Entrada De Datos/Transcripcion De Perforaciones (",True,True,True
occupation_415013,415013,Verificador Del Operador De Maquina Perforadora De Tarjetas,True,True,True
occupation_415014,415014,Tipeo Por Computadora,True,True,True
occupation_416001,416001,Calculista A Maquina,True,True,True
occupation_416002,416002,"Operador, Calculadora",True,True,True
occupation_416003,416003,"Operador, Computadora",True,True,True
occupation_416004,416004,"Operador, Maquina De Contabilidad",True,True,True
occupation_416005,416005,"Operador, Maquina De Preparar Facturas",True,True,True
occupation_416006,416006,"Operador, Maquina Franqueadora",True,True,True
occupation_416007,416007,"Operador, Maquina Contable",True,True,True
occupation_416008,416008,"Operador, Maquina De Llevar Libros",True,True,True
occupation_416009,416009,"Operador, Maquina De Sumar",True,True,True
occupation_417001,417001,"Operador, Maquina Clasificadora Y Tabulados",True,True,True
occupation_417002,417002,"Operador,  Ordenador Electronico",True,True,True
occupation_417003,417003,Otros Operadores De Maquinas Para El Tratamiento Automatico,True,True,True
occupation_418021,418021,Listero,True,True,True
occupation_419001,419001,"Amanuense, Estadistica",True,True,True
occupation_419002,419002,Critico-Codificador,True,True,True
occupation_421001,421001,Almacenero,True,True,True
occupation_423007,423007,Escribiente De Abogado,True,True,True
occupation_423008,423008,Escribiente De Notario,True,True,True
occupation_423009,423009,Escribiente De Procurador,True,True,True
occupation_423010,423010,Escribiente Publico,True,True,True
occupation_423011,423011,Recopilador De Directorios Y Guias,True,True,True
occupation_423012,423012,"Secretario De Juzgado, Empleado De Oficina",True,True,True
occupation_423013,423013,"Tramitadores (Redactan Cartas, Llenador Formularios, Etc)",True,True,True
occupation_423014,423014,Controlador De Tarjetas De Personal,True,True,True
occupation_423015,423015,Tramitador De Oficina,True,True,True
occupation_432001,432001,"Agente De Los Servicios De Mercancias, Ferrocarriles",True,True,True
occupation_432002,432002,"Agente De Los Servicios De Transporte De Carga, Ferrocarril",True,True,True
occupation_435002,435002,Controladores De Coche-Cama,True,True,True
occupation_435003,435003,Controlador De Vagones De Lujo Y Pullman,True,True,True
occupation_435004,435004,"Otros Jefes De Tren, Cobradores.",True,True,True
occupation_436001,436001,"Agente, Ferrocarril/Mercancias",True,True,True
occupation_436029,436029,"Encargado, Servicios/Ferrocarril (Deposito)",True,True,True
occupation_436030,436030,"Encargado, Servicios/Muelle",True,True,True
occupation_436031,436031,"Encargado, Servicios/Transbordador",True,True,True
occupation_436032,436032,"Encargado, Servicios/Transporte Por Carretera (Trafico)",True,True,True
occupation_436033,436033,"Inspector, Servicios/Barcaza",True,True,True
occupation_436034,436034,"Inspector, Servicios/Carga",True,True,True
occupation_436035,436035,"Inspector, Servicios/Transporte Por Carretera",True,True,True
occupation_436036,436036,"Inspector, Servicios/Transporte Por Ferrocarril",True,True,True
occupation_442001,442001,"Archivero, De Museo",True,True,True
occupation_442002,442002,"Asistente, Biblioteca",True,True,True
occupation_442003,442003,Ayudante De Biblioteca,True,True,True
occupation_443001,443001,Cartero,True,True,True
occupation_443002,443002,"Clasificador, Correspondencia",True,True,True
occupation_443005,443005,"Encargado, Entrega De Encomiendas A Domicilio",True,True,True
occupation_443006,443006,"Encomendero, Reparto De Encomiendas",True,True,True
occupation_443007,443007,"Estafetero, Recibidor De Cargas/Correo",True,True,True
occupation_443008,443008,"Mandadero, Oficina/Conserje De Oficina",True,True,True
occupation_443009,443009,"Mensajero, Correspondencia",True,True,True
occupation_443010,443010,Portapliego De Oficina,True,True,True
occupation_444001,444001,"Corrector, Pruebas De Imprenta",True,True,True
occupation_451001,451001,"Cajero, Almacen/Autoservicio",True,True,True
occupation_451002,451002,"Cajero, Apuestas",True,True,True
occupation_451003,451003,"Cajero, Banco",True,True,True
occupation_451004,451004,"Cajero, Cobrador De Peajes",True,True,True
occupation_451005,451005,"Cajero, Contabilidad De Caja",True,True,True
occupation_451006,451006,"Cajero, Empresa/Almacen",True,True,True
occupation_451007,451007,"Cajero, Hotel",True,True,True
occupation_451008,451008,"Cajero, Mostrador",True,True,True
occupation_451009,451009,"Cajero, Oficina",True,True,True
occupation_451010,451010,"Cajero, Restaurante",True,True,True
occupation_451011,451011,"Cajero, Tienda",True,True,True
occupation_451012,451012,"Cajero, Venta De Billetes",True,True,True
occupation_451013,451013,"Cambista, Compra-Venta  De Dolares",True,True,True
occupation_451018,451018,Expendedor De Giros Postales,True,True,True
occupation_451019,451019,Taquillero,True,True,True
occupation_451020,451020,Tesorero,True,True,True
occupation_451021,451021,Vendedor De Estampillas,True,True,True
occupation_452001,452001,"Prestamista, Dinero",True,True,True
occupation_452002,452002,"Prestamista, Prendario",True,True,True
occupation_453001,453001,"Cobrador A Domicilio, Ventas A Plazos",True,True,True
occupation_453002,453002,"Cobrador, Alquileres",True,True,True
occupation_453003,453003,Cobrador Contribuciones,True,True,True
occupation_453004,453004,"Cobrador, Deudas",True,True,True
occupation_453005,453005,Cobrador Espectaculos,True,True,True
occupation_453006,453006,"Cobrador, Facturas",True,True,True
occupation_453007,453007,"Cobrador, Impuestos",True,True,True
occupation_453008,453008,"Cobrador, Peaje",True,True,True
occupation_453009,453009,"Cobrador, Seguros",True,True,True
occupation_454009,454009,Recepcionista,True,True,True
occupation_454010,454010,"Recepcionista, Dentista",True,True,True
occupation_454011,454011,"Recepcionista, Hospital/Consultorio Medico",True,True,True
occupation_454012,454012,"Recepcionista, Hotel",True,True,True
occupation_454013,454013,"Recepcionista, Medico",True,True,True
occupation_455001,455001,"Operadora, Central Telefonica",True,True,True
occupation_455002,455002,"Radio-Telefonista, Estaciones Terrestres",True,True,True
occupation_455003,455003,"Telefonista, Publica O Privada",True,True,True
occupation_456001,456001,"Crupier, Sala De Juego",True,True,True
occupation_456002,456002,Recibidor De Apuestas,True,True,True
occupation_461001,461001,Encuestadores,True,True,True
occupation_461002,461002,Empadronadores,True,True,True
occupation_461003,461003,Recopilador De Informacion Estadistica,True,True,True
occupation_461004,461004,Registradores,True,True,True
occupation_461005,461005,Supervisor De Campo,True,True,True
occupation_462001,462001,Auxiliar De Oficina,True,True,True
occupation_462007,462007,Segmentista,True,True,True
occupation_511001,511001,"Ayudante, Vuelo",True,True,True
occupation_511002,511002,"Aeromoza, Camarera De Avion",True,True,True
occupation_511003,511003,"Azafata, Aeropuerto",True,True,True
occupation_511004,511004,"Azafata, Avion",True,True,True
occupation_511005,511005,"Azafata, Informacion/Aeropuerto",True,True,True
occupation_511006,511006,"Camarero, Barco",True,True,True
occupation_511007,511007,"Fly Hostess, Aeromoza",True,True,True
occupation_511008,511008,Pursers,True,True,True
occupation_511009,511009,"Tripulante, Cabina/Pasajeros",True,True,True
occupation_512001,512001,"Guia, Excursiones",True,True,True
occupation_512002,512002,"Guia, Expedicion De Caza",True,True,True
occupation_512003,512003,"Guia, Galeria De Arte",True,True,True
occupation_512004,512004,"Guia, Museos",True,True,True
occupation_512005,512005,"Guia, Turismo",True,True,True
occupation_512006,512006,"Guia, Viajes/Andinismo",True,True,True
occupation_512007,512007,"Guia, Viajes/Autobus",True,True,True
occupation_512008,512008,"Guia, Viajes/Establecimientos Industriales",True,True,True
occupation_512009,512009,"Guia, Viajes/Galeria De Arte",True,True,True
occupation_512010,512010,"Guia, Viajes/Local",True,True,True
occupation_512011,512011,"Guia, Viajes/Montaðismo",True,True,True
occupation_512012,512012,"Guia, Viajes/Museos",True,True,True
occupation_512013,512013,"Guia, Viajes/Parques Naturales Y Reservas Nacionales",True,True,True
occupation_512014,512014,"Guia, Viajes/Pesca",True,True,True
occupation_512015,512015,"Guia, Viajes/Reserva De Caza",True,True,True
occupation_512016,512016,"Guia, Viajes/Safari",True,True,True
occupation_512017,512017,"Guia, Viajes/Teatro Y Monumentos",True,True,True
occupation_521001,521001,"Economo, Hosteleria",True,True,True
occupation_521002,521002,"Jefe De Personal De Servidumbre, Barco",True,True,True
occupation_521003,521003,Jefe De Camareros,True,True,True
occupation_521004,521004,Maitre,True,True,True
occupation_521005,521005,Maestresala,True,True,True
occupation_521006,521006,"Mayordomo, Excepto Hogar Particular",True,True,True
occupation_522001,522001,"Cocinero, Barco",True,True,True
occupation_522002,522002,"Cocinero, Chef",True,True,True
occupation_522003,522003,"Cocinero, Conservacion De Alimentos",True,True,True
occupation_522004,522004,"Cocinero, Dietas Especiales",True,True,True
occupation_522005,522005,"Cocinero, Vegetales",True,True,True
occupation_523001,523001,"Azafata, Servicio De Comidas/Personal",True,True,True
occupation_523002,523002,Barman,True,True,True
occupation_523003,523003,Mozo,True,True,True
occupation_531001,531001,"Auxiliar, Enfermeria",True,True,True
occupation_531002,531002,"Auxiliar, Enfermeria/Primeros Auxilios",True,True,True
occupation_531003,531003,"Auxiliar, Hospitalario",True,True,True
occupation_531004,531004,"Ayudante, Ambulancia",True,True,True
occupation_531005,531005,"Ayudante, Enfermeria",True,True,True
occupation_531006,531006,"Ayudante, Enfermeria/Ambulancia",True,True,True
occupation_531007,531007,"Ayudante, Enfermeria/Clinica",True,True,True
occupation_531008,531008,"Ayudante, Enfermeria/Hospital",True,True,True
occupation_531009,531009,Camillero,True,True,True
occupation_531010,531010,"Enfermero, Ambulancia",True,True,True
occupation_531011,531011,"Ayudante, Enfermeria/Domicilio",True,True,True
occupation_531012,531012,"Ayudante, Consultorio Dental",True,True,True
occupation_541001,541001,Callista,True,True,True
occupation_541002,541002,Capilicultor,True,True,True
occupation_541003,541003,Cosmetologo,True,True,True
occupation_541004,541004,"Especialista, Tratamientos De Belleza",True,True,True
occupation_541005,541005,Estilista,True,True,True
occupation_541006,541006,Manicurista,True,True,True
occupation_541007,541007,"Maquillador, Cine",True,True,True
occupation_541008,541008,"Maquillador, Salon",True,True,True
occupation_541009,541009,"Maquillador, Teatro",True,True,True
occupation_541010,541010,Masajista Estetico,True,True,True
occupation_541011,541011,Pedicurista,True,True,True
occupation_541012,541012,Peinadora,True,True,True
occupation_541013,541013,"Peluquero, Caballeros",True,True,True
occupation_541014,541014,"Peluquero, Seðoras",True,True,True
occupation_541015,541015,Peluquero-Barbero,True,True,True
occupation_551001,551001,Amortajador,True,True,True
occupation_551002,551002,Embalsamador,True,True,True
occupation_551003,551003,"Empleado, Pompas Funebres/Agencia Funeraria",True,True,True
occupation_551004,551004,"Empresario, Pompas Funebres",True,True,True
occupation_551005,551005,Organizador De Pompas Funebres,True,True,True
occupation_551006,551006,Tramitador De Documentos Para Sepelio,True,True,True
occupation_552001,552001,Maniqui,True,True,True
occupation_552002,552002,Modelo De Fotografia,True,True,True
occupation_552003,552003,"Modelo, Artista",True,True,True
occupation_552004,552004,"Modelo, Escultores",True,True,True
occupation_552005,552005,"Modelo, Modas",True,True,True
occupation_552006,552006,"Modelo, Pintores",True,True,True
occupation_552007,552007,"Modelo, Publicidad",True,True,True
occupation_553001,553001,Astrologo,True,True,True
occupation_553002,553002,Cartomantico,True,True,True
occupation_553003,553003,Geomantico,True,True,True
occupation_553004,553004,Numerologo,True,True,True
occupation_553005,553005,Numeromantico,True,True,True
occupation_553006,553006,Oniromantico,True,True,True
occupation_553007,553007,Quiromantico,True,True,True
occupation_561001,561001,Bombero,True,True,True
occupation_561002,561002,"Bombero, Accidentes De Aviacion",True,True,True
occupation_561003,561003,"Bombero, Aeropuertos",True,True,True
occupation_561004,561004,"Bombero, Forestal",True,True,True
occupation_561006,561006,"Especialista, Salvamento/Incendios (Desastres)",True,True,True
occupation_562001,562001,Alguaciles,True,True,True
occupation_562002,562002,Policia Municipal,True,True,True
occupation_562003,562003,Serenazgo,True,True,True
occupation_563001,563001,Carcelero,True,True,True
occupation_563002,563002,"Guardian, Carcel",True,True,True
occupation_563003,563003,"Guardian, Prision, Establecimiento Penal",True,True,True
occupation_563004,563004,Vigilante De Establecimiento Penal Y Otros Centros Tutelare,True,True,True
occupation_564001,564001,Custodio,True,True,True
occupation_564002,564002,Guardaespalda,True,True,True
occupation_564003,564003,Guardia De Seguridad (Privados),True,True,True
occupation_564004,564004,Policia Particular,True,True,True
occupation_564005,564005,Vigilante De Seguridad (Privados),True,True,True
occupation_565001,565001,Detective Privado,True,True,True
occupation_571001,571001,"Comerciante, Comercio Al Por Mayor",True,True,True
occupation_571002,571002,"Despachador, Mercaderias/Comercio Al Por Mayor",True,True,True
occupation_571003,571003,"Mayorista, Comercio Al Por Mayor",True,True,True
occupation_571004,571004,"Vendedor, Abarrotes/Comercio Al Por Mayor",True,True,True
occupation_571005,571005,"Vendedor, Proveedor/Comercio Al Por Mayor",True,True,True
occupation_571006,571006,"Vendedor, Comercio Al Por Mayor",True,True,True
occupation_572001,572001,"Comerciante, Articulos Deportivos",True,True,True
occupation_572002,572002,"Comerciante, Articulos Electrodomesticos",True,True,True
occupation_572003,572003,"Comerciante, Boutique",True,True,True
occupation_572004,572004,"Comerciante, Calzado",True,True,True
occupation_572005,572005,"Comerciante, Carros",True,True,True
occupation_572006,572006,"Comerciante, Combustible/Grifero (Despachador De Gasolina)",True,True,True
occupation_572007,572007,"Comerciante, Joyeria Y Relojeria",True,True,True
occupation_572008,572008,"Comerciante, Juguetes",True,True,True
occupation_572009,572009,"Comerciante, Licores",True,True,True
occupation_572010,572010,"Comerciante, Loza Y Porcelana",True,True,True
occupation_572011,572011,"Comerciante, Muebles",True,True,True
occupation_572012,572012,"Comerciante, Optica",True,True,True
occupation_572013,572013,"Comerciante, Prendas De Vestir",True,True,True
occupation_572014,572014,"Comerciante, Repuestos En General",True,True,True
occupation_572015,572015,"Despachador, Mercaderia/Comercio Al Por Menor",True,True,True
occupation_572016,572016,"Vendedor, Abarrotes/Abacero (Bodeguero)",True,True,True
occupation_572017,572017,"Vendedor, Artesania",True,True,True
occupation_572018,572018,"Vendedor, Carbon",True,True,True
occupation_572019,572019,"Vendedor, Carne",True,True,True
occupation_572020,572020,"Vendedor, Carton/Papel",True,True,True
occupation_572021,572021,"Vendedor, Farmacia",True,True,True
occupation_572022,572022,"Vendedor, Cigarrillos",True,True,True
occupation_572023,572023,"Vendedor, Ferreteria",True,True,True
occupation_572024,572024,"Vendedor, Flores",True,True,True
occupation_572025,572025,"Vendedor, Frutas",True,True,True
occupation_572026,572026,"Vendedor, Herbolarios/Hierbas",True,True,True
occupation_572027,572027,"Vendedor, Leche",True,True,True
occupation_572028,572028,"Vendedor, Licoreria",True,True,True
occupation_572029,572029,"Vendedor, Libros/Utiles Escolares",True,True,True
occupation_572030,572030,"Vendedor, Loza/Cristaleria Y Porcelana",True,True,True
occupation_572031,572031,"Vendedor, Maderas/Triplay",True,True,True
occupation_572032,572032,"Vendedor, Materiales De Construccion",True,True,True
occupation_572033,572033,"Vendedor, Muebleria",True,True,True
occupation_572034,572034,"Vendedor, Pasamaneria/Merceria",True,True,True
occupation_572035,572035,"Vendedor, Perfumeria",True,True,True
occupation_572036,572036,"Vendedor, Peletero",True,True,True
occupation_572037,572037,"Vendedor, Prendas De Vestir",True,True,True
occupation_572038,572038,"Vendedor, Pulpa",True,True,True
occupation_572039,572039,"Vendedor, Repuestos En General",True,True,True
occupation_572040,572040,"Vendedor, Sombreros",True,True,True
occupation_572041,572041,"Vendedor, Zapateria",True,True,True
occupation_572042,572042,"Otros, Comerciantes Vendedores Al Por Menor (No Ambulatorio",True,True,True
occupation_573001,573001,Demostrador (A) De Articulos,True,True,True
occupation_573002,573002,Demostrador (A) De Productos Para La Venta En Establecimien,True,True,True
occupation_574001,574001,Vendedor En Puesto De Mercado,True,True,True
occupation_574002,574002,Vendedor En Kiosco,True,True,True
occupation_575001,575001,"Empleado, Dependiente De Tienda, Comercio Nep",True,True,True
occupation_575002,575002,"Vendedor, Comercio Nep",True,True,True
occupation_581001,581001,Vendedores De Artefactos Electricos,True,True,True
occupation_581002,581002,Vendedores De Libros,True,True,True
occupation_582001,582001,"Comprador Vendedor De Oro, Plata",True,True,True
occupation_582002,582002,Compra Venta De Monedas Y Billetes,True,True,True
occupation_583001,583001,Comercio N.E.,True,True,True
occupation_611001,611001,Capataz Forestal,True,True,True
occupation_611002,611002,Capataz De Campo De Hacienda,True,True,True
occupation_611003,611003,"Caporal, Mayordomo De Hacienda",True,True,True
occupation_611004,611004,Jefe De Maquinaria Agricola,True,True,True
occupation_612001,612001,Agricultor,True,True,True
occupation_612002,612002,"Agricultor Explotador, Cultivo/Alfalfa",True,True,True
occupation_612003,612003,"Agricultor Explotador, Cultivo/Algodon",True,True,True
occupation_612004,612004,"Agricultor Explotador, Cultivo/Arroz",True,True,True
occupation_612005,612005,"Agricultor Explotador, Cultivo/Cacahuete",True,True,True
occupation_612006,612006,"Agricultor Explotador, Cultivo/Caða De Azucar",True,True,True
occupation_612007,612007,"Agricultor Explotador, Cultivo/Cereales",True,True,True
occupation_612008,612008,"Agricultor Explotador, Cultivo/Flores",True,True,True
occupation_612009,612009,"Agricultor Explotador, Cultivo/Grano",True,True,True
occupation_612010,612010,"Agricultor Explotador, Cultivo/Hortalizas (Cultivo Extensiv",True,True,True
occupation_612011,612011,"Agricultor Explotador, Cultivo/Lino",True,True,True
occupation_612012,612012,"Agricultor Explotador, Cultivo/Maiz",True,True,True
occupation_612013,612013,"Agricultor Explotador, Cultivo/Remolacha",True,True,True
occupation_612014,612014,"Agricultor Explotador, Cultivo/Sisal",True,True,True
occupation_612015,612015,"Agricultor Explotador, Cultivo/Soja",True,True,True
occupation_612016,612016,"Agricultor Explotador, Cultivo/Tabaco",True,True,True
occupation_612017,612017,"Agricultor Explotador, Cultivo/Trigo",True,True,True
occupation_612018,612018,"Agricultor Explotador, Cultivo/Yute",True,True,True
occupation_612019,612019,"Productor, Cultivos Extensivos",True,True,True
occupation_612020,612020,"Productor, Hortalizas/Cultivo Extensivo",True,True,True
occupation_612021,612021,"Productor, Remolacha Azucarera",True,True,True
occupation_612022,612022,"Productor, Soya",True,True,True
occupation_612023,612023,"Trabajador Agricola Calificado, Algodon",True,True,True
occupation_612024,612024,"Trabajador Agricola Calificado, Arroz",True,True,True
occupation_612025,612025,"Trabajador Agricola Calificado, Cacahuetes",True,True,True
occupation_612026,612026,"Trabajador Agricola Calificado, Caða De Azucar",True,True,True
occupation_612027,612027,"Trabajador Agricola Calificado, Cultivo Extensivo",True,True,True
occupation_612028,612028,"Trabajador Agricola Calificado, Hortalizas",True,True,True
occupation_612029,612029,"Trabajador Agricola Calificado, Irrigacion",True,True,True
occupation_612030,612030,"Trabajador Agricola Calificado, Lino",True,True,True
occupation_612031,612031,"Trabajador Agricola Calificado, Patatas",True,True,True
occupation_612032,612032,"Trabajador Agricola Calificado, Remolacha",True,True,True
occupation_612033,612033,"Trabajador Agricola Calificado, Tabaco",True,True,True
occupation_612034,612034,"Trabajador Agricola Calificado, Trigo",True,True,True
occupation_612035,612035,"Trabajador Agricola Calificado, Yute",True,True,True
occupation_613001,613001,"Agricultor Explotador, Almendras",True,True,True
occupation_613002,613002,"Agricultor Explotador, Cultivo/Citricos",True,True,True
occupation_613003,613003,"Agricultor Explotador, Plantacion/Cacao",True,True,True
occupation_613004,613004,"Agricultor Explotador, Plantacion/Cafe,Te",True,True,True
occupation_613005,613005,"Agricultor Explotador, Plantacion/Cocoteros",True,True,True
occupation_613006,613006,"Agricultor Explotador, Plantacion/Hevea",True,True,True
occupation_613007,613007,Agricultor Explotador De Via,True,True,True
occupation_613008,613008,"Arboricultor, Almendros",True,True,True
occupation_613009,613009,"Arboricultor, Arbustos",True,True,True
occupation_613010,613010,"Arboricultor, Cacao",True,True,True
occupation_613011,613011,"Arboricultor, Cafetales",True,True,True
occupation_613012,613012,"Arboricultor, Cocoteros",True,True,True
occupation_613013,613013,"Arboricultor, Frutales En General",True,True,True
occupation_613014,613014,"Arboricultor, Lupulo",True,True,True
occupation_613015,613015,"Arboricultor, Nogales",True,True,True
occupation_613016,613016,"Arboricultor, Oleaginosas",True,True,True
occupation_613017,613017,"Arboricultor, Plantaciones/Copra",True,True,True
occupation_613018,613018,"Arboricultor, Plantaciones/Hevea",True,True,True
occupation_613019,613019,"Arboricultor, Plantaciones/Te",True,True,True
occupation_613020,613020,"Cultivador, Lupulo",True,True,True
occupation_613021,613021,"Cultivador, Plantaciones/Te",True,True,True
occupation_613022,613022,"Cultivador Explotador, Caucho",True,True,True
occupation_613023,613023,Fruticultor,True,True,True
occupation_613024,613024,Injertador,True,True,True
occupation_613025,613025,"Podador, Arboles Frutales",True,True,True
occupation_613026,613026,"Podador-Injertador, Arbustos",True,True,True
occupation_613027,613027,Resinero,True,True,True
occupation_613028,613028,"Sangrador, Arboles/Excepto Hevea",True,True,True
occupation_613029,613029,"Sangrador, Caucho",True,True,True
occupation_613030,613030,"Sangrador, Jarabe De Arce",True,True,True
occupation_613031,613031,Shivingero,True,True,True
occupation_613032,613032,"Trabajador Agricola Calificado, Arboles Frutales",True,True,True
occupation_613033,613033,"Trabajador Agricola Calificado, Arbustos",True,True,True
occupation_613034,613034,"Trabajador Agricola Calificado, Cacao",True,True,True
occupation_613035,613035,"Trabajador Agricola Calificado, Cafe",True,True,True
occupation_613036,613036,"Trabajador Agricola Calificado, Cosecha/Arbustos",True,True,True
occupation_613037,613037,"Trabajador Agricola Calificado, Hevea",True,True,True
occupation_613038,613038,"Trabajador Agricola Calificado, Huertos",True,True,True
occupation_613039,613039,"Trabajador Agricola Calificado, Lupulo",True,True,True
occupation_613040,613040,"Trabajador Agricola Calificado, Plantaciones/Arbustos",True,True,True
occupation_613041,613041,"Trabajador Agricola Calificado, Plantaciones/Te",True,True,True
occupation_613042,613042,"Trabajador Agricola Calificado, Viticultura",True,True,True
occupation_613043,613043,Vinicultor,True,True,True
occupation_613044,613044,Viticultor,True,True,True
occupation_614001,614001,"Cultivador, Hongos",True,True,True
occupation_614002,614002,"Cultivador, Setas Y Champiðones",True,True,True
occupation_614003,614003,"Cultivador, Viveros",True,True,True
occupation_614004,614004,"Cultivador, Viveros/Bulbos",True,True,True
occupation_614005,614005,"Cultivador, Viveros/Especias",True,True,True
occupation_614006,614006,"Cultivador, Viveros/Hortalizas",True,True,True
occupation_614007,614007,"Cultivador, Viveros/Semillas",True,True,True
occupation_614008,614008,Floricultor,True,True,True
occupation_614009,614009,"Floricultor, Rosas",True,True,True
occupation_614010,614010,"Floricultor, Tulipanes",True,True,True
occupation_614011,614011,Hortelano,True,True,True
occupation_614012,614012,Horticultor,True,True,True
occupation_614013,614013,"Horticultor, Viveros",True,True,True
occupation_614014,614014,"Jardinero, Semillero",True,True,True
occupation_614015,614015,"Jardinero, Viveros",True,True,True
occupation_614016,614016,"Trabajador Agricola Calificado, Cesped",True,True,True
occupation_614017,614017,"Trabajador Agricola Calificado, Cultivo De Hongos",True,True,True
occupation_614018,614018,"Trabajador Agricola Calificado, Horticultura",True,True,True
occupation_614019,614019,"Trabajador Agricola Calificado, Vivero",True,True,True
occupation_615001,615001,"Agricultor (Explotador), Policultivos",True,True,True
occupation_615002,615002,"Agricultor Forestal, Trabajador Independiente",True,True,True
occupation_615003,615003,"Agricultor Ganadero, Trabajador Independiente",True,True,True
occupation_615004,615004,"Explotador Agricola, Trabajador Independiente",True,True,True
occupation_615005,615005,"Explotador Agropecuario, Trabajador Independiente",True,True,True
occupation_615006,615006,"Campesino, Trabajador Independiente",True,True,True
occupation_615007,615007,"Ganadero Forestal, Trabajador Independiente",True,True,True
occupation_615008,615008,"Trabajador Agricola Calificado, Policultivos",True,True,True
occupation_616001,616001,"Explotador, Forestal O Bosques",True,True,True
occupation_616002,616002,Almadiero,True,True,True
occupation_616003,616003,"Aserrador, Monte",True,True,True
occupation_616004,616004,"Clasificador, Troncos",True,True,True
occupation_616005,616005,Cortador De Traviesas De Ferrocarril Y/O Postes,True,True,True
occupation_616006,616006,"Cubicador, Madera",True,True,True
occupation_616007,616007,"Descorchador, Alcornoques",True,True,True
occupation_616008,616008,"Descortezador, Arboles",True,True,True
occupation_616009,616009,"Escalador-Podador, Arboles",True,True,True
occupation_616010,616010,"Escuadrador, Troncos",True,True,True
occupation_616011,616011,"Supervisor, Forestal",True,True,True
occupation_616012,616012,"Flotador, Troncos",True,True,True
occupation_616013,616013,Gabarrero,True,True,True
occupation_616014,616014,Ganchero Forestal,True,True,True
occupation_616015,616015,Guardabosques,True,True,True
occupation_616016,616016,"Marcador, Arboles",True,True,True
occupation_616017,616017,"Plantador, Arboles/Silvicultura",True,True,True
occupation_616018,616018,"Podador, Silvicultura",True,True,True
occupation_616019,616019,"Secador, Corcho",True,True,True
occupation_616020,616020,Talador En General (Cortador De Arboles),True,True,True
occupation_616021,616021,Trabajador Forestal Calificado,True,True,True
occupation_616022,616022,"Trabajador Forestal Calificado, Repoblacion Forestal",True,True,True
occupation_616023,616023,"Trabajador Forestal Calificado, Silvicultura",True,True,True
occupation_616024,616024,"Trozador, Arboles",True,True,True
occupation_616025,616025,"Trozador, Traviesas De Ferrocarril",True,True,True
occupation_616026,616026,"Trozador, Vigas",True,True,True
occupation_617001,617001,"Carbonero, Carbon Vegetal",True,True,True
occupation_617002,617002,"Destilador, Madera",True,True,True
occupation_617003,617003,"Trabajador Carbonero Calificado, Carbon Vegetal/Tecnicas Tr",True,True,True
occupation_617004,617004,"Trabajador Forestal Calificado, Destilacion De Madera/Tecni",True,True,True
occupation_621001,621001,"Criador, Auquenidos",True,True,True
occupation_621002,621002,"Criador, Caballos",True,True,True
occupation_621003,621003,"Criador, Conejos",True,True,True
occupation_621004,621004,"Criador, Corderos De Astracan",True,True,True
occupation_621005,621005,"Criador, Cuyes",True,True,True
occupation_621006,621006,"Criador, Ganado Vacuno (Excepto Ganado Lechero)",True,True,True
occupation_621007,621007,"Criador, Ganado Bovino",True,True,True
occupation_621008,621008,"Criador, Ganado Caballar",True,True,True
occupation_621009,621009,"Criador, Ganado Caprino/Cabras (Lana)",True,True,True
occupation_621010,621010,"Criador, Ganado Ovino (Lana)",True,True,True
occupation_621011,621011,"Criador, Ganado Porcino",True,True,True
occupation_621012,621012,"Criador, Reproductores",True,True,True
occupation_621013,621013,Esquilador,True,True,True
occupation_621014,621014,Jefe De Cuadra,True,True,True
occupation_621015,621015,Ganadero,True,True,True
occupation_621016,621016,"Ganadero, Auquenidos",True,True,True
occupation_621017,621017,"Ganadero, Cunicultor/Conejo",True,True,True
occupation_621018,621018,"Ganadero, Cuyes",True,True,True
occupation_621019,621019,"Ganadero, Toro De Lidia",True,True,True
occupation_621020,621020,Ganadero Vacuno (Execpto Ganado Lechero),True,True,True
occupation_621021,621021,Ganadero Caballo,True,True,True
occupation_621022,621022,Ganadero Lanal,True,True,True
occupation_621023,621023,Ganadero Porcino,True,True,True
occupation_621024,621024,"Inseminador, Ganado",True,True,True
occupation_621025,621025,Ordeñador,True,True,True
occupation_621026,621026,Trabajador Pecuario Calificado,True,True,True
occupation_621027,621027,"Trabajador Pecuario Calificado, Criadero De Animales",True,True,True
occupation_621028,621028,"Trabajador Pecuario Calificado, Ganaderia",True,True,True
occupation_621029,621029,"Trabajador Pecuario Calificado, Ganado Vacuno",True,True,True
occupation_621030,621030,"Trabajador Pecuario Calificado, Ganado Lanar",True,True,True
occupation_621031,621031,"Trabajador Pecuario Calificado, Ganado Porcino",True,True,True
occupation_622001,622001,Criador De Vacas Lecheras,True,True,True
occupation_622002,622002,Criador De Cabras Para La Produccion De Leche,True,True,True
occupation_623001,623001,Avicultor,True,True,True
occupation_623002,623002,"Avicultor, Cria/Criadero",True,True,True
occupation_623003,623003,"Avicultor, Huevos",True,True,True
occupation_623004,623004,"Avicultor, Incubacion Artificial",True,True,True
occupation_623005,623005,"Avicultor, Ocas",True,True,True
occupation_623006,623006,"Avicultor, Patos",True,True,True
occupation_623007,623007,"Avicultor, Pavos",True,True,True
occupation_623008,623008,"Avicultor, Pollos",True,True,True
occupation_623009,623009,"Clasificador, Pollos",True,True,True
occupation_623010,623010,"Criador, Aves De Caza",True,True,True
occupation_623011,623011,"Criador, Aves De Corral",True,True,True
occupation_623012,623012,"Granjero, Avicultor",True,True,True
occupation_623013,623013,"Inseminador, Aves",True,True,True
occupation_623014,623014,"Sexador, Pollos",True,True,True
occupation_623015,623015,"Trabajador Calificado, Avicultura",True,True,True
occupation_623016,623016,"Trabajador Calificado, Incubadoras",True,True,True
occupation_624001,624001,Apicultor (Criador De Abejas),True,True,True
occupation_624002,624002,"Criador, Gusano De Seda",True,True,True
occupation_624003,624003,Sericicultor,True,True,True
occupation_624004,624004,"Trabajador Calificado, Apicultura",True,True,True
occupation_624005,624005,"Trabajador Calificado, Sericicultura",True,True,True
occupation_625001,625001,"Adiestrador, Perros",True,True,True
occupation_625002,625002,"Criador, Animales De Laboratorio/Cobayos",True,True,True
occupation_625003,625003,"Criador, Animales No Domesticos/Pieles Finas",True,True,True
occupation_625004,625004,"Criador, Animales Salvajes/Pieles Finas",True,True,True
occupation_625005,625005,"Criador, Animales/Reservas Naturales",True,True,True
occupation_625006,625006,"Cuidador, Animales/Parques Zoologicos",True,True,True
occupation_625007,625007,"Cuidador, Animales/Reservas Naturales",True,True,True
occupation_625008,625008,Criador De Gatos,True,True,True
occupation_625009,625009,Criador De Perros,True,True,True
occupation_625010,625010,"Entrenador, Caballos De Carrera",True,True,True
occupation_625011,625011,"Guardian, Ganado",True,True,True
occupation_625012,625012,"Guardian, Pajarera",True,True,True
occupation_625013,625013,"Guardian, Parque Zoologico",True,True,True
occupation_625014,625014,"Trabajador Calificado, Aves Y Pajaros Salvajes",True,True,True
occupation_625015,625015,"Trabajador, Animales Salvajes/Pieles Finas",True,True,True
occupation_625016,625016,"Trabajador, Cria De Pajaros Salvajes",True,True,True
occupation_625017,625017,"Trabajador, Zoologico",True,True,True
occupation_631001,631001,Encargado De Acuario,True,True,True
occupation_631002,631002,Piscicultor Criadores De Especies Acuaticas,True,True,True
occupation_631003,631003,Pisicultor De Truchas,True,True,True
occupation_631004,631004,Trabajador De Piscigranjas,True,True,True
occupation_631005,631005,Langostero,True,True,True
occupation_631006,631006,Ostricultor,True,True,True
occupation_631007,631007,Mariscador/Marisquero,True,True,True
occupation_631008,631008,Mejillonero,True,True,True
occupation_631009,631009,Ostrero,True,True,True
occupation_631010,631010,Larvero,True,True,True
occupation_632001,632001,"Buzo, Pescador/Esponjas",True,True,True
occupation_632002,632002,"Buzo, Pescador/Ostras",True,True,True
occupation_632003,632003,Pescador De Rio,True,True,True
occupation_632004,632004,Pescador De Lago,True,True,True
occupation_632005,632005,"Pescador, Agua Dulce",True,True,True
occupation_632006,632006,"Pescador, Costero",True,True,True
occupation_632007,632007,"Pescador, Esponjas",True,True,True
occupation_632008,632008,"Pescador, Mariscador",True,True,True
occupation_632009,632009,"Pescador, Mejillonero",True,True,True
occupation_632010,632010,"Pescador, Ostras Perliferas",True,True,True
occupation_633001,633001,Almadrabero,True,True,True
occupation_633002,633002,Anchovetero,True,True,True
occupation_633003,633003,Pescador De Altura,True,True,True
occupation_633004,633004,Pescador De Bajura,True,True,True
occupation_633005,633005,Pescador De Bolichera,True,True,True
occupation_633006,633006,"Pescador, Rastra",True,True,True
occupation_633007,633007,"Pescador, Atunero",True,True,True
occupation_633008,633008,Redero De Mar,True,True,True
occupation_633009,633009,"Tripulacion De Barcos Pesqueros, Otros",True,True,True
occupation_634001,634001,Arponero,True,True,True
occupation_634002,634002,Ballenero,True,True,True
occupation_634003,634003,"Cazador, Ballenas",True,True,True
occupation_634004,634004,"Descuartizador, Ballenas",True,True,True
occupation_635001,635001,Camaronero,True,True,True
occupation_635002,635002,"Recolector De Algas, Esponjas O Musgo Marino",True,True,True
occupation_635003,635003,Caracolero,True,True,True
occupation_635004,635004,Cazadores De Tortugas Marinas,True,True,True
occupation_635005,635005,Conchero,True,True,True
occupation_635006,635006,"Cazadores De Otros Animales Acuaticos (Focas, Lobos Marinos",True,True,True
occupation_635007,635007,Chorero,True,True,True
occupation_635008,635008,Criador De Ostras,True,True,True
occupation_636001,636001,Cazador De Animales Salvajes,True,True,True
occupation_636002,636002,"Cazador De Venado, Chinchilla",True,True,True
occupation_636003,636003,Cazador De Aves,True,True,True
occupation_636004,636004,Cazador De Monos,True,True,True
occupation_636005,636005,Cazador De Animales De Pieles,True,True,True
occupation_636006,636006,Cazador De Serpientes,True,True,True
occupation_636007,636007,"Cazador, Otros",True,True,True
occupation_637008,637008,Tramperos,True,True,True
occupation_641001,641001,"Agricultor, Subsistencia",True,True,True
occupation_641002,641002,"Trabajador Agricola Calificado, Cultivos De Subsistencia",True,True,True
occupation_641003,641003,"Pescador, Subsistencia",True,True,True
occupation_641004,641004,"Trabajador, Pescador Calificado, Pesca De Subsistencia",True,True,True
occupation_711008,711008,Capataz O Contramaestre De Minas Y Canteras,True,True,True
occupation_711009,711009,Clasificador De Piedra,True,True,True
occupation_711010,711010,"Colector De Muestras,Minas",True,True,True
occupation_711011,711011,"Conductor De Maquina Rozadora, Cortadora, Perforadora,Etc",True,True,True
occupation_711012,711012,Conductor De Maquina Continua De Arranque,True,True,True
occupation_711013,711013,Cribador De Carbon O Minerales,True,True,True
occupation_711014,711014,Desmuestrador O Colector De Muestras,True,True,True
occupation_711015,711015,"Dinamitero, Pegador, Minas Y Canteras",True,True,True
occupation_711016,711016,"Dolador, Piedras",True,True,True
occupation_711017,711017,"Enganchador, Minas",True,True,True
occupation_711018,711018,Escogedor De Minerales,True,True,True
occupation_711019,711019,Escogedor De Piedras,True,True,True
occupation_711020,711020,Estribador De Minerales,True,True,True
occupation_711021,711021,"Entibador, Enmaderador De Mina O De Galeria",True,True,True
occupation_711022,711022,Grabador De Inscripciones Y Piedra A Mano,True,True,True
occupation_711023,711023,Grabador Motivos Simples En Bloques De Piedras,True,True,True
occupation_711024,711024,Grabador De Piedra Con Estarcidores,True,True,True
occupation_711025,711025,Grabador De Relieve En Piedra A Mano,True,True,True
occupation_711026,711026,Hendedor De Piedras,True,True,True
occupation_711027,711027,Lavador De Oro,True,True,True
occupation_711028,711028,Lavador De Minerales,True,True,True
occupation_711029,711029,"Machacador, Triturador, Minerales",True,True,True
occupation_711030,711030,"Maniobrista, Minas",True,True,True
occupation_711031,711031,Molinero De Mineral,True,True,True
occupation_711032,711032,Operador De Aparato De Precipitacion,True,True,True
occupation_711033,711033,"Operador De Cono De Separacion, Minas",True,True,True
occupation_711034,711034,Operador De Cribas Hidraulicas,True,True,True
occupation_711035,711035,Operador De Instalaciones De Flotacion,True,True,True
occupation_711036,711036,Operador De Prensa De Pellets De Mineral,True,True,True
occupation_711037,711037,Operador De Quebrantadora De Mineral,True,True,True
occupation_711038,711038,Operador De Quebrantadora De Rocas,True,True,True
occupation_711039,711039,Operador De Trituradora De Minerales,True,True,True
occupation_711040,711040,"Palero, Minas",True,True,True
occupation_711041,711041,"Pegador, Minas Y Canteras",True,True,True
occupation_711042,711042,Perforadores De Minas,True,True,True
occupation_711043,711043,Perforador De Piedras,True,True,True
occupation_711044,711044,Prensador De Briquetas De Carbon,True,True,True
occupation_711045,711045,Pulidor De Piedra A Mano,True,True,True
occupation_711046,711046,Pulidor De Piedra A Maquina,True,True,True
occupation_711047,711047,"Sacamuestras, Minas",True,True,True
occupation_711048,711048,Tallador De Laminas,True,True,True
occupation_711049,711049,Tallador De Piedra,True,True,True
occupation_711050,711050,"Terraplenista,Minas",True,True,True
occupation_711051,711051,"Terrerista, Minas",True,True,True
occupation_711052,711052,"Tolvero,Minas Y Canteras",True,True,True
occupation_711053,711053,"Tomador De Muestras,Minas",True,True,True
occupation_711054,711054,"Tornero, Labra  De Piedra",True,True,True
occupation_711055,711055,Trazador Sobre Piedra,True,True,True
occupation_711056,711056,Trecheador De Minas Y Canteras,True,True,True
occupation_711057,711057,"Triturador, Minerales",True,True,True
occupation_711058,711058,Tronzador De Piedras,True,True,True
occupation_712001,712001,"Cementador, Pozos De Petroleo Y Gas",True,True,True
occupation_712002,712002,"Conductores De Perforadora De Percusion, Pozos De Petroleo",True,True,True
occupation_712003,712003,"Conductores De Tren De Sondeo Por Rotacion, Pozos De Petrol",True,True,True
occupation_712004,712004,Desincrustador De Pozos De Petroleo Y Gas,True,True,True
occupation_712005,712005,"Mecanico De Sondas, Pozos De Petroleo Y Gas",True,True,True
occupation_712006,712006,Operador De Acidificacion De Pozos De Petroleo,True,True,True
occupation_712007,712007,Otros Sondistas Y Trabajadores Asimilados,True,True,True
occupation_712009,712009,"Perforador Con Aparato Rotativo, Pozos De Petroleo Y Gas",True,True,True
occupation_712010,712010,Perforador De Pozos De Agua,True,True,True
occupation_712011,712011,Perforador De Pozos Artesianos,True,True,True
occupation_712012,712012,Perforador De Pozos Petroliferos,True,True,True
occupation_712013,712013,Sondista De Pozos En Explotacion,True,True,True
occupation_712014,712014,"Sondista, Conductor De Perforadora De Percusion, Petroleo Y",True,True,True
occupation_712015,712015,"Sondista, Excepto Pozos De Petroleo Y Gas",True,True,True
occupation_712016,712016,"Sondista, Pozos De Petroleo Y Gas",True,True,True
occupation_712017,712017,"Sondista, Recuperacion Y Mantenimiento De Cilindros De Petr",True,True,True
occupation_712018,712018,"Sondista, Conductores De Tren De Sondeo Por Rotacion,",True,True,True
occupation_712019,712019,Tuberos De Sondeo,True,True,True
occupation_713002,713002,Cargador De Horno Alto,True,True,True
occupation_713003,713003,Colador De Horno Alto,True,True,True
occupation_713004,713004,"Fundidor De Alto Horno, Fusion De Mineral",True,True,True
occupation_713005,713005,"Fundidor De Convertidor De Acero, Al Oxigeno",True,True,True
occupation_713006,713006,"Fundidor De Convertidor Bessemer, De Acero",True,True,True
occupation_713007,713007,Fundidor En El Afino Y Refino De Metales No Ferreos,True,True,True
occupation_713008,713008,Fundidor En Hornos,True,True,True
occupation_713009,713009,Fundidor En Horno De Acero Martin Siemens,True,True,True
occupation_713010,713010,Fundidor En Horno Thomas,True,True,True
occupation_713011,713011,"Fundidor En Horno Electrico De Arco, Refino De Acero",True,True,True
occupation_713012,713012,Fundidor En Horno De Conver. Y Afinado De Metal.No Ferreos,True,True,True
occupation_713013,713013,Hornero De Alto Horno,True,True,True
occupation_713014,713014,Hornero De Convertidor Bassemer,True,True,True
occupation_713015,713015,Hornero De Conversion Y Afinacion De Metales  No Ferreos,True,True,True
occupation_713016,713016,Hornero De Horno Thomas O Elkem,True,True,True
occupation_714003,714003,Laminador De Acero En Caliente,True,True,True
occupation_714004,714004,Laminador De Acero En Tren Continuo,True,True,True
occupation_714005,714005,Laminador De Acero En Frio,True,True,True
occupation_714006,714006,Laminador De Metales No Ferreos,True,True,True
occupation_714007,714007,Laminador De Productos Semiacabados De Acero,True,True,True
occupation_714008,714008,Laminador De Tubos Sin Soldadura,True,True,True
occupation_714009,714009,Maquinista De Tren De Laminacion,True,True,True
occupation_715002,715002,Colador De Horno De Segunda Fusion,True,True,True
occupation_715003,715003,"Fundidor De Crisoles, Segunda Fusion",True,True,True
occupation_715004,715004,Fundidor De Cubilote,True,True,True
occupation_715005,715005,"Fundidor En Horno De Reverbero, Segunda Fusion",True,True,True
occupation_715006,715006,"Fundidor De Horno De Hogar Abierto, Seg. Fusion",True,True,True
occupation_715007,715007,"Fundidor En Horno Electrico, Segunda Fusion",True,True,True
occupation_715008,715008,Fundidor En Segunda Fusion,True,True,True
occupation_715009,715009,Hornero De Segunda Fusion,True,True,True
occupation_715010,715010,Operador De Horno De Recalentar,True,True,True
occupation_716001,716001,Colador De Horno A Presion,True,True,True
occupation_716002,716002,Colador De Moldes A Maquina Centrifugadora,True,True,True
occupation_716003,716003,"Colador En Moldes, Piezas De Metal",True,True,True
occupation_716004,716004,Fundidor De Piezas De Moldes,True,True,True
occupation_716005,716005,Operador De Maquina Centrifugadora De Colada,True,True,True
occupation_716006,716006,Operador De Maquina De Colar De Presion,True,True,True
occupation_716007,716007,Operador De Maquina Colada Continua De Tubos Y Varillas,True,True,True
occupation_717001,717001,Preparador De Moldes Sobre Banco,True,True,True
occupation_717002,717002,Constructor De Machos A Mano,True,True,True
occupation_717003,717003,Constructor De Machos A Maquina,True,True,True
occupation_717004,717004,Machero A Mano,True,True,True
occupation_717005,717005,Machero A Maquina,True,True,True
occupation_717006,717006,Moldeador A Maquina,True,True,True
occupation_717007,717007,Moldeador De Artesa,True,True,True
occupation_717008,717008,Moldeador De Caja,True,True,True
occupation_717009,717009,Preparador De Moldes En El Suelo Y En Fosas,True,True,True
occupation_717010,717010,Preparador De Moldes A Maquina,True,True,True
occupation_718001,718001,Bronceador,True,True,True
occupation_718002,718002,Cementador De Metales,True,True,True
occupation_718003,718003,Cementador De Metales Por Nutricion,True,True,True
occupation_718004,718004,Cementador De Metales Por Cianurizacion,True,True,True
occupation_718005,718005,Cementador De Metales Por Carbonizacion,True,True,True
occupation_718006,718006,Conductor De Prensa De Estirar Metales,True,True,True
occupation_718007,718007,Cromador,True,True,True
occupation_718008,718008,"Electroplastia, Galvanizador",True,True,True
occupation_718009,718009,Ementador De Metales,True,True,True
occupation_718010,718010,Estirador De Tubos Sin Soldadura,True,True,True
occupation_718011,718011,Extrusor De Metales,True,True,True
occupation_718012,718012,Galvanizador En Baðo Caliente,True,True,True
occupation_718013,718013,Metalizador A Pistola,True,True,True
occupation_718014,718014,Metalizador En Baðo Caliente,True,True,True
occupation_718015,718015,Niquelador,True,True,True
occupation_718016,718016,Normalizador De Metales,True,True,True
occupation_718017,718017,Operador De Maquina Recubridora De Alambre,True,True,True
occupation_718018,718018,Otros Galvanizadores Y Recubridores De Metales,True,True,True
occupation_718019,718019,Plateador,True,True,True
occupation_718020,718020,Pulverizador De Metal A Pistola,True,True,True
occupation_718021,718021,"Puntero, Metales",True,True,True
occupation_718022,718022,Recocedor De Metales,True,True,True
occupation_718023,718023,Revestidor En Baðo Caliente,True,True,True
occupation_718024,718024,Templador De Metales,True,True,True
occupation_718025,718025,Trefilador A Mano,True,True,True
occupation_718026,718026,Trefilador A Maquina,True,True,True
occupation_718027,718027,Zincador En Baðo Caliente,True,True,True
occupation_719001,719001,Decapador De Metales,True,True,True
occupation_719002,719002,Desbastador De Piezas De Moldeo,True,True,True
occupation_719003,719003,Limpiador De Metales,True,True,True
occupation_719004,719004,Limpiador De Metales Por Ondas Ultrasonicas,True,True,True
occupation_719005,719005,"Limpiador Por Chorro De Arena, Metales",True,True,True
occupation_719006,719006,"Operador De Soplador De Arena, Para Limpiar Metales",True,True,True
occupation_719007,719007,Pavonador De Metales,True,True,True
occupation_719008,719008,Pulidor De Piezas De Metal Colado,True,True,True
occupation_719009,719009,Pulidor De Piezas De Moldeo,True,True,True
occupation_721001,721001,Impregnador De Madera,True,True,True
occupation_721002,721002,Operador De Horno De Secado De Madera,True,True,True
occupation_721003,721003,Secador De Madera,True,True,True
occupation_722001,722001,"Aserrador En General, Serrerias",True,True,True
occupation_722002,722002,Clasificador De Madera,True,True,True
occupation_722003,722003,Conductor De Descortezadora,True,True,True
occupation_722004,722004,Cortador  De Chapa De Madera,True,True,True
occupation_722005,722005,Cortador De Paja De Madera,True,True,True
occupation_722006,722006,Descortezador A Maquina,True,True,True
occupation_722007,722007,Encolador De Chapas De Madera,True,True,True
occupation_722008,722008,Operador De Maquina Peladora Para Chapas,True,True,True
occupation_722009,722009,"Operador De Maquina Intercaladora De Chapas, Contrachapado",True,True,True
occupation_722010,722010,Operador De Prensa De Contrachapado,True,True,True
occupation_722011,722011,Operador De Prensa De Madera Terciada,True,True,True
occupation_722012,722012,Operador De Sierra De Cinta,True,True,True
occupation_722013,722013,Operador De Sierras De Recortar Tablas,True,True,True
occupation_722014,722014,"Serruchador,Aserradero",True,True,True
occupation_723001,723001,Blanqueador De Pasta Para Papel,True,True,True
occupation_723002,723002,Conductor De Desfibradora De Madera,True,True,True
occupation_723003,723003,"Conductor De Mojadoras, Pasta De Papel",True,True,True
occupation_723004,723004,"Conductor De Trituradoras, Pulpa De Madera",True,True,True
occupation_723005,723005,"Cortador De Trapos, Pasta De Papel",True,True,True
occupation_723006,723006,Cortador De Viruta Para Pulpa De Madera,True,True,True
occupation_723007,723007,Desfibrador Raspador De Madera,True,True,True
occupation_723008,723008,"Lejiador, Pasta Para Papel",True,True,True
occupation_723009,723009,"Operador De Batidora, Pulpa De Madera",True,True,True
occupation_723010,723010,"Operador De Caldera, Pasta Para Papel",True,True,True
occupation_723011,723011,Operador De Maquina De Triturar Madera,True,True,True
occupation_723012,723012,Operador De Pasta Para Papel En General,True,True,True
occupation_723013,723013,Pasta De Papel Laurente,True,True,True
occupation_723014,723014,Refinador De Pasta De Papel,True,True,True
occupation_723015,723015,"Trapero,Preparacion De Pasta Para Papel",True,True,True
occupation_724001,724001,"Conductor De Charoladora, Papel",True,True,True
occupation_724002,724002,"Conductor De Engomadora, Papel",True,True,True
occupation_724003,724003,"Conductor De Gofradora, Papel",True,True,True
occupation_724004,724004,"Conductor De Onduladora, Papel",True,True,True
occupation_724005,724005,"Conductor De Parafinadora, Papel",True,True,True
occupation_724006,724006,Operador De Calandria De Papel,True,True,True
occupation_724007,724007,"Operador Maquina De Fabricar Papel, Fase Humeda, Fase Seca",True,True,True
occupation_724008,724008,Operador De Maquina De Aprestar Papel,True,True,True
occupation_724009,724009,"Operador De Maquina Para Secado Y Enrollado, Papel",True,True,True
occupation_724010,724010,"Papelero, Fabricacion A Mano",True,True,True
occupation_724011,724011,Plisador De Papel,True,True,True
occupation_724012,724012,Satinador-Calandrador De Papel,True,True,True
occupation_731001,731001,"Moledor, Procedimientos Quimicos Afines",True,True,True
occupation_731002,731002,"Molinero, Tratamiento De Productos Quimicos Afines",True,True,True
occupation_731003,731003,Operador De Batidora De Helice,True,True,True
occupation_731004,731004,"Operador De Maquina Mezcladora, Tratamiento Quimico Afines",True,True,True
occupation_731005,731005,"Operador De Quebrantadora, Tratamiento Quimicos Afines",True,True,True
occupation_731006,731006,"Triturador-Pulperizador, Procedimientos Quimicos Y Afines",True,True,True
occupation_732001,732001,"Calcinador, Tratamientos Quimicos Y Afines",True,True,True
occupation_732002,732002,"Cocedor, Tratamientos Quimicos Y Afines",True,True,True
occupation_732003,732003,"Cuadrista (De Sistesis, Gas)",True,True,True
occupation_732004,732004,Deshidratador De Disoluciones Quimicos Por Pulverizacion,True,True,True
occupation_732005,732005,"Hornero, Fabricacion De Electrodos",True,True,True
occupation_732006,732006,"Hornero, Hornos Calcinacion, Tratamientos Quimicos Y Afines",True,True,True
occupation_732007,732007,"Operador De Autoclave, Tratamientos Quimicos Y Afines",True,True,True
occupation_732008,732008,"Operador De Caldera, Tratamientos Quimicos Y Afines",True,True,True
occupation_732009,732009,"Operador Hornos Calcinacion, Tratamientos Quimicos Y Afines",True,True,True
occupation_732010,732010,"Operador De Marmita, Tratamientos Quimicos Y Afines",True,True,True
occupation_732011,732011,"Operador De Secador, Tratamientos Quimicos Y Afines",True,True,True
occupation_732012,732012,"Pulverizador,Deshidratador De Disoluciones Quimicas",True,True,True
occupation_732013,732013,"Secador Productos Quimicos, Secador Cinta Transportadora",True,True,True
occupation_732014,732014,"Tostador, Tratamientos Quimicos Y Afines",True,True,True
occupation_733001,733001,Cribador De Productos Quimicos,True,True,True
occupation_733002,733002,"Deshidratador Petroleo Crudo, Campos Extraccion",True,True,True
occupation_733004,733004,Operador De Centrifugadora,True,True,True
occupation_733005,733005,Operador De Filtro-Prensa,True,True,True
occupation_733006,733006,Operador De Filtro De Tambor Giratorio,True,True,True
occupation_733007,733007,"Operad Separadora Centrifugadora, Tratamiento Quimico Y Afi",True,True,True
occupation_733008,733008,"Tamizador, Tratamientos Quimicos Y Afines",True,True,True
occupation_734001,734001,"Destilador Productos Quimicos, Excepto Petroleo",True,True,True
occupation_734002,734002,"Destilador Productos Quimicos, Excepto Petroleo, Alambique",True,True,True
occupation_734003,734003,Destilador De Madera,True,True,True
occupation_734004,734004,Destilador De Trementina De Madera,True,True,True
occupation_734005,734005,Destilador De Resina De Trementina,True,True,True
occupation_734006,734006,"Destilador, Bebidas Alcohol, Perfumeria, Glicerina",True,True,True
occupation_734007,734007,"Licorista, Destilacion",True,True,True
occupation_734008,734008,"Operador De Aparatos Reaccion, Conversion Productos Quimico",True,True,True
occupation_734009,734009,Operador De Evaporador,True,True,True
occupation_734010,734010,Refinador De Trementina,True,True,True
occupation_735001,735001,"Bombero, Refino Del Petroleo",True,True,True
occupation_735002,735002,Destilador Del Petroleo,True,True,True
occupation_735003,735003,"Desulfurador, Refino Del Petroleo",True,True,True
occupation_735004,735004,Desulfurador Hidrocaburos,True,True,True
occupation_735005,735005,"Mezclador, Refino Del Petroleo",True,True,True
occupation_735006,735006,Operador De Cuadro De Control Refino Del Petroleo,True,True,True
occupation_735007,735007,Operador De Filtros De Parafina,True,True,True
occupation_735008,735008,"Operador De Turbinas, Refino Del Petroleo",True,True,True
occupation_735009,735009,"Refino Del Petroleo,Bombero",True,True,True
occupation_736001,736001,Hilador De Nylon,True,True,True
occupation_736002,736002,Hilador De Rayon Y Similares,True,True,True
occupation_737001,737001,Ahumador De Latex,True,True,True
occupation_737003,737003,"Hornero, Coqueria",True,True,True
occupation_737004,737004,Lavador De Materias Quimicas,True,True,True
occupation_737016,737016,Operador De Bateria De Gas De Hulla,True,True,True
occupation_737017,737017,"Operador De Coqueria, Carbon De Coque",True,True,True
occupation_737018,737018,"Operador De Equipo Electronico,Tratamientos Quimicos",True,True,True
occupation_737019,737019,Operador De Planta Para Licuefaccion De Gas,True,True,True
occupation_737020,737020,Preparador De Almidon,True,True,True
occupation_737021,737021,Preparador De Glucosa,True,True,True
occupation_737022,737022,Preparador De Pigmentos,True,True,True
occupation_741001,741001,Alimentadores De Cardas,True,True,True
occupation_741002,741002,Batidor De Fibra,True,True,True
occupation_741003,741003,Canalero Textil,True,True,True
occupation_741004,741004,Cardador De Fibras,True,True,True
occupation_741005,741005,Clasificador De Fibra,True,True,True
occupation_741006,741006,Desfibrador De Lino O Yute,True,True,True
occupation_741007,741007,"Desmotador, Textil",True,True,True
occupation_741008,741008,"Despepitador, Algodon",True,True,True
occupation_741009,741009,Diablero,True,True,True
occupation_741010,741010,Emborrador De Lana,True,True,True
occupation_741011,741011,Escogedor De Fibra,True,True,True
occupation_741012,741012,Espapador,True,True,True
occupation_741013,741013,Estirador De Fibra,True,True,True
occupation_741014,741014,Lavador De Lana,True,True,True
occupation_741015,741015,Manuarera,True,True,True
occupation_741016,741016,Mezclador De Fibra,True,True,True
occupation_741017,741017,"Motosa O Raparadora, Seda",True,True,True
occupation_741018,741018,Napador De Fibra,True,True,True
occupation_741019,741019,Peinador De Fibra,True,True,True
occupation_741020,741020,Rastrillador De Lino,True,True,True
occupation_741021,741021,Torcedor De Mechas,True,True,True
occupation_741022,741022,Triador De Fibra,True,True,True
occupation_742001,742001,"Aspeador, Textil",True,True,True
occupation_742002,742002,"Bobinador, Textil",True,True,True
occupation_742003,742003,"Devanador, Textil",True,True,True
occupation_742004,742004,"Encarretador, Textil",True,True,True
occupation_742005,742005,Hilador De Torno,True,True,True
occupation_742006,742006,"Hilandero, Hilo E Hilaza",True,True,True
occupation_742007,742007,"Ovillador, Textil",True,True,True
occupation_742008,742008,"Pelotero, Textil",True,True,True
occupation_742009,742009,Plegador De Hilos,True,True,True
occupation_742010,742010,Retorcedor De Hilo O Hilaza,True,True,True
occupation_742011,742011,"Rodetero, Textil",True,True,True
occupation_742012,742012,Torcedor De Hilo O Hilaza,True,True,True
occupation_742013,742013,Trascanador De Madejas,True,True,True
occupation_743001,743001,Ajustador De Maquina Para Tejidos De Punto,True,True,True
occupation_743002,743002,"Ajustador De Peines, Telares",True,True,True
occupation_743003,743003,Ajustador De Telares,True,True,True
occupation_743004,743004,Ajustador De Telar Jacquard,True,True,True
occupation_743005,743005,Copista De Diseðos Para Cartones Jacquard,True,True,True
occupation_743006,743006,Enlazador De Cartones Jacquard,True,True,True
occupation_743007,743007,Operador De Maquinas De Reproduccion Cartones Para Tejidos,True,True,True
occupation_743008,743008,Picador De Cartones Jacquard,True,True,True
occupation_744001,744001,Tejedor De Alfombras A Mano,True,True,True
occupation_744002,744002,Tejedor De Alfombras En Telar Accionado A Mano,True,True,True
occupation_744003,744003,"Tejedor De Tapices,En Telar Accionado A Mano",True,True,True
occupation_744004,744004,Tejedor De Telar A Mano,True,True,True
occupation_744005,744005,Tejedor Ponchos O Mantas Telar Accionado A Mano,True,True,True
occupation_745001,745001,Confeccionador De Velos Y Mantillas A Maquina,True,True,True
occupation_745002,745002,Comprobador De Tejidos,True,True,True
occupation_745003,745003,Controlador De Tejidos,True,True,True
occupation_745004,745004,Controlador De Maquina Lectora Tejedora(Alfombras),True,True,True
occupation_745005,745005,Recontadora De Alfombras,True,True,True
occupation_745006,745006,Remendador De Tejidos,True,True,True
occupation_745007,745007,Reparadora De Alfombras,True,True,True
occupation_745008,745008,"Revisor De Tejidos, Obreros",True,True,True
occupation_745009,745009,Tejedor De Alfombra A Maquina,True,True,True
occupation_745010,745010,Tejedor De Redes,True,True,True
occupation_745011,745011,Tejedor De Tul,True,True,True
occupation_745012,745012,Tejedor De Telar Mecanico,True,True,True
occupation_745013,745013,Tejedor De Telar Jacquard,True,True,True
occupation_745014,745014,Urdidor,True,True,True
occupation_745015,745015,Zurcidor De Tejidos,True,True,True
occupation_746001,746001,"Calcetero,Tejedor A Maquina",True,True,True
occupation_746002,746002,Confeccionador De Tejidos De Punto,True,True,True
occupation_746003,746003,Operador De Maquina De Tricot,True,True,True
occupation_746004,746004,"Tejedor A Maquina, Generos De Punto",True,True,True
occupation_746005,746005,"Tejedor A Maquina, Calceteria",True,True,True
occupation_746006,746006,"Tejedor De Calceteria, Con Bastidor Mecanico",True,True,True
occupation_746007,746007,Tejedor De Punto En Maquina Hilan O Raschel,True,True,True
occupation_747001,747001,Calcetero A Mano,True,True,True
occupation_747002,747002,Tejedor De Punto En Bastidor Manual,True,True,True
occupation_747003,747003,Tejedor De Punto En Maquina Accionada A Mano,True,True,True
occupation_747004,747004,Tejedor De Punto A Mano,True,True,True
occupation_748001,748001,Acabador De Tejidos,True,True,True
occupation_748002,748002,Aderezador De Seda,True,True,True
occupation_748003,748003,Aprestador De Tejidos,True,True,True
occupation_748004,748004,Blanqueador,True,True,True
occupation_748005,748005,Carbonizador De Lana,True,True,True
occupation_748006,748006,Cargador De Seda,True,True,True
occupation_748007,748007,Cepillador De Pana,True,True,True
occupation_748008,748008,Desborrador De Textiles,True,True,True
occupation_748009,748009,Descrudador De Productos Textiles,True,True,True
occupation_748010,748010,Desgomador De Seda,True,True,True
occupation_748011,748011,Encogedor De Productos Textiles,True,True,True
occupation_748012,748012,"Encolador, Textiles",True,True,True
occupation_748013,748013,"Gaseador, Textiles",True,True,True
occupation_748014,748014,Impermeabilizador De Productos Textiles,True,True,True
occupation_748015,748015,Impregnador De Productos Textiles,True,True,True
occupation_748016,748016,Lavador De Hilados Y Productos Textiles,True,True,True
occupation_748017,748017,"Operador De Calandrias,Tejidos",True,True,True
occupation_748018,748018,Perchador De Textiles,True,True,True
occupation_748019,748019,Pilatero O Batanero,True,True,True
occupation_748020,748020,Planchador De Generos Acabados,True,True,True
occupation_748021,748021,Preparador De Aprestos Textiles,True,True,True
occupation_748022,748022,"Pulidor,Textiles",True,True,True
occupation_748023,748023,Sanforizador,True,True,True
occupation_748024,748024,"Secador,Fabricacion De Textiles",True,True,True
occupation_748025,748025,Tintorero De Fibras,True,True,True
occupation_748026,748026,Tintorero De Hilados,True,True,True
occupation_748027,748027,Tintorero De Ropas,True,True,True
occupation_748028,748028,Tintorero De Tejidos,True,True,True
occupation_749001,749001,Confeccionador De Conos De Fieltro Para Sombreros,True,True,True
occupation_749002,749002,Cordonero A Mano,True,True,True
occupation_749003,749003,Cordonero A Maquina,True,True,True
occupation_749004,749004,Encajadero A Mano,True,True,True
occupation_749005,749005,Flequero A Maquina,True,True,True
occupation_749006,749006,Flequero A Mano,True,True,True
occupation_749007,749007,Galonero A Maquina,True,True,True
occupation_749008,749008,Ganchillero A Mano,True,True,True
occupation_749009,749009,Hormador De Boinas,True,True,True
occupation_749010,749010,Mallero,True,True,True
occupation_749011,749011,Montador De Redes A Mano,True,True,True
occupation_749012,749012,"Hilanderos, Tejedores, Tintoreros, Trabajadores Asimilados",True,True,True
occupation_749013,749013,Pasamanero A Mano,True,True,True
occupation_749014,749014,Pasamanero A Maquina,True,True,True
occupation_749015,749015,"Preparador De Fieltro, A Maquina",True,True,True
occupation_749016,749016,Federo A Mano,True,True,True
occupation_749017,749017,Tejedor De Redes A Mano,True,True,True
occupation_749018,749018,Teje Pulseras,True,True,True
occupation_751001,751001,Adobador De Cueros,True,True,True
occupation_751002,751002,Clasificador De Cueros Y Pellejos,True,True,True
occupation_751003,751003,"Cortador De Cueros,Curtidores",True,True,True
occupation_751004,751004,Curtidor De Cueros,True,True,True
occupation_751005,751005,Descarnador De Cueros A Mano,True,True,True
occupation_751006,751006,Descarnador De Cueros A Maquina,True,True,True
occupation_751007,751007,Hendedor De Cueros O Cortador De Cueros,True,True,True
occupation_751008,751008,Lavador De Cueros,True,True,True
occupation_751009,751009,Lustrador De Cueros,True,True,True
occupation_751010,751010,Operador De Maquinas De Dividir Cueros,True,True,True
occupation_751011,751011,Operador De Rebanadora De Cueros,True,True,True
occupation_751012,751012,Pelador De Cueros A Mano,True,True,True
occupation_751013,751013,Pelador De Cueros Y Pellejos A Maquina,True,True,True
occupation_751014,751014,Pelambrero,True,True,True
occupation_751015,751015,"Pellejero, Curtidor",True,True,True
occupation_751016,751016,Teðidor De Cueros,True,True,True
occupation_751017,751017,Tintorero De Cueros,True,True,True
occupation_752001,752001,Adobador De Pieles,True,True,True
occupation_752002,752002,Clasificador De Pieles,True,True,True
occupation_752003,752003,Depilador De Pieles,True,True,True
occupation_752004,752004,Descarnador De Pieles,True,True,True
occupation_752005,752005,Escogedor De Pieles Sin Tratar,True,True,True
occupation_752006,752006,Estirador De Pieles,True,True,True
occupation_752007,752007,"Igualador De Pelo,Pieles",True,True,True
occupation_752008,752008,Rasurador De Pieles,True,True,True
occupation_752009,752009,Suavizador De Pieles,True,True,True
occupation_752010,752010,Teðidor De Pieles A Mano,True,True,True
occupation_752011,752011,Tintorero De Pieles A Mano,True,True,True
occupation_761001,761001,"Aventador De Granos,Molino",True,True,True
occupation_761002,761002,Despolvador De Granos,True,True,True
occupation_761003,761003,Molinero De Arroz,True,True,True
occupation_761004,761004,Molinero De Cereales,True,True,True
occupation_761005,761005,Molinero De Especias,True,True,True
occupation_761006,761006,Molinero De Granos,True,True,True
occupation_761007,761007,Operador De Pilon De Maiz,True,True,True
occupation_761008,761008,Pesador De Granos,True,True,True
occupation_761009,761009,Pulidor De Arroz,True,True,True
occupation_761010,761010,Revolvedor De Granos,True,True,True
occupation_761011,761011,Salvadero,True,True,True
occupation_761012,761012,Secador De Arroz,True,True,True
occupation_761013,761013,Semolero,True,True,True
occupation_762001,762001,"Carbonador, Refinacion De Azucar",True,True,True
occupation_762002,762002,"Cocedor, Refinacion De Azucar",True,True,True
occupation_762003,762003,"Comportero, Refinacion De Azucar",True,True,True
occupation_762004,762004,Macerador De Remolacha,True,True,True
occupation_762005,762005,"Operador De Cristalizadora, Refinacion De Azucar",True,True,True
occupation_762006,762006,"Operador De Difusor, Azucar De Remolacha",True,True,True
occupation_762007,762007,"Operad. Instalaciones Proceso Continuo, Refin. Azucar",True,True,True
occupation_762008,762008,Operador De Maquina Pulverizadora De Azucar,True,True,True
occupation_762009,762009,"Trapichero, Caða De Azucar",True,True,True
occupation_763001,763001,"Camalero, Matarife",True,True,True
occupation_763002,763002,Chacinero,True,True,True
occupation_763003,763003,Charcutero,True,True,True
occupation_763004,763004,Choricero,True,True,True
occupation_763005,763005,Cortador De Carne,True,True,True
occupation_763006,763006,Degollador De Reses,True,True,True
occupation_763007,763007,"Descuartizador De Reses, Matarife",True,True,True
occupation_763008,763008,Deshuesador,True,True,True
occupation_763009,763009,"Despostador, Carnes",True,True,True
occupation_763010,763010,"Despojero, Mataderos",True,True,True
occupation_763011,763011,Escargado De Matadero,True,True,True
occupation_763012,763012,"Fiambrero, Carnes",True,True,True
occupation_763013,763013,Mantequero (Manteca),True,True,True
occupation_763014,763014,Matancero,True,True,True
occupation_763015,763015,Matancero En General,True,True,True
occupation_763016,763016,Matarife,True,True,True
occupation_763017,763017,"Puntillero,Mataderos",True,True,True
occupation_763018,763018,"Tablajero, Carnes",True,True,True
occupation_763019,763019,Tripero,True,True,True
occupation_764001,764001,Acecinador,True,True,True
occupation_764002,764002,"Aceitador De Lleno Y Vacio, Conservas De Pescado",True,True,True
occupation_764003,764003,Aderezador De Aceitunas,True,True,True
occupation_764004,764004,Ahumador De Carnes Y Pescado,True,True,True
occupation_764005,764005,Capataz O Contramaestre De La Conservacion De Alimentos,True,True,True
occupation_764006,764006,"Cocedor-Conservero, En General",True,True,True
occupation_764007,764007,Cocedor De Salsas Y Condimentos,True,True,True
occupation_764008,764008,Cocedor-Esterilizador,True,True,True
occupation_764009,764009,Congelador De Alimentos,True,True,True
occupation_764010,764010,Curador De Carne O Pescado,True,True,True
occupation_764011,764011,Deshidratador De Alimentos,True,True,True
occupation_764012,764012,Enlatador De Pescado,True,True,True
occupation_764013,764013,Escabechero,True,True,True
occupation_764014,764014,"Limpiador De Frutas Y Hortalizas,Para Conservas",True,True,True
occupation_764015,764015,Obrero De La Prepac. Y Conserv.  De Frutas Secas,True,True,True
occupation_764016,764016,"Operador De Evaporadora, Extractos Alimenticios",True,True,True
occupation_764017,764017,"Pelador De Frutas Y Hortalizas,Para Conservas",True,True,True
occupation_764018,764018,Preparador De Mermeladas,True,True,True
occupation_764019,764019,Preparador De Jamones O Jamonero,True,True,True
occupation_764020,764020,"Preparador De Bocaditos Envasados(Papa Frita,Camote,Etc)",True,True,True
occupation_764021,764021,Preparador De Alimentos Concentrados,True,True,True
occupation_764022,764022,Preparador De Charqui,True,True,True
occupation_764023,764023,Rellenador De Aceitunas,True,True,True
occupation_764024,764024,"Salador De Alimentos,Carnes Y Pescado",True,True,True
occupation_764025,764025,Salazonero,True,True,True
occupation_764026,764026,Salchichero,True,True,True
occupation_764027,764027,Secador De Pescado Al Sol,True,True,True
occupation_764028,764028,"Tonelero-Salador, Pesca",True,True,True
occupation_765001,765001,Cultivador De Fermentos Lacteos,True,True,True
occupation_765002,765002,Desecador-Pulverizador De Leche En Polvo,True,True,True
occupation_765003,765003,Esterilizador De Productos Lacteos,True,True,True
occupation_765004,765004,"Heladero,Fabricacion",True,True,True
occupation_765005,765005,Higienizador De Leche,True,True,True
occupation_765006,765006,Horchatero,True,True,True
occupation_765007,765007,"Leche Condensada, Preparador",True,True,True
occupation_765008,765008,Mantequillero O Mazador,True,True,True
occupation_765009,765009,Moldeador De Mantequilla,True,True,True
occupation_765010,765010,Operador De Batidora De Helados,True,True,True
occupation_765011,765011,Operador De Maquina De Homogenizacion De La Leche,True,True,True
occupation_765012,765012,Pasteurizador De Leche Y Productos Lacteos,True,True,True
occupation_765013,765013,Preparador De Manjarblanco Y Natillas,True,True,True
occupation_765014,765014,Preparador De Leche Condensada,True,True,True
occupation_765015,765015,Preparador De Yougurt Y Cremas,True,True,True
occupation_765016,765016,Quesero,True,True,True
occupation_765017,765017,Refrigerador De Leche O Productos Lacteos,True,True,True
occupation_765018,765018,Requesonero,True,True,True
occupation_765019,765019,Salador De Queso,True,True,True
occupation_766001,766001,Amasador De Pan,True,True,True
occupation_766002,766002,Arropiero,True,True,True
occupation_766003,766003,Catador De Cafe O De Te,True,True,True
occupation_766004,766004,Clasificador De Cafe O De Te,True,True,True
occupation_766005,766005,"Chancaquero, Elaborador De Chancaca",True,True,True
occupation_766006,766006,"Chocolatero, Preparador",True,True,True
occupation_766007,766007,"Churrero, Preparador",True,True,True
occupation_766008,766008,"Colocador De Tablas, Panaderia",True,True,True
occupation_766009,766009,"Confitero, Preparador",True,True,True
occupation_766010,766010,"Dulcero, Preparador",True,True,True
occupation_766011,766011,Escarchador De Frutas,True,True,True
occupation_766012,766012,Fidero,True,True,True
occupation_766013,766013,"Galletas, Fabricacion, Operador Maquinas Sobadora De Masa",True,True,True
occupation_766014,766014,"Galletas, Operador De Troquel",True,True,True
occupation_766015,766015,"Goma Mascar, Chicle, Operador Maquinas De Fabricar",True,True,True
occupation_766016,766016,Hojaldrista,True,True,True
occupation_766017,766017,Hornero De Pan,True,True,True
occupation_766018,766018,Laminador De Chocolates,True,True,True
occupation_766019,766019,Laminador De Galletas,True,True,True
occupation_766020,766020,"Mazapan, Confeccionador",True,True,True
occupation_766021,766021,"Mezclador De Ingredientes, Fabricacion Chocolate",True,True,True
occupation_766022,766022,"Melcochero, Preparador",True,True,True
occupation_766023,766023,Mezclador De Cafe,True,True,True
occupation_766024,766024,Mezclador De Te,True,True,True
occupation_766025,766025,Molinero De Cafe,True,True,True
occupation_766026,766026,Molinero De Cacao,True,True,True
occupation_766027,766027,"Molinero De Cacao,Fabricacion De Chocolates",True,True,True
occupation_766028,766028,"Oficial De Masa O De Pala,Panaderia",True,True,True
occupation_766029,766029,Operador De Maquina De Fabricar Pastas Alimenticias,True,True,True
occupation_766030,766030,"Operador De Maquina De Goma De Mascar,Chicle",True,True,True
occupation_766031,766031,"Operador Maq.Calibradora-Cortadora Masa, Fabric. De Galleta",True,True,True
occupation_766032,766032,"Operador Maq.Sobadora Masa, Fabricacion Galletas",True,True,True
occupation_766033,766033,Operador De Troquel De Galletas,True,True,True
occupation_766034,766034,"Panadero-Pastelero,En General",True,True,True
occupation_766035,766035,"Pastelero, Preparador",True,True,True
occupation_766036,766036,"Prensador De Cacao, Fabricacion De Chocolate",True,True,True
occupation_766037,766037,Preparador Pastas Pasteleria En Moldes A Maquina,True,True,True
occupation_766038,766038,Preparador De Pastas Alimenticias,True,True,True
occupation_766039,766039,"Repostero,Elaboracion De Pasteles Y Otros",True,True,True
occupation_766040,766040,Torrefactor De Cafe,True,True,True
occupation_766041,766041,Torrefactor De Achicoria Y Otros Sucedaneos,True,True,True
occupation_766042,766042,Tostador De Cafe,True,True,True
occupation_766043,766043,Tostador De Cacao,True,True,True
occupation_766044,766044,"Turronero, Preparador",True,True,True
occupation_767001,767001,Acetificador,True,True,True
occupation_767002,767002,Capataz O Contramaestre De Elaboracion De Bebidas,True,True,True
occupation_767003,767003,Catador De Vinos Y Licores,True,True,True
occupation_767004,767004,"Cervecero, Germinacion",True,True,True
occupation_767005,767005,Clasificador De Vinos,True,True,True
occupation_767006,767006,Enfrascador De Vinos,True,True,True
occupation_767007,767007,Cocedor De Malta,True,True,True
occupation_767008,767008,"Cocedor De Mosto, Cerveza",True,True,True
occupation_767009,767009,Desecador De Malta,True,True,True
occupation_767010,767010,Fermentador,True,True,True
occupation_767011,767011,Fermentador De Vinos,True,True,True
occupation_767012,767012,Filtrador De Cerveza,True,True,True
occupation_767013,767013,Gaseador De Sidra,True,True,True
occupation_767014,767014,"Lagarero, Vinos",True,True,True
occupation_767015,767015,"Lavador De Pasta,Sidra",True,True,True
occupation_767016,767016,"Maltero, Germinacion",True,True,True
occupation_767017,767017,Mezclador De Vinos,True,True,True
occupation_767023,767023,Operador De Prensas De Frutas,True,True,True
occupation_767024,767024,Pisador De Uva,True,True,True
occupation_767025,767025,Prensador De Uva,True,True,True
occupation_767026,767026,Preparador De Bebidas Carbonicas Y Jarabes,True,True,True
occupation_767027,767027,Secador De Malta,True,True,True
occupation_767028,767028,Sidrero,True,True,True
occupation_767029,767029,Trasegador De Vinos,True,True,True
occupation_767030,767030,Vinagrero,True,True,True
occupation_768001,768001,Almazarero,True,True,True
occupation_768002,768002,Descascarador O Tostador De Mani,True,True,True
occupation_768003,768003,Descascarador De Frutas Secas,True,True,True
occupation_768004,768004,Descascarador De Nueces,True,True,True
occupation_768005,768005,Despinador De Pejerreyes Y Otros Pescados,True,True,True
occupation_768006,768006,Extractor De Aceite De Orujo,True,True,True
occupation_768007,768007,Hidrogenador De Aceites Y Grasas,True,True,True
occupation_768008,768008,Limpiador De Camarones,True,True,True
occupation_768009,768009,Limpiador De Pejerreyes Y Otros Pescados,True,True,True
occupation_768010,768010,"Operador De Desdobladora, Aceite Y Derivados",True,True,True
occupation_768011,768011,"Operador De Hidrogenadora, Aceite Y Derivados",True,True,True
occupation_768012,768012,"Operador De Maq. Coaguladora, Grasa Vegetales",True,True,True
occupation_768013,768013,Pelador De Camarones,True,True,True
occupation_768014,768014,Pelador De Mani,True,True,True
occupation_768015,768015,"Pescadero, Limpiador De Pescado",True,True,True
occupation_768016,768016,Preparador De Margarina,True,True,True
occupation_768017,768017,Refinador De Aceites Y Grasas,True,True,True
occupation_768018,768018,Tostador De Cacahuates O Almendras,True,True,True
occupation_768019,768019,Preparador De Tamales,True,True,True
occupation_769001,769001,"Abridor De Capa Y Capillos,Elaboracion Cigarro",True,True,True
occupation_769002,769002,Acondicionador De Tabaco,True,True,True
occupation_769003,769003,Cigarrero A Mano,True,True,True
occupation_769004,769004,Cigarrero A Maquina,True,True,True
occupation_769005,769005,Clasificador De Cigarros,True,True,True
occupation_769006,769006,Clasificador De Tabaco,True,True,True
occupation_769007,769007,Despalillador De Tabaco A Mano,True,True,True
occupation_769008,769008,Despalillador De Tabaco A Maquina,True,True,True
occupation_769009,769009,Desvenador De Tabaco A Mano,True,True,True
occupation_769010,769010,Desvenador De Tabaco A Maquina,True,True,True
occupation_769011,769011,Enfriador De Tabaco,True,True,True
occupation_769012,769012,Escogedor De Tabaco,True,True,True
occupation_769013,769013,Humectador De Tabaco,True,True,True
occupation_769014,769014,"Laminador De Vena,Tabaco",True,True,True
occupation_769015,769015,Ligador De Tabaco,True,True,True
occupation_769016,769016,Mezclador De Tabaco,True,True,True
occupation_769017,769017,Mojador De Tabaco,True,True,True
occupation_769018,769018,Operador De Maquina De Picar Tabaco,True,True,True
occupation_769019,769019,Operador De Maquina Secadora De Tabaco,True,True,True
occupation_769020,769020,Operador De Maquina De Hacer Cigarrillos,True,True,True
occupation_769021,769021,Operador De Maquina De Hacer Filtros Cigarrillos,True,True,True
occupation_769022,769022,Operador Maq. Estampar Marcas De Los Cigarrillos,True,True,True
occupation_769023,769023,Operador De Maquina De Embolsar Cigarrillos,True,True,True
occupation_769024,769024,Oreador De Tabaco,True,True,True
occupation_769025,769025,Picador De Tabaco,True,True,True
occupation_769026,769026,Prensador De Cigarrillos,True,True,True
occupation_769027,769027,Prensador De Tabaco De Mascar,True,True,True
occupation_769028,769028,Preparador De Rape,True,True,True
occupation_769029,769029,Preparador De Picadura De Tabaco Para Pipa,True,True,True
occupation_769030,769030,Purero A Mano,True,True,True
occupation_769031,769031,Refrescador De Tabaco,True,True,True
occupation_769032,769032,"Rezagador, Fermentado Del Tabaco",True,True,True
occupation_769033,769033,"Rezagador De Capote, Elaboracion De Cigarrillos",True,True,True
occupation_769034,769034,"Rezagador De Capa, Elaboracion De Cigarros",True,True,True
occupation_769035,769035,Tendedor De Tabaco,True,True,True
occupation_769036,769036,Terrefactor De Tabaco,True,True,True
occupation_769037,769037,"Torcedor De Tabaco A Mano,Elaboracion Cigarros",True,True,True
occupation_769038,769038,Torcedor De Tabaco A Maq. Elaboracion De Cigarros,True,True,True
occupation_771001,771001,Camisera,True,True,True
occupation_771002,771002,Corsetera,True,True,True
occupation_771003,771003,Costurera-Modista,True,True,True
occupation_771004,771004,"Chalequero,Confeccion En Serie",True,True,True
occupation_771005,771005,"Maestro De Aguja Y Mesa,Sastre",True,True,True
occupation_771006,771006,Modista De Teatro,True,True,True
occupation_771007,771007,"Modiston, Modisto",True,True,True
occupation_771008,771008,"Pantalonero, Confeccion En Serie",True,True,True
occupation_771009,771009,"Sastre, Confeccion En Serie",True,True,True
occupation_771010,771010,"Sastre, A Medida",True,True,True
occupation_771011,771011,"Sastre, Cortador",True,True,True
occupation_772001,772001,Acabador De Trabajos De Peleteria,True,True,True
occupation_772002,772002,Bordadores A Mano O A Maquina En General,True,True,True
occupation_772003,772003,Clavador De Pieles,True,True,True
occupation_772004,772004,Combinador De Pieles Valiosas,True,True,True
occupation_772005,772005,"Cosedor A Mano Y A Maquina, En General",True,True,True
occupation_772006,772006,"Cosedor A Mano Prendas Vestir,Excepto Calzado Cuero",True,True,True
occupation_772007,772007,Cosedor A Mano De Prendas De Peleteria,True,True,True
occupation_772008,772008,Cosedor A Maquina-Remalladores,True,True,True
occupation_772009,772009,Escogedor Y Combinador De Pieles Valiosas,True,True,True
occupation_772010,772010,Manguitero O Peletero,True,True,True
occupation_772011,772011,Peletero,True,True,True
occupation_773001,773001,Acabador Y Adornador De Sombreros,True,True,True
occupation_773002,773002,Operador De Maquinas De Sombreros De Fieltro,True,True,True
occupation_773003,773003,"Sombrerero,Inclusive De Sombreros De Paja",True,True,True
occupation_774001,774001,Cortador De Guantes,True,True,True
occupation_774002,774002,"Cortador Prendas Vestir,Inclusive Cuero Y Piel",True,True,True
occupation_774003,774003,"Cortador Ropa Blanca, Tapiceria, Telas Paraguas",True,True,True
occupation_774004,774004,"Cortador De Toldos Y Sombrillas, Tiendas Campaða",True,True,True
occupation_774005,774005,"Cortador De Vestidos, Inclusive De Cuero Y Piel",True,True,True
occupation_774006,774006,Cortador De Velas De Embarcaciones,True,True,True
occupation_774007,774007,"Cortador, Sastreria",True,True,True
occupation_774008,774008,"Patronista Prendas Vestir, Lenceria, Sombreros, Gorros",True,True,True
occupation_774009,774009,Patronista De Ropa Blanca,True,True,True
occupation_774010,774010,"Patronista Tiendas Campaða,Toldos,Sombrillas",True,True,True
occupation_774011,774011,Patronista De Velas De Embarcaciones,True,True,True
occupation_774012,774012,Patronista De Tela De Paraguas,True,True,True
occupation_774013,774013,"Trazador De Prendas De Vestir, Lenceria",True,True,True
occupation_775001,775001,Colchonero,True,True,True
occupation_775002,775002,Confeccionador De Colchas,True,True,True
occupation_775003,775003,Confeccionador De Cortinas,True,True,True
occupation_775004,775004,Confeccionador De Ropa De Tapiceria,True,True,True
occupation_775005,775005,Confeccionador De Edredones,True,True,True
occupation_775006,775006,Tapicero De Muebles,True,True,True
occupation_775007,775007,Tapicero De Vehiculos,True,True,True
occupation_776001,776001,Abornador De Cueros,True,True,True
occupation_776002,776002,"Artesano Del Cuero, En General",True,True,True
occupation_776003,776003,"Cosedor De Cuero (Maletas, Carteras, Bolsas)",True,True,True
occupation_776004,776004,"Cortador De Cueros, Confecciones De Articulos",True,True,True
occupation_776005,776005,Guarnicionero,True,True,True
occupation_776006,776006,"Maletero, Cuero O Marroquin",True,True,True
occupation_776008,776008,"Marroquinero, Fabricacion De Articulos De Cuero",True,True,True
occupation_776009,776009,Montador De Articulos De Cuero,True,True,True
occupation_776010,776010,Repujador De Cueros,True,True,True
occupation_776011,776011,Talabartero,True,True,True
occupation_776012,776012,Troquilador De Cueros,True,True,True
occupation_777001,777001,Acabador De Calzado,True,True,True
occupation_777002,777002,Aparador De Calzado,True,True,True
occupation_777003,777003,Armador De Calzado,True,True,True
occupation_777004,777004,"Cortador Empeines Calzado, A Maquina O A Mano",True,True,True
occupation_777005,777005,"Cortador De Palas De Calzado, A Maquina O A Mano",True,True,True
occupation_777006,777006,Cortador De Suelas,True,True,True
occupation_777007,777007,"Cosedor De Calzado, A Maquina",True,True,True
occupation_777008,777008,Despuntador De Suelas,True,True,True
occupation_777009,777009,Guarnecedor De Calzado,True,True,True
occupation_777010,777010,"Hormero, Armador De Calzado",True,True,True
occupation_777011,777011,"Lijador De Cantos, Calzado",True,True,True
occupation_777012,777012,Montador De Palas De Calzado,True,True,True
occupation_777013,777013,Montador De Suelas,True,True,True
occupation_777014,777014,Patronista Del Calzado,True,True,True
occupation_777015,777015,Preparador De Palas De Calzado,True,True,True
occupation_777016,777016,Preparador De Suelas,True,True,True
occupation_777017,777017,Zapatero Ortopedista,True,True,True
occupation_778001,778001,"Ajustador-Operador De Cepilladora, Labra Madera",True,True,True
occupation_778002,778002,"Ajustador-Operador Molduradora, Labra De Madera",True,True,True
occupation_778003,778003,"Ajustador-Operador Ranuradora, Labra De Madera",True,True,True
occupation_778004,778004,"Ajustador-Operador Torno, Labra De Madera",True,True,True
occupation_778005,778005,Ajustador-Operador De Maq. Labrar Madera En Gral,True,True,True
occupation_778006,778006,Ajustador-Operador De Sierra Mecanica De Precision,True,True,True
occupation_778007,778007,"Ajustador-Operador Torno Automatico, Labra Madera",True,True,True
occupation_778008,778008,"Ajust-Operad Fresadora-Grabadora, Labra De Madera",True,True,True
occupation_778009,778009,Ajustador De Maq. De Labrar Madera En General,True,True,True
occupation_778010,778010,Acabador De Muebles De Madera,True,True,True
occupation_778011,778011,"Carrocero, Carrocerias De Madera",True,True,True
occupation_778012,778012,Cepillador De Madera,True,True,True
occupation_778013,778013,Chapeador De Muebles De Madera,True,True,True
occupation_778014,778014,Charolador,True,True,True
occupation_778015,778015,Confeccionador Muebles Madera Para El Hogar U Oficina,True,True,True
occupation_778016,778016,Confeccionador De Articulos Madera Para Deporte,True,True,True
occupation_778017,778017,Constructor De Carretas O Carretillas(Madera),True,True,True
occupation_778018,778018,Constructor De Ataudes,True,True,True
occupation_778019,778019,Constructor De Kioscos De Madera,True,True,True
occupation_778020,778020,Curvador De Madera,True,True,True
occupation_778021,778021,"Ebanista, Marqueteria",True,True,True
occupation_778022,778022,Ebanista De Mesa De Billar,True,True,True
occupation_778023,778023,Ebanista De Pianos,True,True,True
occupation_778024,778024,Ebanistas De Estuches Para Instrumentos,True,True,True
occupation_778025,778025,"Ebanista O Carpintero En Madera, Excepto Construccion",True,True,True
occupation_778026,778026,Laqueador De Muebles De Madera,True,True,True
occupation_778027,778027,Maquetista En Madera,True,True,True
occupation_778028,778028,Modelista En Madera,True,True,True
occupation_778029,778029,Mueblista De Madera En General,True,True,True
occupation_778030,778030,"Operador De Maq. De Labrar Madera,En General",True,True,True
occupation_778031,778031,"Operador De Maquinas De Labrar, En General",True,True,True
occupation_778032,778032,"Pipero, Pipas De Fumar",True,True,True
occupation_778033,778033,Restaurador De Articulos De Madera,True,True,True
occupation_778034,778034,Tallador De Madera,True,True,True
occupation_778035,778035,"Tallista, Madera",True,True,True
occupation_778036,778036,Tonelero,True,True,True
occupation_778037,778037,"Tornero,Labra De Madera",True,True,True
occupation_778038,778038,Trazador De Ebanisteria,True,True,True
occupation_778039,778039,"Trazador, Labrado De Madera",True,True,True
occupation_778040,778040,"Tupista, Labra De Madera",True,True,True
occupation_779001,779001,"Confeccionador De Velas,Carpas Y Toldos",True,True,True
occupation_779002,779002,Confeccionador De Alfombras De Nudos A Mano,True,True,True
occupation_779003,779003,Confeccionador De Bolsas De Hilo,True,True,True
occupation_779004,779004,Confeccionador De Calzado De Caðamo,True,True,True
occupation_779005,779005,Confeccionador De Calzado De Lona,True,True,True
occupation_779006,779006,Confeccionador De Flores Artificiales(De Tela),True,True,True
occupation_779007,779007,Confeccionador De Plumeros De Tela,True,True,True
occupation_779008,779008,Guarnecedor Con Plumas De Adorno,True,True,True
occupation_779009,779009,Paraguero,True,True,True
occupation_781001,781001,"Ajustador-Modelista,Fundicion",True,True,True
occupation_781002,781002,Ajustador De Mandriles Y Calibradores,True,True,True
occupation_781003,781003,Ajustador-Modelistas Y Trazadores Matrices En Metal,True,True,True
occupation_781004,781004,"Ajustador-Operador Maq. Herramientas, En General",True,True,True
occupation_781005,781005,Ajustador-Operador De Torno,True,True,True
occupation_781006,781006,"Ajustador-Operador De Fresadora,Incluye De Metal",True,True,True
occupation_781007,781007,"Ajustador-Operador Cepilladora, Incluye Metales",True,True,True
occupation_781008,781008,Ajustador-Operador Mandriladora De Metales,True,True,True
occupation_781009,781009,Ajustador-Operador De Taladradora,True,True,True
occupation_781010,781010,"Ajustador-Operador Rectificadora, Incluye Cilindros Y Metal",True,True,True
occupation_781011,781011,Ajustador-Operador De Esmeriladora De Metales,True,True,True
occupation_781012,781012,Ajustador-Operador De Maquina De Lapidar,True,True,True
occupation_781013,781013,Ajustador-Operador De Escopleadora De Metales,True,True,True
occupation_781014,781014,Ajustador-Operador De Torno De Roscar,True,True,True
occupation_781015,781015,Ajustador-Operador De Maq. De Tallar Engranajes,True,True,True
occupation_781016,781016,Ajustador-Operador De Maquina Mortajadora,True,True,True
occupation_781017,781017,Ajustador-Operador De Maquinas De Mecanismo Numerico De Con,True,True,True
occupation_781018,781018,Ayudante De Herrero,True,True,True
occupation_781019,781019,Afilador En General,True,True,True
occupation_781020,781020,Amolador De Sierras,True,True,True
occupation_781021,781021,Armero,True,True,True
occupation_781022,781022,Carpinteria Metalica,True,True,True
occupation_781023,781023,Cepillador De Metales,True,True,True
occupation_781024,781024,Cerrajero,True,True,True
occupation_781025,781025,Combero,True,True,True
occupation_781026,781026,Confeccionador A Mano De Piezas De Metal,True,True,True
occupation_781027,781027,Escopetero,True,True,True
occupation_781028,781028,Fresador,True,True,True
occupation_781029,781029,Forjador,True,True,True
occupation_781030,781030,Herramentista,True,True,True
occupation_781031,781031,"Herrador,Herrero",True,True,True
occupation_781032,781032,"Herrero,En General",True,True,True
occupation_781033,781033,Llaverero,True,True,True
occupation_781034,781034,Mandrilador,True,True,True
occupation_781035,781035,Mandrilero,True,True,True
occupation_781036,781036,Martillador-Herreria,True,True,True
occupation_781037,781037,Mecanico-Ajustador,True,True,True
occupation_781038,781038,Mecanico Especialista En Herramientas Y Matrices,True,True,True
occupation_781039,781039,"Modelista-Ajustador, Fundicion",True,True,True
occupation_781040,781040,Operador Maquinas Herramienta Automatica Mando Numerico,True,True,True
occupation_781041,781041,Operador De Esmeriladora,True,True,True
occupation_781042,781042,Operador De Escopleadora,True,True,True
occupation_781043,781043,Operador De Maquinas Herramientas En General,True,True,True
occupation_781044,781044,Operador De Maquina De Funcion Multiple,True,True,True
occupation_781045,781045,Operador De Maquina De Transferencia Automatica,True,True,True
occupation_781046,781046,Operador De Maquina De Tallar Engranajes,True,True,True
occupation_781047,781047,Operador De Maquina Lapiadora De Metales,True,True,True
occupation_781048,781048,Operador De Sierra Mecanica De Metales,True,True,True
occupation_781049,781049,Operador De Taladradora De Metal,True,True,True
occupation_781050,781050,Operador De Maquinas Para Fabricar Tornillos,True,True,True
occupation_781051,781051,Obreros De La Manufactura A Mano De Pzas Metal,True,True,True
occupation_781052,781052,"Obreros Fcion Muelles, Clavos, Tornillos, Cables",True,True,True
occupation_781053,781053,Operador De Cizalla Mecanica,True,True,True
occupation_781054,781054,Operador De Maquina De Curvar Metales,True,True,True
occupation_781055,781055,"Operador De Prensa Mecanica,De Metales",True,True,True
occupation_781056,781056,Operador De Tijera Mecanica,True,True,True
occupation_781057,781057,Operador De Torno De Embutir,True,True,True
occupation_781058,781058,"Pulidor De Metales, A Maquina",True,True,True
occupation_781059,781059,"Pulidor De Metales, A Mano",True,True,True
occupation_781060,781060,Rectificador De Metales,True,True,True
occupation_781061,781061,"Rectificador De Cilindros,Trabajo De Metales",True,True,True
occupation_781062,781062,"Reguladores De Maquina Herramientas, En General",True,True,True
occupation_781063,781063,Regul-Operad Revolveres Para El Trabajo De Metales,True,True,True
occupation_781064,781064,Regulador-Operador De Torno Automatico De Metal,True,True,True
occupation_781065,781065,Taladrista,True,True,True
occupation_781066,781066,Trazador En Metales,True,True,True
occupation_781067,781067,"Tornero,Labra De Metales",True,True,True
occupation_781068,781068,Tornero De Embutir,True,True,True
occupation_781069,781069,Carpintero Mecanico,True,True,True
occupation_782002,782002,"Mecanico Automoviles, Camiones, Motocicletas, Autobus, Trac",True,True,True
occupation_782003,782003,Mecanico De Direccion Y Frenos De Automoviles,True,True,True
occupation_782004,782004,"Mecanico De Motores De Avion,En General",True,True,True
occupation_782005,782005,"Mecanico De Motores De Barcos,En General",True,True,True
occupation_782006,782006,Mecanico Naval,True,True,True
occupation_782007,782007,Mecanico De Sala De Maquinas De Barcos,True,True,True
occupation_782008,782008,"Mecanico De Maquinas En General: Agricultura, Oficina, Text",True,True,True
occupation_782009,782009,"Mecanico Motores Diesel,Excepto Motor Automoviles Y Camione",True,True,True
occupation_782010,782010,"Mecanico De Turbinas,Excepto Turbinas De Avion",True,True,True
occupation_782011,782011,"Mecanico Engrasador,Excepto Barcos",True,True,True
occupation_782012,782012,Mecanico Reparador De Bicicletas,True,True,True
occupation_782013,782013,Montador De Manufacturas Metalicas,True,True,True
occupation_782014,782014,"Probador De Automoviles,Reparaciones",True,True,True
occupation_782015,782015,Reparador De Bicicletas,True,True,True
occupation_782016,782016,Revisor Y Probador De Maquinaria,True,True,True
occupation_782017,782017,Samuelles-Muellero,True,True,True
occupation_783001,783001,Ajustador Electricista En General,True,True,True
occupation_783002,783002,Ajustadores Electricistas De Motores Y Dinamos,True,True,True
occupation_783003,783003,Ajustadores Electricistas De Transformadores,True,True,True
occupation_783004,783004,Ajustadores Electricistas Equipos Centrales Electricos,True,True,True
occupation_783005,783005,Ajustadores Electricistas Ascensores Y Similares,True,True,True
occupation_783006,783006,Ajustador Electronicista,True,True,True
occupation_783007,783007,Bobinador Electricista,True,True,True
occupation_783008,783008,Controlador Calidad Aparat. Electric. Y Electronicos,True,True,True
occupation_783009,783009,"Debanador, Electricista",True,True,True
occupation_783010,783010,Electricista Bobinador,True,True,True
occupation_783011,783011,"Electricista-Montador,Aire Acondicionado",True,True,True
occupation_783012,783012,"Electricistas Gral., Construc. Instal. Elec., Cine",True,True,True
occupation_783013,783013,Electricista De Barcos Y Aviones,True,True,True
occupation_783014,783014,Electricista De Vehiculos,True,True,True
occupation_783015,783015,Empalmador De Cables Electricos,True,True,True
occupation_783016,783016,"Inspector Control Calidad, Equipo. Electric. Y Electronicos",True,True,True
occupation_783017,783017,Inspector Calidad Aparat. Electric. Y Electronicos,True,True,True
occupation_783018,783018,Inspector De Distintivo De Calidad,True,True,True
occupation_783019,783019,"Instalador Electricista,Ascensores Y Equipo Similar",True,True,True
occupation_783020,783020,Instalador De Antenas De Radio Y Television,True,True,True
occupation_783021,783021,Instalador De Telefonos Y Telegrafos,True,True,True
occupation_783022,783022,Instalador Cables Para La Electrificacion Ferrocarriles,True,True,True
occupation_783023,783023,"Instalador Lineas Energia Electrica, Tendido Aereo",True,True,True
occupation_783024,783024,Instalador De Cables De Energia Electrica,True,True,True
occupation_783025,783025,Instalador De Lineas Electricas Para Traccion,True,True,True
occupation_783026,783026,Instalador De Cables,True,True,True
occupation_783027,783027,Instalador Cables Para Traccion Vehiculos Elect.,True,True,True
occupation_783029,783029,Instalador De Cables De Telefonos Y Telegrafos,True,True,True
occupation_783030,783030,Instalador De Lineas Subterraneos,True,True,True
occupation_783031,783031,Instalador Lineas Electricas Y Telecomunicaciones,True,True,True
occupation_783032,783032,Instalador De Lineas De Telecomunicaciones,True,True,True
occupation_783033,783033,Mecanico-Reparador De Receptores Radio Y Tv,True,True,True
occupation_783034,783034,Mecanico De Telefono Y Telegrafos,True,True,True
occupation_783035,783035,Mecanico Reparador De Telefonos Y Telegrafos,True,True,True
occupation_783036,783036,Montador De Instalaciones Telefonicas Y Telegrafo,True,True,True
occupation_783037,783037,"Montador Electricista, Ajustador En General",True,True,True
occupation_783038,783038,"Montador, Ascensores Y Equipo Similar",True,True,True
occupation_783039,783039,Montador O Ensamblador Aparatos Elect. Y Electro.,True,True,True
occupation_783040,783040,Montador De Radios,True,True,True
occupation_783041,783041,Montador De Tubos Electronicos,True,True,True
occupation_783042,783042,Montador Cables De Transporte De Energia Electrica,True,True,True
occupation_783043,783043,Montador De Cables Subterraneas,True,True,True
occupation_783044,783044,Montador Lineas Aereas Para Transporte De Corriente,True,True,True
occupation_783045,783045,Montador De Lineas Catenarias,True,True,True
occupation_783046,783046,Montador De Lineas Telefonicas Y Telegraficas,True,True,True
occupation_783047,783047,Montador De Lineas Subterraneos,True,True,True
occupation_783048,783048,Reparador De Receptores De Radio Y Tv,True,True,True
occupation_783049,783049,Radio Tecnico Reparaciones De Radio Y Tv,True,True,True
occupation_783050,783050,Reparador De Aparatos Electrodomesticos,True,True,True
occupation_783051,783051,Reparador Electricista De Aparatos Electrodomesticos,True,True,True
occupation_783052,783052,Reparador Instalaciones De Telefonicos Y Telegrafos,True,True,True
occupation_784001,784001,"Controlador De Sonido,Estudios De Radio Y Tv",True,True,True
occupation_784002,784002,Operador De Aparatos De Estudios De Radio Y Tv,True,True,True
occupation_784003,784003,Operador De Equipo De Transmision De Radio Y Tv,True,True,True
occupation_784004,784004,Operador Equipo Estudios Radiodifusion O Tv,True,True,True
occupation_784005,784005,Operador Estacion Emisora De Radio Y Tv,True,True,True
occupation_784006,784006,"Operador De Estacion Emisora Radio Y Tv,De Equipo",True,True,True
occupation_784007,784007,Operador De Imagen De Television,True,True,True
occupation_784008,784008,Operador De Radio Y Television,True,True,True
occupation_784009,784009,Operador De Video,True,True,True
occupation_784010,784010,"Operador De Aparato De Proyeccion,Cine",True,True,True
occupation_784011,784011,"Operador De Cabina, Cinematografica, Salas Cine",True,True,True
occupation_784012,784012,Operador De Equipo De Grabacion O Reg. De Sonido,True,True,True
occupation_784013,784013,Operador Equipo De Amplificacion De Sonido,True,True,True
occupation_784014,784014,Operador De Video O Betamax,True,True,True
occupation_785001,785001,"Ajustador De Tuberias En General, De Gas, En Aviones",True,True,True
occupation_785002,785002,Armador De Cajas De Acero En Taller,True,True,True
occupation_785003,785003,Armador De Estructuras De Acero,True,True,True
occupation_785004,785004,"Armador Hierro Y Acero, Blindaje, Construc Navales",True,True,True
occupation_785005,785005,Armador De Barcos,True,True,True
occupation_785008,785008,"Calderero, Cobre Y Aleaciones Ligeras Chapas Acero",True,True,True
occupation_785009,785009,Calentador Al Rojo De Remaches,True,True,True
occupation_785010,785010,"Carrocero, Automoviles, Aviones Y Otros",True,True,True
occupation_785011,785011,Corrocero De Automoviles,True,True,True
occupation_785012,785012,Conductor De Maquina De Soldar Por Arco Electrico,True,True,True
occupation_785013,785013,Cortador De Metales Con Soplete,True,True,True
occupation_785014,785014,"Chapista En Gral., Caldero, Hojalatero, Decoracion",True,True,True
occupation_785015,785015,"Fontanero,En General",True,True,True
occupation_785016,785016,Gasfitero,True,True,True
occupation_785017,785017,Hojalatero O Chapista,True,True,True
occupation_785018,785018,"Instalador Tuberias,En Gral,Gas,Barcos,Aviones",True,True,True
occupation_785019,785019,Montador De Calderas,True,True,True
occupation_785020,785020,"Montador Construcc. Metalicas, Excepto Buques",True,True,True
occupation_785021,785021,"Montador Estructuras De Acero,Excepto Buques",True,True,True
occupation_785022,785022,"Montador De Planchas,Astilleros",True,True,True
occupation_785023,785023,Operador De Gasometro,True,True,True
occupation_785024,785024,"Oxicortador En General, A Mano O A Maquina",True,True,True
occupation_785027,785027,Planchador De Carrocerias De Vehiculos,True,True,True
occupation_785028,785028,Plomero,True,True,True
occupation_785029,785029,Preparador De Estructuras De Acero En Taller,True,True,True
occupation_785030,785030,"Reblonador Planchas Metal, A Mano O Maq., Plancha",True,True,True
occupation_785031,785031,"Remachador, Mano O Maq. Planchas Met., Martillo Neu.",True,True,True
occupation_785032,785032,"Replanteador De Estructuras, Metalicas",True,True,True
occupation_785033,785033,Soldador-Plomero,True,True,True
occupation_785034,785034,"Soldador Con Soplete Y Por Arco Electrico,Gral",True,True,True
occupation_785035,785035,"Sopletista De Corte, A Mano",True,True,True
occupation_785036,785036,Sopletista Soldador,True,True,True
occupation_785037,785037,Soldador N.E.O.P.,True,True,True
occupation_785038,785038,Soldador De Cautin (Cautil),True,True,True
occupation_785039,785039,Trazador De Caldereria Y Chapas,True,True,True
occupation_785040,785040,Trazador De Planchas Y Chapas Metalicas,True,True,True
occupation_785041,785041,Trazador De Estructuras Metalicas,True,True,True
occupation_785042,785042,"Trazador De Galibos, Astilleros",True,True,True
occupation_785043,785043,"Tubero En General, Distribucion Gas, Aire A Presion, Vapor",True,True,True
occupation_791001,791001,"Arreglo De Maquina De Escribir, Calculadoras, Etc.",True,True,True
occupation_791002,791002,"Ajustador, Montador De Motores A Gasolina",True,True,True
occupation_791003,791003,"Ajustador, Montador De Motores Diesel",True,True,True
occupation_791004,791004,"Ajustador, Montador De Motores De Combust.Int.(Ex.Mot.Avion",True,True,True
occupation_791005,791005,Ajustador-Montador De Motores Marinos,True,True,True
occupation_791006,791006,"Ajustador-Montador De Motores Avion,Reaccion",True,True,True
occupation_791007,791007,Ajustador-Montador Excepto Motores Combus. Interna,True,True,True
occupation_791008,791008,Constructor De Brujulas,True,True,True
occupation_791009,791009,Constructor De Balanzas,True,True,True
occupation_791010,791010,"Constructor De Barometros, Termometros",True,True,True
occupation_791011,791011,"Instrumentista, Instrumentos De Precision",True,True,True
occupation_791012,791012,"Mecanico-Montador Maquina, Equipo Industrial, Aire Acondici",True,True,True
occupation_791013,791013,"Mecanico, Ajustador De Maquinaria En General",True,True,True
occupation_791014,791014,Mecanico De Balanzas,True,True,True
occupation_791015,791015,Mecanico De Camaras Fotograficas,True,True,True
occupation_791016,791016,Mecanico De Instrumentos De Optica,True,True,True
occupation_791017,791017,Mecanico De Instrumentos De Laboratorio,True,True,True
occupation_791018,791018,Mecanico De Instrumentos De Odontologia,True,True,True
occupation_791019,791019,Mecanico De Instrumento Quirurgicos,True,True,True
occupation_791020,791020,Mecanico De Protesis Ortopedicas,True,True,True
occupation_791021,791021,Mecanico De Protesis Dentales,True,True,True
occupation_791022,791022,Mecanico Dentista,True,True,True
occupation_791023,791023,Mecanico Ortopedista,True,True,True
occupation_791024,791024,Mecanicos De Instrumentos De Precision,True,True,True
occupation_791025,791025,Montador De Aparatos Fotograficos,True,True,True
occupation_791026,791026,Montador De Instrumentos De Precision,True,True,True
occupation_791027,791027,Relojero,True,True,True
occupation_791028,791028,Reparador De Relojes,True,True,True
occupation_792001,792001,"Batihoja,Joyero O Platero",True,True,True
occupation_792002,792002,Cincelador-Orfebre,True,True,True
occupation_792003,792003,Diamantista-Pulidor Y Tallador De Piedras Preciosas,True,True,True
occupation_792004,792004,Engastador,True,True,True
occupation_792005,792005,Esmaltador De Metales Preciosos,True,True,True
occupation_792006,792006,"Filigranista,Joyero O Platero",True,True,True
occupation_792007,792007,Grabador De Metales Preciosos,True,True,True
occupation_792008,792008,Grabador De Plateria Y Joyeria,True,True,True
occupation_792009,792009,Laminador De Metales Preciosos,True,True,True
occupation_792010,792010,"Lapidario, Tallador Y Pulidor De Piedras Preciosas",True,True,True
occupation_792011,792011,Martillador De Metales Preciosos,True,True,True
occupation_792012,792012,Montador De Piedras Preciosas,True,True,True
occupation_792013,792013,"Montador, Orfebreria",True,True,True
occupation_792014,792014,"Orfebre, Joyero O Platero",True,True,True
occupation_792015,792015,"Orfebreria, Cincelador (Joyero O Platero)",True,True,True
occupation_792016,792016,"Plateria, Grabador",True,True,True
occupation_792017,792017,Platero Y Orfebre,True,True,True
occupation_792018,792018,Recalcador De Metales Preciosos,True,True,True
occupation_792019,792019,"Reparador, De Joyas",True,True,True
occupation_792020,792020,"Repujador, Otro Joyero O Platero",True,True,True
occupation_792021,792021,Tallador Y Pulidor De Piedras Preciosas,True,True,True
occupation_792022,792022,Tornero-Repujador Orfebreria,True,True,True
occupation_792023,792023,Trefilador De Metales Preciosos,True,True,True
occupation_793001,793001,"Acabador De Bordes,Cristal",True,True,True
occupation_793002,793002,Afinador A Maquina De Cristales De Optica,True,True,True
occupation_793003,793003,"Afinador De Vidrio,Optica De Anteojeria",True,True,True
occupation_793004,793004,Biselador De Cristales,True,True,True
occupation_793005,793005,Conductor De Maquina De Estirar Vidrio Plano,True,True,True
occupation_793006,793006,"Cortador, Tallador De Cristales De Optica",True,True,True
occupation_793007,793007,Cortador De Vidrio,True,True,True
occupation_793008,793008,Curvador De Tubos De Vidrio,True,True,True
occupation_793009,793009,"Desbastador, Optica En Anteojeria",True,True,True
occupation_793010,793010,"Esmerilador De Bordes,Vidrio",True,True,True
occupation_793011,793011,Esmerilador De Lentes A Maquina,True,True,True
occupation_793012,793012,Laminador De Lunas De Vidrio,True,True,True
occupation_793013,793013,Modelador De Lentes,True,True,True
occupation_793014,793014,Operador De Bano Metalico Por Flotacion Vidrio,True,True,True
occupation_793015,793015,Operador De Maquina De Moldear O Soplar Vidrio,True,True,True
occupation_793016,793016,"Operador Maquina Estirar Vidrio Plano,Varillas O Tubo",True,True,True
occupation_793017,793017,Operador En Prensa De Moldear Vidrio,True,True,True
occupation_793018,793018,Operador Vertido Vidrio Fundido/Vertidor Vidrio Fundido,True,True,True
occupation_793019,793019,Pulidor A Maquina De Cristales De Optica,True,True,True
occupation_793020,793020,Pulidor De Cristales,True,True,True
occupation_793021,793021,Pulidor De Lentes,True,True,True
occupation_793022,793022,"Soplador Vidrio,Material Laboratorio A Maquina",True,True,True
occupation_793023,793023,Tallador De Cristales De Optica,True,True,True
occupation_794001,794001,"Alfarero,En Gral,Excepto Ladrillos,Adobes,Tejas",True,True,True
occupation_794002,794002,"Amasador De Caolin,Porcelana",True,True,True
occupation_794003,794003,"Ceramista Moldes, A Mano Excepto Ladrillos, Adobes, Tejas",True,True,True
occupation_794004,794004,"Cribador De Tierra, Ceramica",True,True,True
occupation_794005,794005,"Ceramista En Gral,Excepto Adobes,Ladrillos,Tejas",True,True,True
occupation_794006,794006,Cincelador De Piezas De Ceramica,True,True,True
occupation_794007,794007,"Colador De Ceramica,Excepto De Adobe Y Ladrillo",True,True,True
occupation_794008,794008,"Extrusor De Arcilla,Ceramica",True,True,True
occupation_794009,794009,"Machero-Moldeador,Ceramica",True,True,True
occupation_794010,794010,Mezclador De Pasta De Abrasivos,True,True,True
occupation_794011,794011,"Modelador Al Torno Con Terraja,Ceramica",True,True,True
occupation_794012,794012,Modelista De Ceramica,True,True,True
occupation_794013,794013,Moldeador De Muelas Abrasivas,True,True,True
occupation_794014,794014,Moldeador Machero De Ceramica,True,True,True
occupation_794015,794015,"Molinero,Tierra De Loza",True,True,True
occupation_794016,794016,Operador De Filtro Prensa Para Arcilla(Ceramica),True,True,True
occupation_794017,794017,Operador De Prensa De Ceramica,True,True,True
occupation_794018,794018,"Operador De Prensa Galletera, Ceramica",True,True,True
occupation_794019,794019,"Prensador De Ceramica, Con Troquel",True,True,True
occupation_794020,794020,Preparador De Barbotin,True,True,True
occupation_794021,794021,"Preparador De Moldes, Ceramica, Loza Y Porcelana",True,True,True
occupation_794022,794022,"Preparador Ceramica En Moldes, Pasta De Arcilla",True,True,True
occupation_794023,794023,Taladrador De Piezas De Ceramica,True,True,True
occupation_794024,794024,"Tamizador De Tierras, Ceramica",True,True,True
occupation_794025,794025,Tornero-Alfarero En Torno De Pedal,True,True,True
occupation_794026,794026,"Tornero En Torno De Pedal, Loza Y Porcelana",True,True,True
occupation_794027,794027,Vaciador De Ceramica En Moldes,True,True,True
occupation_795001,795001,Adobero,True,True,True
occupation_795002,795002,Colador De Ladrillos Y Tejas,True,True,True
occupation_795003,795003,Moldeador De Ladrillos Y Baldosas,True,True,True
occupation_795004,795004,Operador De Maquina De Cortar Ladrillos Y Tejas,True,True,True
occupation_795005,795005,Operador Prensa Alta Presion Para Ladrillos Especiales,True,True,True
occupation_795006,795006,Preparador De Adobes,True,True,True
occupation_795007,795007,Prensador De Adobes Con Troquel,True,True,True
occupation_795008,795008,Tejero Y Adobero A Mano,True,True,True
occupation_796001,796001,"Ayudante De Horno De Ceramica,Encendido",True,True,True
occupation_796002,796002,"Cargador-Descargador De Horno,De Ceramica",True,True,True
occupation_796003,796003,Fundidor Vidriero,True,True,True
occupation_796004,796004,"Hornero,Briquetas",True,True,True
occupation_796005,796005,"Hornero,Ceramica",True,True,True
occupation_796006,796006,"Hornero,Fabricacion De Vidrio",True,True,True
occupation_796007,796007,"Hornero,Loza Y Porcelana",True,True,True
occupation_796008,796008,"Hornero,Material Refractario Excepto Tejas Y Ladrillos",True,True,True
occupation_796009,796009,"Hornero,Porcelana",True,True,True
occupation_796010,796010,"Hornero,Recocido Del Vidrio",True,True,True
occupation_796011,796011,"Hornero,Tejas Y Ladrillos",True,True,True
occupation_796012,796012,"Hornero,Templado Del Vidrio",True,True,True
occupation_796013,796013,Moldeador De Crisoles,True,True,True
occupation_796014,796014,Operador De Secador De Briquetas,True,True,True
occupation_796015,796015,"Preparador De Caja De Secado,Horno De Ceramica",True,True,True
occupation_796016,796016,Templador De Vidrio,True,True,True
occupation_797001,797001,"Esmerilador Con Chorros De Arena,Vidrio",True,True,True
occupation_797002,797002,Esmerilador Vidrio O Cristal Con Chorro De Arena,True,True,True
occupation_797003,797003,"Grabador De Agua Fuerte,Cristal",True,True,True
occupation_797004,797004,Grabador De Ceramica Vidriada,True,True,True
occupation_797005,797005,Grabador De Cristal En General,True,True,True
occupation_797006,797006,Grabador De Vidrio En General,True,True,True
occupation_797007,797007,Pulidor De Vidrio O Cristal En Baðo De Acido,True,True,True
occupation_797008,797008,"Tallador De Cristales-Vidrios,Talla Decorativa",True,True,True
occupation_797009,797009,Tallador De Vidrio O Cristal,True,True,True
occupation_798001,798001,Azogador,True,True,True
occupation_798002,798002,Decorador De Ceramica,True,True,True
occupation_798003,798003,Decorador De Vidrio,True,True,True
occupation_798004,798004,Esmaltador De Vidrio,True,True,True
occupation_798005,798005,Esmaltador De Ceramica,True,True,True
occupation_798006,798006,"Filetero, Decorado De Ceramica",True,True,True
occupation_798007,798007,Iluminador De Loza Y Porcelana,True,True,True
occupation_798008,798008,"Pintor A Pistola,De Loza Y Porcelana",True,True,True
occupation_798009,798009,Pulidor De Ceramica Dorada,True,True,True
occupation_798010,798010,"Retocador, Decorado De Ceramica",True,True,True
occupation_798011,798011,"Trazador, Decorado De Ceramica",True,True,True
occupation_798012,798012,Vidriador De Ceramica,True,True,True
occupation_799001,799001,Extrusor De Hilos De Fibra De Vidrio,True,True,True
occupation_799002,799002,Hilador De Vidrio,True,True,True
occupation_799003,799003,"Mezclador De Materiales,Fabricacion De Vidrio",True,True,True
occupation_799004,799004,Operador De Maquina Para Fabricar Fibra Vidrio,True,True,True
occupation_799005,799005,Operador De Maquina Para Fabricar Lana De Vidrio,True,True,True
occupation_799006,799006,Preparador De Fibra De Vidrio,True,True,True
occupation_811001,811001,Abarquero,True,True,True
occupation_811002,811002,Alisador De Productos De Caucho,True,True,True
occupation_811003,811003,Amasador De Caucho,True,True,True
occupation_811004,811004,Armador De Productos De Caucho,True,True,True
occupation_811005,811005,Calandrador De Caucho,True,True,True
occupation_811006,811006,Capataz O Contramaestre De La Fab. De Productos De Caucho,True,True,True
occupation_811007,811007,Conductor De Maquina De Estirado De Caucho,True,True,True
occupation_811008,811008,Confeccionador-Montador De Articulos De Caucho,True,True,True
occupation_811009,811009,Cortador De Caucho,True,True,True
occupation_811010,811010,Engomador De Tejidos De Caucho,True,True,True
occupation_811011,811011,Ensamblador De Productos De Caucho,True,True,True
occupation_811012,811012,Extrusor De Caucho,True,True,True
occupation_811013,811013,Impregnador De Caucho,True,True,True
occupation_811014,811014,Lustrador De Caucho,True,True,True
occupation_811015,811015,Mezclador De Caucho,True,True,True
occupation_811016,811016,Montador De Productos De Caucho,True,True,True
occupation_811019,811019,Operador De Calandria De Caucho,True,True,True
occupation_811020,811020,Operador De Maquina Amasadora De Caucho,True,True,True
occupation_811021,811021,Operador De Maquina Calandradora De Caucho,True,True,True
occupation_811022,811022,Operador De Maquina Estiradora De Caucho,True,True,True
occupation_811023,811023,Operador De Prensa De Moldear Caucho,True,True,True
occupation_811024,811024,"Vulcanizador Artic. Caucho, Excepto Neumaticos",True,True,True
occupation_812001,812001,Armador De Productos De Plastico,True,True,True
occupation_812002,812002,Confeccionador De Productos De Plastico,True,True,True
occupation_812003,812003,Ensamblador De Productos De Plastico,True,True,True
occupation_812004,812004,Extrusor De Plastico,True,True,True
occupation_812005,812005,Moldeador De Plastico Por Inyeccion,True,True,True
occupation_812006,812006,Moldeador De Plastico Por Compresion,True,True,True
occupation_812007,812007,Montador De Productos De Plastico,True,True,True
occupation_812008,812008,Operad Maq. De Moldear Materias Plasticas Por Inyeccion,True,True,True
occupation_812009,812009,Operar Maq. De Moldear Materias Plasticas Por Compresion,True,True,True
occupation_812010,812010,Operador De Maquina De Fabricar Bolsas Plastico,True,True,True
occupation_812011,812011,Operador Maquina Estiradora De Plastico,True,True,True
occupation_812012,812012,Operador De Maquina De Sellar Plasticos,True,True,True
occupation_812013,812013,Preparador De Paneles De Plastico,True,True,True
occupation_812014,812014,Pulidor De Productos De Plastico,True,True,True
occupation_812015,812015,Recortador A Maquina De Prod. De Plastico,True,True,True
occupation_812016,812016,Taladradora De Productos De Plastico,True,True,True
occupation_813002,813002,"Confeccionador De Neumaticos,Primera Fase",True,True,True
occupation_813003,813003,Cortador De Acanaladuras En Neumaticos,True,True,True
occupation_813004,813004,Cortador De Estuas En Neumaticos,True,True,True
occupation_813005,813005,"Fabricante De Neumaticos,Primera Fase",True,True,True
occupation_813006,813006,Moldeador De Neumaticos,True,True,True
occupation_813007,813007,Moldeador Y Vulcanizador De Neumaticos,True,True,True
occupation_813008,813008,Rencauchador De Neumaticos,True,True,True
occupation_813009,813009,Vulcanizador Y Moldeador De Neumaticos,True,True,True
occupation_821001,821001,Armador De Cajas De Carton A Maquina,True,True,True
occupation_821002,821002,Capataz O Contamestre De La Confeccion De Productos De Pape,True,True,True
occupation_821003,821003,Cartonero A Maquina,True,True,True
occupation_821004,821004,Conductor De Maquinas De Fabricar Tubos Papel,True,True,True
occupation_821005,821005,Conductor De Prensa De Embutir El Carton,True,True,True
occupation_821006,821006,Confeccionador De Cajas De Carton,True,True,True
occupation_821007,821007,Confeccionador A Maq. De Bolsas Y Sobres De Papel,True,True,True
occupation_821008,821008,Confeccionador De Bolsas De Celofan,True,True,True
occupation_821009,821009,Confeccionador De Sobres A Mano,True,True,True
occupation_821010,821010,Confecc. Artic. Adornos Y Fantasia En Papel,True,True,True
occupation_821011,821011,Confeccionador De Maletas De Carton,True,True,True
occupation_821012,821012,Confeccionador De Papel,True,True,True
occupation_821013,821013,Emsamblador De Naipes,True,True,True
occupation_821014,821014,Montador De Cajas De Carton A Mano O A Maquina,True,True,True
occupation_821015,821015,Operador De Maquina De Forrar Carton,True,True,True
occupation_821016,821016,Operador De Maquina Pegadora De Papel En Carton,True,True,True
occupation_821017,821017,Operador De Maquina De Cortar Y Pegar Carton,True,True,True
occupation_821018,821018,Operador De Maquina Prensadora De Carton,True,True,True
occupation_821019,821019,Operad Maq. Pegadora Y Cerradora Bolsas Y Sobres,True,True,True
occupation_821020,821020,Operador Maq. Confeccionar Bolsas Y Sobres Papel,True,True,True
occupation_821021,821021,Operador De Prensa De Embutir Carton,True,True,True
occupation_831001,831001,"Armador De Paginas, Imposicion",True,True,True
occupation_831002,831002,"Cajista, Imprenta",True,True,True
occupation_831003,831003,Compaginador De Foto-Composicion,True,True,True
occupation_831004,831004,"Compositor,Imposicion",True,True,True
occupation_831005,831005,Fundidor De Monotipia Y Tipos Sueltos,True,True,True
occupation_831006,831006,Imponedor,True,True,True
occupation_831007,831007,Impresor De Pruebas,True,True,True
occupation_831008,831008,Impresor En General,True,True,True
occupation_831009,831009,Linotipista,True,True,True
occupation_831010,831010,Maquinista De Foto-Composicion,True,True,True
occupation_831011,831011,Minervista,True,True,True
occupation_831012,831012,Monotipista,True,True,True
occupation_831013,831013,Operador De Maquina Fundidora De Tipos,True,True,True
occupation_831014,831014,"Operador De Maquina De Fototipia, Imprenta",True,True,True
occupation_831015,831015,Operador De Monotipia De Fundir,True,True,True
occupation_831016,831016,Operador De Teclado De Monotipia,True,True,True
occupation_831017,831017,"Platinero, Compaginacion",True,True,True
occupation_831018,831018,"Preparador De Braille, Planchas De Imprenta",True,True,True
occupation_831019,831019,Preparador De Planchas De Imprenta Braille,True,True,True
occupation_831020,831020,Teclista Monotipista,True,True,True
occupation_831021,831021,Tipografo En General,True,True,True
occupation_831022,831022,Empleado O Ayudante De Imprenta En General,True,True,True
occupation_832001,832001,Conductor De Prensa De Heliograbado,True,True,True
occupation_832002,832002,Impresor De Papeles,True,True,True
occupation_832003,832003,"Maquinista De Rotativa A Colores,Imprenta",True,True,True
occupation_832004,832004,Maquinista De Offset,True,True,True
occupation_832005,832005,Maquinista Platinero,True,True,True
occupation_832006,832006,"Marcador, Introduc. Hojas En Maq. De Imprimir",True,True,True
occupation_832007,832007,"Operad Prensa Rotativa, Offset, Cilindro, Platina, Litograf",True,True,True
occupation_832008,832008,Otros Operadores De Prensa De Imprimir,True,True,True
occupation_832009,832009,Tipografo Operador De Prensas De Imprimir,True,True,True
occupation_833001,833001,Clisador-Electrotipista,True,True,True
occupation_833002,833002,"Electrotipista, Imprenta",True,True,True
occupation_833003,833003,"Estereotipador, Imprenta",True,True,True
occupation_833004,833004,"Estereotipista, Imprenta",True,True,True
occupation_833005,833005,Fundidor Estereotipista,True,True,True
occupation_833006,833006,Galvanoplastista O Clisador,True,True,True
occupation_833007,833007,"Matriceros, Imprenta",True,True,True
occupation_833008,833008,"Moldeador De Clises Por Galvanoplastia, Imprenta",True,True,True
occupation_833009,833009,"Reproductor De Clises, Reproduccion En Plastico",True,True,True
occupation_834001,834001,"Grabador A Mano Clises Madera, Caucho O Linoleo",True,True,True
occupation_834002,834002,Grabador Con Pantografo,True,True,True
occupation_834003,834003,Grabador De Imprenta,True,True,True
occupation_834004,834004,Grabador De Piedras Litograficas,True,True,True
occupation_834005,834005,"Grabador Planchas, Cilindros Y Matrices Metalico",True,True,True
occupation_834006,834006,"Grabador, Burilista, Litografista, Grabado Imprenta",True,True,True
occupation_834007,834007,"Pantografista, Imprenta",True,True,True
occupation_834008,834008,"Transportador, Litografia",True,True,True
occupation_834009,834009,Xilografo,True,True,True
occupation_835001,835001,"Clisador, Fotograbador",True,True,True
occupation_835002,835002,"Foto-Impresor Planchas Impresion, Fotograbado",True,True,True
occupation_835003,835003,Fotograbador En General,True,True,True
occupation_835004,835004,"Fotografo, Fotograb., Impresion O Reprod. En Offset",True,True,True
occupation_835005,835005,"Fotomecanico, Fotograbado En General",True,True,True
occupation_835006,835006,"Grabador, Fotograbado",True,True,True
occupation_835007,835007,Graneador De Planchas Para Clises,True,True,True
occupation_835008,835008,Huecograbadores,True,True,True
occupation_835009,835009,Insolador De Fotograbado,True,True,True
occupation_835010,835010,Montador De Clises Sobre Soporte,True,True,True
occupation_835011,835011,"Pasador, Imprenta",True,True,True
occupation_835012,835012,"Retocador De Negativos,Fotograbado",True,True,True
occupation_835013,835013,"Retocador De Planchas De Impresion,Fotograbado",True,True,True
occupation_835014,835014,Tirador De Pruebas De Clises Grabados,True,True,True
occupation_835015,835015,"Transportador,Fotograbado",True,True,True
occupation_836001,836001,"Cosedor De Pleigos A Maquina, Encuadernacion",True,True,True
occupation_836002,836002,"Dorador A Mano,Encuadernacion",True,True,True
occupation_836003,836003,"Encolador,Encuadernacion",True,True,True
occupation_836004,836004,Encuadernador,True,True,True
occupation_836005,836005,"Grabador A Mano O A Maquina,Encuadernacion",True,True,True
occupation_836006,836006,"Guillotinero, Encuadernacion",True,True,True
occupation_836007,836007,"Recortador, Encuadernacion",True,True,True
occupation_836008,836008,"Repujador O Grabador A Mano O A Maq,Encuadernacion",True,True,True
occupation_837001,837001,Ampliador De Fotografias,True,True,True
occupation_837002,837002,Conductor Maq De Revelar Y Secar Pelicula Cinematografica,True,True,True
occupation_837003,837003,Copiador De Fotografias,True,True,True
occupation_837004,837004,Fotografo-Ampliador,True,True,True
occupation_837005,837005,Fotografo-Revelador,True,True,True
occupation_837006,837006,Fotografo-Sacador De Copias,True,True,True
occupation_837007,837007,Reductor De Fotografias,True,True,True
occupation_837008,837008,Revelador De Peliculas Fotograficas,True,True,True
occupation_837009,837009,Revelador De Radiografias,True,True,True
occupation_837010,837010,Sacador De Copias De Fotografias,True,True,True
occupation_837011,837011,Secador De Peliculas Cinematograficas,True,True,True
occupation_839001,839001,Estampador Textiles Y Papeles Pintados Mediante Planchas,True,True,True
occupation_839002,839002,"Impresor A La Plancha,De Telas Y Papeles Pintados",True,True,True
occupation_839003,839003,Impresor De Telas A Maquina,True,True,True
occupation_839004,839004,"Impresor,Sericigrafia",True,True,True
occupation_839005,839005,Operador De Prensa Estampar En Relieve O Seco,True,True,True
occupation_839006,839006,"Picador De Estarcidores,Sericigrafia",True,True,True
occupation_839007,839007,"Preparador De Estarcidores,Sericigrafia",True,True,True
occupation_839008,839008,"Sericigrafo,Impresor",True,True,True
occupation_841001,841001,"Acordeonero,Constructor",True,True,True
occupation_841002,841002,"Afinador De Instrum. Musicales, Pianos, Organos, Acordeones",True,True,True
occupation_841003,841003,Const Instrum Viento De Madera O De Metal,True,True,True
occupation_841004,841004,"Fabricantes De Instrumentos Music., Arpas, Guitarra, Viento",True,True,True
occupation_841005,841005,"Guitarrero, Fabricante De Instrumentos De Cuerda",True,True,True
occupation_841006,841006,"Organero,Constructor Y Afinador",True,True,True
occupation_841007,841007,"Violenero,Constructor Y Afinador",True,True,True
occupation_842001,842001,Bruceros,True,True,True
occupation_842002,842002,Confeccionador A Mano De Cepillo,True,True,True
occupation_842003,842003,Confeccionador De Brochas,True,True,True
occupation_842004,842004,Confeccionador De Pinceles Finos,True,True,True
occupation_842005,842005,Confeccionador De Escobas A Mano,True,True,True
occupation_842006,842006,"Confeccionador De Esteras,Esterones",True,True,True
occupation_842007,842007,"Confeccionador De Muebles De Cana,Junco,Mimbre",True,True,True
occupation_842008,842008,"Confecc Alfombras Junco,Pita,Esparto,Fibra Coco",True,True,True
occupation_842009,842009,Confeccionador A Maquina De Brochas Y Cepillos,True,True,True
occupation_842010,842010,Confeccionador De Tapias De Junco Fino,True,True,True
occupation_842011,842011,Cosedor De Escobas,True,True,True
occupation_842012,842012,Escobero,True,True,True
occupation_842013,842013,"Esterero En Junco,Pita Y Fibra De Coco",True,True,True
occupation_842014,842014,Tejedor De Capazos,True,True,True
occupation_842015,842015,Tejedor De Capazos De Junco O Esparto,True,True,True
occupation_842016,842016,Tejedor De Cestos,True,True,True
occupation_842017,842017,Tejedor De Seras Y Serones,True,True,True
occupation_842018,842018,Tejedor Muebles De Mimbre,True,True,True
occupation_842019,842019,"Trenzador De Cestas,De Sarrias",True,True,True
occupation_842020,842020,Tejedores De Esteras Y Funcos,True,True,True
occupation_843001,843001,Fabricante De Piezas En Hormigon Armado,True,True,True
occupation_843002,843002,Fabricante De Productos De Asbestos-Cemento,True,True,True
occupation_843003,843003,Fabricante De Productos De Piedra Artificial,True,True,True
occupation_844001,844001,"Abaniquero,Confeccionador De Abanicos",True,True,True
occupation_844002,844002,Candelero,True,True,True
occupation_844003,844003,Cerero,True,True,True
occupation_844004,844004,Confeccionador De Munecos Y Juguetes De Trapo,True,True,True
occupation_844005,844005,Confeccionador De Sellos De Caucho,True,True,True
occupation_844006,844006,Confeccionador De Velas Y Bujias,True,True,True
occupation_844007,844007,Confeccionador De Pelucas,True,True,True
occupation_844008,844008,Confecc.De Zapatos De Rafia Y Fibras Semejantes,True,True,True
occupation_844009,844009,Confeccionador De Ojotas O Llanques,True,True,True
occupation_844010,844010,Confeccionador De Felpudos De Jebe O Llanta,True,True,True
occupation_844011,844011,Confeccionador De Artesania Con Fibra Acrilica,True,True,True
occupation_844012,844012,Confeccionador De Postizos,True,True,True
occupation_844013,844013,Confeccionador De Dientes Artificiales,True,True,True
occupation_844014,844014,Confeccionador De Cierres,True,True,True
occupation_844015,844015,"Cortador De Corcho, Fabricacion De Articulos",True,True,True
occupation_844016,844016,"Grabador De Marfil, Hueso Y Plastico",True,True,True
occupation_844017,844017,"Grabador De Hierro, Marfil,Plastico O Hueso",True,True,True
occupation_844029,844029,Operador De Maquina De Fabricar Lapices,True,True,True
occupation_844030,844030,Operador De Prensa De Fab. Tizas Blancas Y Color,True,True,True
occupation_844031,844031,Preparador De Placas Fotograficas,True,True,True
occupation_844032,844032,Maquinista En La Fabricacion De Cables,True,True,True
occupation_844033,844033,Tejedor De Disfraces,True,True,True
occupation_851001,851001,"Barnizador, Construccion",True,True,True
occupation_851002,851002,"Decorador De Abordo, Barcos",True,True,True
occupation_851003,851003,Encallador,True,True,True
occupation_851004,851004,"Pintor De Coches De Viajeros Y Vagones, Ferrocarriles",True,True,True
occupation_851005,851005,"Pintor De Construccion, Conservacion",True,True,True
occupation_851006,851006,Pintor De Construc.Metalicas Y Cascos Y Buques,True,True,True
occupation_851007,851007,"Pintor De Construccion Escenicas,Cinematografia",True,True,True
occupation_851008,851008,"Barnizador,Construccion",True,True,True
occupation_851009,851009,"Pintor De Decorador De Fondo,Teatro,Cine",True,True,True
occupation_852001,852001,"Pintor A Pincel Y Rodillo,Excepto Edificio Y Construc.",True,True,True
occupation_852002,852002,"Pintor A Pistola,Excepto De Edif.Y Construcion",True,True,True
occupation_852003,852003,Pintor De Automoviles,True,True,True
occupation_852004,852004,Pintor De Letreros Y Rotulos,True,True,True
occupation_852005,852005,Pintor De Rotulos,True,True,True
occupation_852006,852006,Pintor Por Inmersion,True,True,True
occupation_852007,852007,"Pintor-Pulverizador,Fabricacion De Automoviles",True,True,True
occupation_852008,852008,"Pintor Retocador De Automov., Carroc. De Productos En Serie",True,True,True
occupation_852009,852009,"Reparacion De Automoviles,Pintor Retocador",True,True,True
occupation_852010,852010,"Retocador De Automoviles,Carroceria",True,True,True
occupation_852011,852011,"Barnizador,Excepto Construccion",True,True,True
occupation_852012,852012,"Laqueador,Excepto Construccion",True,True,True
occupation_862009,862009,Operador De Maq De Aire Comprim Para Revest. Con Hormigon,True,True,True
occupation_866001,866001,Aislador De Edificio,True,True,True
occupation_866002,866002,Aislador De Inst.De Refrig. Y De Climatizacion,True,True,True
occupation_866003,866003,Aislador De Turbina,True,True,True
occupation_866004,866004,"Instalador De Mater.Aislante,En Edific,De Insonorizacion",True,True,True
occupation_866005,866005,"Sonidos;En Calderas Y Tuberias, De Aire Acondicionado",True,True,True
occupation_866006,866006,"Ionado, Equipos De Regrigeracion, Etc.",True,True,True
occupation_866007,866007,Instalador De Material De Insonorizacion,True,True,True
occupation_866008,866008,Otros Instaladores De Mater.Aislantes De Insonorizacion,True,True,True
occupation_868002,868002,"Buzo (Constr. Y Repara Cimiento De Los Puentes, Y Diques, M",True,True,True
occupation_868009,868009,Maestro De Obras En General,True,True,True
occupation_868018,868018,Reparador De Chimineas Y Torres,True,True,True
occupation_871001,871001,Cargas De Energia Electrica,True,True,True
occupation_871002,871002,"Dispatcher De Energia Electrica,Repartidor De Cargas",True,True,True
occupation_871003,871003,"Electrico,De Generador",True,True,True
occupation_871004,871004,Operador De Central Termoelectrica E Hidroelectricas,True,True,True
occupation_871005,871005,Operador De Cuadro De Distribucion De Control,True,True,True
occupation_871006,871006,Operador De Equipo Electrogeno Particular,True,True,True
occupation_871007,871007,"Operador De Generador De Energia Electrica, Inst. Particula",True,True,True
occupation_871008,871008,Operador De Instalacion De Central Termoelectrica E Hidroel,True,True,True
occupation_871009,871009,Operador De Planta De Fuerza Energia Electrica,True,True,True
occupation_871010,871010,Operador De Reactor Nuclear,True,True,True
occupation_871011,871011,"Operador De Turbina De Central Electrica, Planta De Fuerza",True,True,True
occupation_871012,871012,Operador De Planta Termoelectrica E Hidroelectricas,True,True,True
occupation_871013,871013,Otros Operadores De Instalaciones De Produccion De Energia,True,True,True
occupation_871014,871014,"Repartidor De Cargas,Energia Electrica",True,True,True
occupation_872001,872001,Conductor - Chofer De Maquinaria Agricola,True,True,True
occupation_872002,872002,Funigador - Conductor,True,True,True
occupation_872003,872003,Operador De Maquinaria De Irrigacion Artificial,True,True,True
occupation_872004,872004,Tractorista,True,True,True
occupation_872006,872006,Operador - Cosechadora,True,True,True
occupation_873001,873001,"Conductor De Compresas De Aire, De Gas",True,True,True
occupation_873002,873002,Conductor De Instalaciones Depuradora De Agua,True,True,True
occupation_873003,873003,"Fogonero De Caldera De Vapor, Excepto Fogonero De Barco O L",True,True,True
occupation_873004,873004,Guarda De Prensa De Embalse,True,True,True
occupation_873005,873005,"Guarda De Valvulas De Desague, Embalse",True,True,True
occupation_873006,873006,"Operador De Compresor De Aire, De Gas",True,True,True
occupation_873007,873007,Operador De Estacion De Bombeo,True,True,True
occupation_873008,873008,"Operador De Instalaciones De Bombeo,Exc Refino De Petroleo",True,True,True
occupation_873009,873009,"Operador De Instalaciones De Tratamiento Del Agua,Abastecim",True,True,True
occupation_873010,873010,Operador De Instalaciones De Incineracion De Residuos,True,True,True
occupation_873011,873011,Operador De Instalaciones De Refrigeracion,True,True,True
occupation_873012,873012,Operador De Instalaciones De Calef.Y Ventilacion,True,True,True
occupation_873013,873013,Operador De Maquinas Fijas N.E.O.P,True,True,True
occupation_873014,873014,Otros Operador De Maquinas Fijas Y De Instalaciones Similar,True,True,True
occupation_873015,873015,"Vigilantes De Compuertas,Servicios De Agua",True,True,True
occupation_873016,873016,Maquinistas De Maquinas Fijas N.E.O.P,True,True,True
occupation_874001,874001,Aparejador De Aparatos De Elevacion,True,True,True
occupation_874002,874002,Aparejador De Barcos,True,True,True
occupation_874003,874003,Aparejador De Aviones,True,True,True
occupation_874004,874004,"Aparejador, Fondeos De Petroleo Y De Gas",True,True,True
occupation_874005,874005,"Aparejador, Perforacion De Pozos De Petrol.Y Gas",True,True,True
occupation_874006,874006,"Aparejador, Sondeos De Petroleo Y De Gas",True,True,True
occupation_874007,874007,"Empalmador De Cuerdas Y Cables En Gral, En Excepto Electric",True,True,True
occupation_874008,874008,Empalmador De Estrobos,True,True,True
occupation_874009,874009,Montador De Aparatos De Elevacion(Funicular),True,True,True
occupation_874010,874010,Montador De Cables De Aviacion,True,True,True
occupation_874011,874011,"Montador De Cables,Perfor.De Pozos De Petr.Gas",True,True,True
occupation_874012,874012,Montador De Cables De Puentes Colgantes,True,True,True
occupation_874013,874013,Montador De Cables De Guaros Aereos,True,True,True
occupation_874014,874014,Montador De Cables De Transporte Aereo,True,True,True
occupation_874015,874015,"Otros Aparejadores Y Empalmadores De Cables,Excepto De Tele",True,True,True
occupation_875001,875001,Conductor De Grua Apiladora,True,True,True
occupation_875002,875002,Conductor De Grua Fija,True,True,True
occupation_875003,875003,Conductor De Grua Movil,True,True,True
occupation_875004,875004,Conductor De Grua Locomovil,True,True,True
occupation_875005,875005,Conductor De Grua Flotante,True,True,True
occupation_875006,875006,Conductor De Grua Sobre Plataforma Movil.Ferrc.,True,True,True
occupation_875007,875007,"Conductor De Jaulas,Minas",True,True,True
occupation_875008,875008,Chofer De Montacargas(Construccion),True,True,True
occupation_875009,875009,Conductor De Puente Grua O Grua De Portico,True,True,True
occupation_875010,875010,Conductor De Torre Grua,True,True,True
occupation_875011,875011,"Conductor De Grua,Sobre Vagon De Ferrocarriles",True,True,True
occupation_875012,875012,"Gruista,Conductor De Grua De Portico O Pte Grua",True,True,True
occupation_875013,875013,Maquinista De Torre Grua,True,True,True
occupation_875014,875014,"Maquinista De Extraccion,Minas",True,True,True
occupation_875015,875015,Maquinistas De Puente Giratorio,True,True,True
occupation_875016,875016,Operador De Cabrestante,True,True,True
occupation_875017,875017,Operador De Grua De Cubierta,True,True,True
occupation_875018,875018,"Operador De Montacargas,Construccion",True,True,True
occupation_875019,875019,Operador De Ponton De Grua,True,True,True
occupation_875020,875020,Operador De Puente Levadizo,True,True,True
occupation_875021,875021,Operador De Puente Giratorio,True,True,True
occupation_875022,875022,"Operador De Torno De Vapor, Cabrestante",True,True,True
occupation_875023,875023,Operador De Cabrestante De Vapor,True,True,True
occupation_875024,875024,Conductores De Gruas Y Operadores De Instalaciones De Eleva,True,True,True
occupation_875025,875025,Maniobrista De Muelle,True,True,True
occupation_876001,876001,Conductor De Aplanadora De Caminos,True,True,True
occupation_876002,876002,Conductor De Apisonadora,True,True,True
occupation_876003,876003,Conductor De Asfaltadora,True,True,True
occupation_876004,876004,Conductor De Alquitranadora Asfaltadora,True,True,True
occupation_876005,876005,Conductor De Atacador Mecanico Construccion,True,True,True
occupation_876006,876006,Conductor De Bulldozer,True,True,True
occupation_876007,876007,Conductor De Cangilon De Arrastre,True,True,True
occupation_876008,876008,Conductor De Dragalina,True,True,True
occupation_876009,876009,Conductor De Draga,True,True,True
occupation_876010,876010,Conductor De Excavadora,True,True,True
occupation_876011,876011,Conductor De Explanadora Y De Escraper,True,True,True
occupation_876012,876012,Conductor De Esparcidora Acabadora Para Camino,True,True,True
occupation_876013,876013,Conductor De Hormigonera,True,True,True
occupation_876014,876014,Conductor De Instalacion Distribuidora Para La Preparacion,True,True,True
occupation_876015,876015,Conductor De Maquinas De Abrir Zanjas,True,True,True
occupation_876016,876016,Conductor De Maquinas De Excavar Zanjas,True,True,True
occupation_876017,876017,Conductor De Martinete,True,True,True
occupation_876018,876018,Conductor De Maquina Hincadora De Pilotes,True,True,True
occupation_876019,876019,Conductor De Maquina De Abrir Tuneles,True,True,True
occupation_876020,876020,Conductor De Maquina De Abrir Hoyos,True,True,True
occupation_876021,876021,"Conductor De Niveladora Con Cuchilla Frontal,Bulldozer",True,True,True
occupation_876022,876022,Conductor De Niveladora Y Escraper,True,True,True
occupation_876023,876023,Conductor De Pala Mecanica,True,True,True
occupation_876024,876024,Conductor De Pavimentadora En Hormigon,True,True,True
occupation_876025,876025,"Conductor De Perforad.De Aire Comprimido,Const.",True,True,True
occupation_876026,876026,Operador De Instalciones Para Mezclar Hormigon,True,True,True
occupation_876027,876027,Operador De Zanjadora De Cangilones,True,True,True
occupation_876028,876028,Otros Conductores De Maquina Para El Movimiento De Tierras,True,True,True
occupation_876029,876029,"Picador Con Martillo Neumatico, Construccion",True,True,True
occupation_877001,877001,Conductor De Carretilla Elevadora,True,True,True
occupation_877002,877002,Conductor De Carreton De Horquilla Elevadora,True,True,True
occupation_877003,877003,Conductor De Camion Volquete,True,True,True
occupation_877004,877004,"Conductor De Carreta De Transporte Troncos, Rollizos Y Fust",True,True,True
occupation_877005,877005,Conductor De Cinta Transportadora,True,True,True
occupation_877006,877006,Conductor De Elevador  De Carga,True,True,True
occupation_877007,877007,"Conductor De Vagonera Lanzadera,Minas",True,True,True
occupation_877008,877008,Obreros De La Manipulacion De Mercancia Y Materiales O De M,True,True,True
occupation_877009,877009,Chofer De Montacargas(Excepto Construccion),True,True,True
occupation_877010,877010,Elevadorista De Carga,True,True,True
occupation_877011,877011,Volquetero,True,True,True
occupation_881001,881001,Balseros,True,True,True
occupation_881002,881002,Contramaestre De Barco,True,True,True
occupation_881003,881003,Grumete,True,True,True
occupation_881004,881004,Lanchero,True,True,True
occupation_881005,881005,"Marinero En Gral, De Primera,Sgda,De Remolcador De Yate,De",True,True,True
occupation_881006,881006,Panolero De Cubierta,True,True,True
occupation_881007,881007,Timonel De Barco,True,True,True
occupation_881008,881008,Maniobrista De Barco,True,True,True
occupation_881009,881009,Marinero(Marinero Mercante),True,True,True
occupation_881010,881010,Vaporino,True,True,True
occupation_882002,882002,Engrasador De Barcos,True,True,True
occupation_882005,882005,"Mecanicos Engrasador,Barcos",True,True,True
occupation_883002,883002,Conductor De Locomotora En Minas Y Canteras,True,True,True
occupation_883003,883003,Conductor De Locomotoras De Maniobras,True,True,True
occupation_883004,883004,Fogonero De Locomotora De Vapor,True,True,True
occupation_883005,883005,Maquinista De Tren O Locomotora,True,True,True
occupation_883006,883006,Maquinista De Tren De Mina O Cantera,True,True,True
occupation_884001,884001,Agentes De Maniobras,True,True,True
occupation_884002,884002,Brequero De Ferrocarril,True,True,True
occupation_884003,884003,Clasificador De Trenes,True,True,True
occupation_884004,884004,"Conductor,Agente De Maniobras",True,True,True
occupation_884005,884005,"Derivador, Ferrocarriles",True,True,True
occupation_884006,884006,"Enganchador De Vagones,Ferrocarriles",True,True,True
occupation_884007,884007,"Guardafrenos,Tren De Mercancia",True,True,True
occupation_884008,884008,Guardagujas/Controlador De Trafico Ferroviario,True,True,True
occupation_884009,884009,"Guardagujas-Enganchador,(Minas Y Canteras)",True,True,True
occupation_884010,884010,Jefe De Tren De Mercancias,True,True,True
occupation_885001,885001,Chofer De Taxi,True,True,True
occupation_885002,885002,Chofer De Entrega De Coches Nuevos,True,True,True
occupation_885003,885003,Chofer Particular,True,True,True
occupation_885004,885004,Conductor De Motocicleta,True,True,True
occupation_885005,885005,"Conductor De Autobus, Automovil, Camioneta, Camion O Furgon",True,True,True
occupation_885006,885006,Microbusero/Conductor De Microbus,True,True,True
occupation_885007,885007,Taxista,True,True,True
occupation_885008,885008,Conductores De Camiones Pesados,True,True,True
occupation_886001,886001,"Guarda Barrera,Ferrocarriles",True,True,True
occupation_886002,886002,"Guarda De Esclusa,Canales O Puertos",True,True,True
occupation_886003,886003,Jefe De Dique O Varadero,True,True,True
occupation_886004,886004,Jefe De Puerto.Dique Seco,True,True,True
occupation_886006,886006,"Patron De Puerto,Dique Seco",True,True,True
occupation_886007,886007,"Torrero De Faro,Aeropuerto Y Puertos",True,True,True
occupation_931001,931001,"Cobrador, Autobuses Y Microbuses",True,True,True
occupation_931002,931002,"Cobrador, Pasaje/ Microbus Y Omnibus",True,True,True
occupation_931003,931003,"Cobrador, Pasaje/ Camioneta Rural (Combi)",True,True,True
occupation_931004,931004,"Cobrador, Pasaje/ Ferrocarril",True,True,True
occupation_931005,931005,"Cobrador, Transporte Por Carretera",True,True,True
occupation_931006,931006,"Vendedor De Boletos, Camioneta Rural, Microbuses, Omnibus,",True,True,True
occupation_931007,931007,Vendedor De Boletos Y Pasajes De Viaje Aereo,True,True,True
occupation_942001,942001,"Almidonador, Lavanderia",True,True,True
occupation_942002,942002,"Camarero, Hoteleria",True,True,True
occupation_942003,942003,"Clasificador, Ropa/Lavanderia",True,True,True
occupation_942004,942004,"Lavandero, A Mano/Lavanderia",True,True,True
occupation_942005,942005,Lavapisos,True,True,True
occupation_942006,942006,"Lavaplatos De: Cantina, Hotel, Restaurante",True,True,True
occupation_942007,942007,"Limpiador, En Seco/A Mano",True,True,True
occupation_942008,942008,"Limpiador De: Fabricas, Hoteles, Oficinas Y Restaurantes",True,True,True
occupation_942009,942009,"Mujer De Limpieza De: Hoteles, Oficinas Etc.",True,True,True
occupation_942010,942010,"Peon De Limpieza De: Aeronaves, Autobuses, Fabricas Etc.",True,True,True
occupation_942011,942011,"Planchador, A Mano",True,True,True
occupation_942012,942012,"Quitamanchas, A Mano",True,True,True
occupation_943001,943001,Bedel,True,True,True
occupation_943002,943002,Conserje,True,True,True
occupation_943003,943003,"Conserje, Edificio/Apartamentos",True,True,True
occupation_943004,943004,"Empleado, Edificio/Apartamentos(Limpieza)",True,True,True
occupation_943005,943005,"Encargado, Inmueble",True,True,True
occupation_943006,943006,"Guardian, Edificio",True,True,True
occupation_943007,943007,Portero-Cuidador,True,True,True
occupation_943008,943008,"Portero-Cuidador, Establecimiento Religioso",True,True,True
occupation_943009,943009,Sacristan,True,True,True
occupation_945001,945001,"Acomodador, Sala, Cine, Teatro Etc.",True,True,True
occupation_945002,945002,Anotador De Apuestas,True,True,True
occupation_945003,945003,Armador De Cajas De Carton A Mano,True,True,True
occupation_945008,945008,Cartonero A Mano,True,True,True
occupation_945009,945009,"Comprador, Vendedor Ambulante De Monedas Y Billetes",True,True,True
occupation_945010,945010,Decorador De Iglesias,True,True,True
occupation_945013,945013,Embalador A Mano Y/O Maquina,True,True,True
occupation_945014,945014,Empaquetador A Mano Y/O Maquina,True,True,True
occupation_945017,945017,Envasador A Mano O Y/O Maquina,True,True,True
occupation_945019,945019,Fotografo Ambulante,True,True,True
occupation_945020,945020,Jardinero,True,True,True
occupation_945022,945022,Mecanografos Ambulantes,True,True,True
occupation_945023,945023,"Meretrices, Prostitutas, Copetineras",True,True,True
occupation_945024,945024,Mozo De Mudanza,True,True,True
occupation_945032,945032,Pareja De Baile,True,True,True
occupation_945034,945034,Pintor De Bandas Sobre Calles Y Caminos,True,True,True
occupation_945035,945035,"Promotores De Juego En La Calle (Ajedrez, Damas, Etc.)",True,True,True
occupation_945036,945036,"Recepcionista-Acompañante, Cabaret, Club Etc.",True,True,True
occupation_945038,945038,Servicio De Alquiler De Vehiculos,True,True,True
occupation_945039,945039,"Servicio De Alquiler De Videos, Equipos De Sonido",True,True,True
occupation_945040,945040,Tinterillero,True,True,True
occupation_945041,945041,Trabajador En Ferias Y Parques Mecanicos De Diversiones,True,True,True
occupation_945042,945042,"Trabajador De Casino, Pin-Ball, Bowling, Bingo Y Salas De J",True,True,True
occupation_945043,945043,Tramitador Ambulante,True,True,True
occupation_945044,945044,Vendedores Por Telefono,True,True,True
occupation_945045,945045,Cobrador De Autos,True,True,True
occupation_951001,951001,Asensorista,True,True,True
occupation_951002,951002,Botones,True,True,True
occupation_951003,951003,"Caddie, O Porteador De Palos De Golf",True,True,True
occupation_951004,951004,"Maletero, Hotel",True,True,True
occupation_951005,951005,Mandadero,True,True,True
occupation_951006,951006,Mensajero,True,True,True
occupation_951007,951007,"Mensajero, Telegramas",True,True,True
occupation_951008,951008,Mozo De Cuerda,True,True,True
occupation_951009,951009,Repartidor,True,True,True
occupation_951010,951010,"Repartidor, Diarios",True,True,True
occupation_951011,951011,"Repartidor, Periodicos",True,True,True
occupation_952001,952001,Acomodador,True,True,True
occupation_952002,952002,"Conserje, Hotel",True,True,True
occupation_952003,952003,"Encargado, Local De Aseo",True,True,True
occupation_952004,952004,Guardian,True,True,True
occupation_952005,952005,"Guardian, Estacionamiento",True,True,True
occupation_952006,952006,"Guardian, Feria",True,True,True
occupation_952007,952007,"Guardian, Galeria De Arte",True,True,True
occupation_952008,952008,"Guardian, Guardarropa",True,True,True
occupation_952009,952009,"Guardian, Museo",True,True,True
occupation_952010,952010,"Guardian, Parque De Atracciones",True,True,True
occupation_952011,952011,"Guardian, Parques Y Jardines Publicos",True,True,True
occupation_952012,952012,"Guardian, Salon De Descanso",True,True,True
occupation_952013,952013,"Guardian, Vestuario",True,True,True
occupation_952014,952014,Portero,True,True,True
occupation_952015,952015,"Portero, Hotel",True,True,True
occupation_952016,952016,"Portero, Hotel/Vestibulo De Recepcion",True,True,True
occupation_952017,952017,Sereno,True,True,True
occupation_952018,952018,Ujier,True,True,True
occupation_952019,952019,Vigilante,True,True,True
occupation_952020,952020,"Vigilante, Horarios De Trabajo",True,True,True
occupation_952021,952021,"Vigilante, Museo",True,True,True
occupation_952022,952022,"Vigilante, Nocturno",True,True,True
occupation_953001,953001,Lector De Medidores,True,True,True
occupation_114001,114001,"Dirigente, Partido Politico",True,True,True
occupation_114002,114002,"Secretario General, Partido Politico",True,True,False
occupation_114003,114003,"Secretario, Partido Politico",True,True,False
occupation_115001,115001,"Dirigente, Organizacion De Empleadores",True,True,False
occupation_115002,115002,"Dirigente, Sindicato De Trabajadores",True,True,False
occupation_115003,115003,"Secretario General, Organizacion De Empleadores",True,True,False
occupation_115004,115004,"Secretario General, Sindicato De Trabajadores",True,True,False
occupation_116001,116001,"Dirigente, Organizacion Especializada",True,True,False
occupation_116002,116002,"Secretario General, Organizacion De Proteccion De La Fauna",True,True,False
occupation_116003,116003,"Secretario General, Organizacion De Proteccion Del Medio Am",True,True,False
occupation_999001,999001,Ocupación No Especificada.,True,True,True
